-- Generated by SQL Maestro for MySQL. Release date 03/02/2009
-- 26/06/2012 19:45:18
-- ----------------------------------
-- Alias: showmanager
-- Database name: showmanager
-- Host: localhost
-- Port number: 3306
-- User name: root
-- Server: 5.5.8
-- Session ID: 12
-- Character set: latin1
-- Collation: latin1_swedish_ci



USE `showmanager`;

/* Tables */
DROP TABLE IF EXISTS `class`;

CREATE TABLE `class` (
  ID             int AUTO_INCREMENT NOT NULL,
  `Name`         varchar(255) NOT NULL,
  `Description`  varchar(255),
  PRIMARY KEY (ID)
) ENGINE = InnoDB;

DROP TABLE IF EXISTS `defaults`;

CREATE TABLE `defaults` (
  `id`        int AUTO_INCREMENT NOT NULL,
  `ShowName`  varchar(255),
  `ShowID`    int,
  PRIMARY KEY (`id`)
) ENGINE = InnoDB;

DROP TABLE IF EXISTS `exhibition`;

CREATE TABLE `exhibition` (
  ID      int AUTO_INCREMENT NOT NULL,
  `Name`  varchar(255) NOT NULL,
  PRIMARY KEY (ID)
) ENGINE = InnoDB;

DROP TABLE IF EXISTS `exhibitionclass`;

CREATE TABLE `exhibitionclass` (
  ID                     int AUTO_INCREMENT NOT NULL,
  `ExhibitionID`         int NOT NULL,
  `ExhibitionSectionID`  int NOT NULL,
  `ClassNumber`          int NOT NULL,
  `ClassID`              int NOT NULL,
  PRIMARY KEY (ID)
) ENGINE = InnoDB;

DROP TABLE IF EXISTS `exhibitionclassprize`;

CREATE TABLE `exhibitionclassprize` (
  ID                       int AUTO_INCREMENT NOT NULL,
  `ExhibitionClassID`      int NOT NULL,
  `PrizeID`                int NOT NULL,
  `Prize`                  decimal(10,2),
  `Points`                 int,
  `ExhibitionExhibitorID`  int,
  PRIMARY KEY (ID)
) ENGINE = InnoDB;

DROP TABLE IF EXISTS `exhibitionexhibitor`;

CREATE TABLE `exhibitionexhibitor` (
  ID                 int AUTO_INCREMENT NOT NULL,
  `ExhibitionID`     int NOT NULL DEFAULT '7',
  `ExhibitorNumber`  int NOT NULL,
  `ExhibitorID`      int NOT NULL,
  PRIMARY KEY (ID)
) ENGINE = InnoDB;

DROP TABLE IF EXISTS `exhibitionsection`;

CREATE TABLE `exhibitionsection` (
  ID               int AUTO_INCREMENT NOT NULL,
  `ExhibitionID`   int NOT NULL,
  `SectionNumber`  int NOT NULL,
  `SectionID`      int NOT NULL,
  PRIMARY KEY (ID)
) ENGINE = InnoDB;

DROP TABLE IF EXISTS `exhibitiontrophyclass`;

CREATE TABLE `exhibitiontrophyclass` (
  `id`                 int AUTO_INCREMENT NOT NULL,
  `TrophyID`           int,
  `ExhibitionClassID`  int,
  PRIMARY KEY (`id`)
) ENGINE = InnoDB;

DROP TABLE IF EXISTS `exhibitor`;

CREATE TABLE `exhibitor` (
  ID          int AUTO_INCREMENT NOT NULL,
  `Surname`   varchar(255) NOT NULL,
  `Member`    tinyint(1) NOT NULL DEFAULT '0',
  `Title`     varchar(20),
  `Initials`  varchar(20),
  PRIMARY KEY (ID)
) ENGINE = InnoDB;

DROP TABLE IF EXISTS `prize`;

CREATE TABLE `prize` (
  ID        int AUTO_INCREMENT NOT NULL,
  `Name`    varchar(255) NOT NULL,
  `Prize`   decimal(10,2),
  `Points`  int,
  PRIMARY KEY (ID)
) ENGINE = InnoDB;

DROP TABLE IF EXISTS `section`;

CREATE TABLE `section` (
  ID             int AUTO_INCREMENT NOT NULL,
  `Name`         varchar(255) NOT NULL,
  `Description`  varchar(255),
  PRIMARY KEY (ID)
) ENGINE = InnoDB;

DROP TABLE IF EXISTS `sponsorship`;

CREATE TABLE `sponsorship` (
  ID                        int AUTO_INCREMENT NOT NULL,
  `Name`                    varchar(255) NOT NULL,
  `ExhibitionClassPrizeID`  int NOT NULL,
  `Prize`                   varchar(20) NOT NULL,
  PRIMARY KEY (ID)
) ENGINE = InnoDB;

DROP TABLE IF EXISTS `trophy`;

CREATE TABLE `trophy` (
  ID              int AUTO_INCREMENT NOT NULL,
  `ExhibitionID`  int NOT NULL,
  `Name`          varchar(255) NOT NULL,
  `Member`        tinyint(1) NOT NULL DEFAULT '0',
  PRIMARY KEY (ID)
) ENGINE = InnoDB;

/* Views */
DROP VIEW IF EXISTS `defaultexhibitionclass`;

CREATE DEFINER = 'root'@'localhost' VIEW `defaultexhibitionclass`
(
  ID,
  `ExhibitionID`,
  `ExhibitionSectionID`,
  `ClassNumber`,
  `ClassID`
)
AS
select 
  `exhibitionclass`.`ID` AS `ID`,
  `exhibitionclass`.`ExhibitionID` AS `ExhibitionID`,
  `exhibitionclass`.`ExhibitionSectionID` AS `ExhibitionSectionID`,
  `exhibitionclass`.`ClassNumber` AS `ClassNumber`,
  `exhibitionclass`.`ClassID` AS `ClassID` 
from (`defaults` 
  join `exhibitionclass` on
    (
      (`defaults`.`ShowID` = `exhibitionclass`.`ExhibitionID`)
    ));

DROP VIEW IF EXISTS `defaultexhibitionclassprize`;

CREATE DEFINER = 'root'@'localhost' VIEW `defaultexhibitionclassprize`
(
  ID,
  `ExhibitionClassID`,
  `PrizeID`,
  `Prize`,
  `Points`,
  `ExhibitionExhibitorID`
)
AS
select 
  `exhibitionclassprize`.`ID` AS `ID`,
  `exhibitionclassprize`.`ExhibitionClassID` AS `ExhibitionClassID`,
  `exhibitionclassprize`.`PrizeID` AS `PrizeID`,
  `exhibitionclassprize`.`Prize` AS `Prize`,
  `exhibitionclassprize`.`Points` AS `Points`,
  `exhibitionclassprize`.`ExhibitionExhibitorID` AS `ExhibitionExhibitorID` 
from `exhibitionclassprize` 
where
  `exhibitionclassprize`.`ExhibitionClassID` in (select 
    `exhibitionclass`.`ID` AS `ID` 
  from (`exhibitionclass` 
    join `defaults` on
      (
        (`defaults`.`ShowID` = `exhibitionclass`.`ExhibitionID`)
      )));

DROP VIEW IF EXISTS `defaultexhibitionexhibitor`;

CREATE DEFINER = 'root'@'localhost' VIEW `defaultexhibitionexhibitor`
(
  ID,
  `ExhibitionID`,
  `ExhibitorNumber`,
  `ExhibitorID`
)
AS
select 
  `exhibitionexhibitor`.`ID` AS `ID`,
  `exhibitionexhibitor`.`ExhibitionID` AS `ExhibitionID`,
  `exhibitionexhibitor`.`ExhibitorNumber` AS `ExhibitorNumber`,
  `exhibitionexhibitor`.`ExhibitorID` AS `ExhibitorID` 
from (`exhibitionexhibitor` 
  join `defaults` on
    (
      (`defaults`.`ShowID` = `exhibitionexhibitor`.`ExhibitionID`)
    ));

DROP VIEW IF EXISTS `defaultexhibitionsection`;

CREATE DEFINER = 'root'@'localhost' VIEW `defaultexhibitionsection`
(
  ID,
  `SectionNumber`,
  `Name`
)
AS
select 
  `exhibitionsection`.`ID` AS `ID`,
  `exhibitionsection`.`SectionNumber` AS `SectionNumber`,
  `section`.`Name` AS `Name` 
from ((`exhibitionsection` 
  join `defaults` on
    (
      (`defaults`.`ShowID` = `exhibitionsection`.`ExhibitionID`)
    )) 
  join `section` on
    (
      (`section`.`ID` = `exhibitionsection`.`SectionID`)
    ));

DROP VIEW IF EXISTS `defaultexhibitiontrophyclass`;

CREATE DEFINER = 'root'@'localhost' VIEW `defaultexhibitiontrophyclass`
(
  `id`,
  `trophyid`,
  `exhibitionclassid`
)
AS
select 
  `exhibitiontrophyclass`.`id` AS `id`,
  `exhibitiontrophyclass`.`TrophyID` AS `trophyid`,
  `exhibitiontrophyclass`.`ExhibitionClassID` AS `exhibitionclassid` 
from `exhibitiontrophyclass` 
where
  `exhibitiontrophyclass`.`ExhibitionClassID` in (select 
    `exhibitionclass`.`ID` AS `ID` 
  from (`exhibitionclass` 
    join `defaults` on
      (
        (`defaults`.`ShowID` = `exhibitionclass`.`ExhibitionID`)
      )));

DROP VIEW IF EXISTS `defaultprizefund`;

CREATE DEFINER = 'root'@'localhost' VIEW `defaultprizefund`
(
  ID,
  `Prize`,
  `Points`
)
AS
select 
  `exhibitor`.`ID` AS `ID`,
  sum(`exhibitionclassprize`.`Prize`) AS `Prize`,
  sum(`exhibitionclassprize`.`Points`) AS `Points` 
from ((((`exhibitionclass` 
  join `defaults` on
    (
      (`exhibitionclass`.`ExhibitionID` = `defaults`.`ShowID`)
    )) 
  join `exhibitionclassprize` on
    (
      (`exhibitionclass`.`ID` = `exhibitionclassprize`.`ExhibitionClassID`)
    )) 
  join `exhibitionexhibitor` on
    (
      (`exhibitionclassprize`.`ExhibitionExhibitorID` = `exhibitionexhibitor`.`ID`)
    )) 
  join `exhibitor` on
    (
      (`exhibitionexhibitor`.`ExhibitorID` = `exhibitor`.`ID`)
    )) 
group by 
  `exhibitor`.`ID`;

DROP VIEW IF EXISTS `trophyresults`;

CREATE VIEW `trophyresults`
(
  `TrophyID`,
  `ExhibitorID`,
  `Points`
)
AS
select 
  `trophy`.`ID` AS `TrophyID`,
  `exhibitionexhibitor`.`ExhibitorID` AS `ExhibitorID`,
  sum(`exhibitionclassprize`.`Points`) AS `Points` 
from (((`trophy` 
  join `exhibitiontrophyclass` on
    (
      (`trophy`.`ID` = `exhibitiontrophyclass`.`TrophyID`)
    )) 
  join `exhibitionclassprize` on
    (
      (`exhibitiontrophyclass`.`ExhibitionClassID` = `exhibitionclassprize`.`ExhibitionClassID`)
    )) 
  join `exhibitionexhibitor` on
    (
      (`exhibitionclassprize`.`ExhibitionExhibitorID` = `exhibitionexhibitor`.`ID`)
    )) 
group by 
  `trophy`.`ID`,
  `trophy`.`Name`,
  `exhibitionexhibitor`.`ExhibitorID` 
order by 
  `trophy`.`ID`,
  sum(`exhibitionclassprize`.`Points`) desc;

/* Indexes */
CREATE UNIQUE INDEX `Name`
  ON `class`
  (`Name`, `Description`);

CREATE UNIQUE INDEX `Name`
  ON `exhibition`
  (`Name`);

CREATE UNIQUE INDEX `ExhibitionID`
  ON `exhibitionclass`
  (`ExhibitionID`, `ExhibitionSectionID`, `ClassID`);

CREATE UNIQUE INDEX `ExhibitionID_2`
  ON `exhibitionclass`
  (`ExhibitionID`, `ClassNumber`);

CREATE UNIQUE INDEX `ExhibitionID`
  ON `exhibitionexhibitor`
  (`ExhibitionID`, `ExhibitorNumber`);

CREATE UNIQUE INDEX `ExhibitionID_2`
  ON `exhibitionexhibitor`
  (`ExhibitionID`, `ExhibitorID`);

CREATE UNIQUE INDEX `ExhibitionID`
  ON `exhibitionsection`
  (`ExhibitionID`, `SectionNumber`);

CREATE UNIQUE INDEX `ExhibitionID_2`
  ON `exhibitionsection`
  (`ExhibitionID`, `SectionID`);

CREATE UNIQUE INDEX `name`
  ON `exhibitor`
  (`Surname`, `Initials`, `Title`);

CREATE UNIQUE INDEX `Name`
  ON `prize`
  (`Name`);

CREATE UNIQUE INDEX `Name`
  ON `section`
  (`Name`);

CREATE UNIQUE INDEX `Name`
  ON `sponsorship`
  (`Name`);

CREATE INDEX `Name`
  ON `trophy`
  (`Name`);

CREATE UNIQUE INDEX `trophy_index01`
  ON `trophy`
  (`ExhibitionID`, `Name`);

/* Data for table "class" */
INSERT INTO `class` (ID, `Name`, `Description`) VALUES (88, '\"Football World Cup\"', 'a floral exhibit');
INSERT INTO `class` (ID, `Name`, `Description`) VALUES (55, '\"Garden Party\"', 'a floral exhibit');
INSERT INTO `class` (ID, `Name`, `Description`) VALUES (62, '1 Apple Plate Pie', 'not exceeding 9\"/23cm');
INSERT INTO `class` (ID, `Name`, `Description`) VALUES (113, '1 Cyclamineous Narc', NULL);
INSERT INTO `class` (ID, `Name`, `Description`) VALUES (111, '1 Double Daff', NULL);
INSERT INTO `class` (ID, `Name`, `Description`) VALUES (63, '1 Fruit Cake (Any Shape)', 'not exceeding 9\"/23cm');
INSERT INTO `class` (ID, `Name`, `Description`) VALUES (58, '1 Jar Jam', '1lb/500g jar as specified');
INSERT INTO `class` (ID, `Name`, `Description`) VALUES (109, '1 Large Cup Narc - White', NULL);
INSERT INTO `class` (ID, `Name`, `Description`) VALUES (108, '1 Large Cup Narc - Yellow', NULL);
INSERT INTO `class` (ID, `Name`, `Description`) VALUES (115, '1 Multi Headed', NULL);
INSERT INTO `class` (ID, `Name`, `Description`) VALUES (64, '1 Savoury Quiche or Flan', 'up to 8\"/20cm diameter');
INSERT INTO `class` (ID, `Name`, `Description`) VALUES (114, '1 Single Headed', NULL);
INSERT INTO `class` (ID, `Name`, `Description`) VALUES (110, '1 Small Cup Narc ', NULL);
INSERT INTO `class` (ID, `Name`, `Description`) VALUES (112, '1 Triandrus', NULL);
INSERT INTO `class` (ID, `Name`, `Description`) VALUES (107, '1 Trumpet Daff - White', NULL);
INSERT INTO `class` (ID, `Name`, `Description`) VALUES (106, '1 Trumpet Daff - Yellow', NULL);
INSERT INTO `class` (ID, `Name`, `Description`) VALUES (48, '1 Vegetable and 1 Flower', NULL);
INSERT INTO `class` (ID, `Name`, `Description`) VALUES (105, '3 Daffs - Multi Head', NULL);
INSERT INTO `class` (ID, `Name`, `Description`) VALUES (104, '3 Daffs - Single Head', NULL);
INSERT INTO `class` (ID, `Name`, `Description`) VALUES (103, '3 Double Daffs', NULL);
INSERT INTO `class` (ID, `Name`, `Description`) VALUES (121, '3 Flowering Shrubs', NULL);
INSERT INTO `class` (ID, `Name`, `Description`) VALUES (101, '3 Large Cup Narc - 2+ Variety', NULL);
INSERT INTO `class` (ID, `Name`, `Description`) VALUES (100, '3 Large Cup Narc - White', NULL);
INSERT INTO `class` (ID, `Name`, `Description`) VALUES (99, '3 Large Cup Narc - Yellow', NULL);
INSERT INTO `class` (ID, `Name`, `Description`) VALUES (118, '3 Polyanthus', NULL);
INSERT INTO `class` (ID, `Name`, `Description`) VALUES (159, '3 Red Tulips', NULL);
INSERT INTO `class` (ID, `Name`, `Description`) VALUES (102, '3 Small Cup Narc', NULL);
INSERT INTO `class` (ID, `Name`, `Description`) VALUES (14, '3 stems Penstemons', 'any variety');
INSERT INTO `class` (ID, `Name`, `Description`) VALUES (98, '3 Trumpet Daffs - White', NULL);
INSERT INTO `class` (ID, `Name`, `Description`) VALUES (97, '3 Trumpet Daffs - Yellow', NULL);
INSERT INTO `class` (ID, `Name`, `Description`) VALUES (117, '3 Tulips', NULL);
INSERT INTO `class` (ID, `Name`, `Description`) VALUES (160, '3 Yellow Tulips', NULL);
INSERT INTO `class` (ID, `Name`, `Description`) VALUES (119, '6 Pansies/Violas', NULL);
INSERT INTO `class` (ID, `Name`, `Description`) VALUES (78, 'A Collage', 'Age 3-6 Max Size A4');
INSERT INTO `class` (ID, `Name`, `Description`) VALUES (73, 'A Figure', 'Any Medium');
INSERT INTO `class` (ID, `Name`, `Description`) VALUES (82, 'A Fruit and/or Vegetable Monster', 'Age 3-6');
INSERT INTO `class` (ID, `Name`, `Description`) VALUES (83, 'A Fruit and/or Vegetable Monster', 'Age 7-11');
INSERT INTO `class` (ID, `Name`, `Description`) VALUES (79, 'A Garden in a Seed Tray', 'Age 7-11 Max size 38x23cm');
INSERT INTO `class` (ID, `Name`, `Description`) VALUES (74, 'A Landscape', 'Any Medium');
INSERT INTO `class` (ID, `Name`, `Description`) VALUES (85, 'A Small Vase of Flowers', 'Age 7-11');
INSERT INTO `class` (ID, `Name`, `Description`) VALUES (12, 'A vase of annuals', 'not to exceed 9 stems');
INSERT INTO `class` (ID, `Name`, `Description`) VALUES (13, 'A vase of any other flowers', 'not to exceed 9 stems');
INSERT INTO `class` (ID, `Name`, `Description`) VALUES (56, 'A Walk by the River', 'an exhibit using flowers and/or foliage');
INSERT INTO `class` (ID, `Name`, `Description`) VALUES (155, 'Airborne', NULL);
INSERT INTO `class` (ID, `Name`, `Description`) VALUES (124, 'Amaryllis', NULL);
INSERT INTO `class` (ID, `Name`, `Description`) VALUES (47, 'Any Herb', 'in pot max size 5\"');
INSERT INTO `class` (ID, `Name`, `Description`) VALUES (54, 'Any other fruit', '5');
INSERT INTO `class` (ID, `Name`, `Description`) VALUES (127, 'Any Other Pot', NULL);
INSERT INTO `class` (ID, `Name`, `Description`) VALUES (44, 'Any other vegetable', '2');
INSERT INTO `class` (ID, `Name`, `Description`) VALUES (75, 'Any Subject', 'Any Medium');
INSERT INTO `class` (ID, `Name`, `Description`) VALUES (152, 'Apple Plate Pie', NULL);
INSERT INTO `class` (ID, `Name`, `Description`) VALUES (129, 'Arrangement', NULL);
INSERT INTO `class` (ID, `Name`, `Description`) VALUES (30, 'Beetroot', '3');
INSERT INTO `class` (ID, `Name`, `Description`) VALUES (22, 'Begonias', '1 any size pot');
INSERT INTO `class` (ID, `Name`, `Description`) VALUES (156, 'BHS Outings', NULL);
INSERT INTO `class` (ID, `Name`, `Description`) VALUES (59, 'Biscuits', '5');
INSERT INTO `class` (ID, `Name`, `Description`) VALUES (50, 'Black currants', '3 strings');
INSERT INTO `class` (ID, `Name`, `Description`) VALUES (28, 'Broad Beans', '6 pods');
INSERT INTO `class` (ID, `Name`, `Description`) VALUES (31, 'Cabbages (pointed or round)', '2 x 2/4\" stalk (5/10cm)');
INSERT INTO `class` (ID, `Name`, `Description`) VALUES (142, 'Canvas Work', NULL);
INSERT INTO `class` (ID, `Name`, `Description`) VALUES (34, 'Carrots (long)', '5');
INSERT INTO `class` (ID, `Name`, `Description`) VALUES (33, 'Carrots (stump rooted)', '5');
INSERT INTO `class` (ID, `Name`, `Description`) VALUES (141, 'Carrots (stump rooted) 3', NULL);
INSERT INTO `class` (ID, `Name`, `Description`) VALUES (7, 'Clematis', '3 blooms');
INSERT INTO `class` (ID, `Name`, `Description`) VALUES (6, 'Clematis', 'one bloom');
INSERT INTO `class` (ID, `Name`, `Description`) VALUES (35, 'Courgette', '2');
INSERT INTO `class` (ID, `Name`, `Description`) VALUES (146, 'Crochet', NULL);
INSERT INTO `class` (ID, `Name`, `Description`) VALUES (69, 'Cross stich/canvas work', 'framed or unframed');
INSERT INTO `class` (ID, `Name`, `Description`) VALUES (143, 'Cross Stitch', NULL);
INSERT INTO `class` (ID, `Name`, `Description`) VALUES (151, 'Cup Cakes', NULL);
INSERT INTO `class` (ID, `Name`, `Description`) VALUES (16, 'Dahlia', 'vase of 1 stem');
INSERT INTO `class` (ID, `Name`, `Description`) VALUES (133, 'Decorated Plant Pot', NULL);
INSERT INTO `class` (ID, `Name`, `Description`) VALUES (135, 'Decorated Plant Pot 3/6', NULL);
INSERT INTO `class` (ID, `Name`, `Description`) VALUES (138, 'Decorated Plant Pot 7/11', NULL);
INSERT INTO `class` (ID, `Name`, `Description`) VALUES (134, 'Decorated Wooden Spoon', NULL);
INSERT INTO `class` (ID, `Name`, `Description`) VALUES (57, 'Display In A Watering Can', 'a floral/foliage exhibit');
INSERT INTO `class` (ID, `Name`, `Description`) VALUES (29, 'Dwarf Beans', '6 pods');
INSERT INTO `class` (ID, `Name`, `Description`) VALUES (70, 'Embroidery/lace', 'Max size overall 24\"/60cm x18\"/45cm');
INSERT INTO `class` (ID, `Name`, `Description`) VALUES (86, 'Embroidery/Needlework/Textiles', 'Age 7-11');
INSERT INTO `class` (ID, `Name`, `Description`) VALUES (157, 'Favourite Flower', NULL);
INSERT INTO `class` (ID, `Name`, `Description`) VALUES (95, 'Finger Puppet', NULL);
INSERT INTO `class` (ID, `Name`, `Description`) VALUES (96, 'Finger Puppet', 'Age 3-6');
INSERT INTO `class` (ID, `Name`, `Description`) VALUES (90, 'Floating Heads', 'a floral exhibit');
INSERT INTO `class` (ID, `Name`, `Description`) VALUES (132, 'Floral Greeting Card 3/6', NULL);
INSERT INTO `class` (ID, `Name`, `Description`) VALUES (137, 'Floral Greetings Card 7/11', NULL);
INSERT INTO `class` (ID, `Name`, `Description`) VALUES (25, 'Flowering Plant', '1 any size pot (not in own class)');
INSERT INTO `class` (ID, `Name`, `Description`) VALUES (15, 'Flowering Shrub(s)', 'vase of 3 stems');
INSERT INTO `class` (ID, `Name`, `Description`) VALUES (66, 'Flowers', NULL);
INSERT INTO `class` (ID, `Name`, `Description`) VALUES (26, 'Foliage Plant', '1 any size pot');
INSERT INTO `class` (ID, `Name`, `Description`) VALUES (153, 'Fruit Cake', NULL);
INSERT INTO `class` (ID, `Name`, `Description`) VALUES (20, 'Fuchsias', '1 bush/shrub type pot max 6\"/15cm');
INSERT INTO `class` (ID, `Name`, `Description`) VALUES (19, 'Fuchsias', '1 bush/shrub type pot max 8\"/20cm');
INSERT INTO `class` (ID, `Name`, `Description`) VALUES (18, 'Fuchsias', '1 double any size pot');
INSERT INTO `class` (ID, `Name`, `Description`) VALUES (17, 'Fuchsias', '1 trailing any size pot');
INSERT INTO `class` (ID, `Name`, `Description`) VALUES (93, 'Fun in the Snow', NULL);
INSERT INTO `class` (ID, `Name`, `Description`) VALUES (164, 'Garden Flower Arrangement', NULL);
INSERT INTO `class` (ID, `Name`, `Description`) VALUES (136, 'Garden in a Seed Tray 7/11', NULL);
INSERT INTO `class` (ID, `Name`, `Description`) VALUES (24, 'Geranium', '1 any size pot');
INSERT INTO `class` (ID, `Name`, `Description`) VALUES (147, 'Gooseberries', NULL);
INSERT INTO `class` (ID, `Name`, `Description`) VALUES (80, 'Greetings Card', 'Age 3-6 Max Size A5');
INSERT INTO `class` (ID, `Name`, `Description`) VALUES (81, 'Greetings Card', 'Age 7-11 Max Size A5');
INSERT INTO `class` (ID, `Name`, `Description`) VALUES (77, 'Greetings Card', 'Max Size A5');
INSERT INTO `class` (ID, `Name`, `Description`) VALUES (87, 'Hanging basket', '(max size 12\"/30cm wire or plastic)');
INSERT INTO `class` (ID, `Name`, `Description`) VALUES (76, 'Hobby Exhibit', 'not included in any other class');
INSERT INTO `class` (ID, `Name`, `Description`) VALUES (161, 'Hyacinths', NULL);
INSERT INTO `class` (ID, `Name`, `Description`) VALUES (162, 'Irises', NULL);
INSERT INTO `class` (ID, `Name`, `Description`) VALUES (150, 'Jar Jam', NULL);
INSERT INTO `class` (ID, `Name`, `Description`) VALUES (145, 'Knitting', NULL);
INSERT INTO `class` (ID, `Name`, `Description`) VALUES (71, 'Knitting/crochet', 'state if own design');
INSERT INTO `class` (ID, `Name`, `Description`) VALUES (144, 'Lace', NULL);
INSERT INTO `class` (ID, `Name`, `Description`) VALUES (36, 'Lettuce (cabbage)', '2');
INSERT INTO `class` (ID, `Name`, `Description`) VALUES (37, 'Lettuce (other)', '2');
INSERT INTO `class` (ID, `Name`, `Description`) VALUES (149, 'Miniature', NULL);
INSERT INTO `class` (ID, `Name`, `Description`) VALUES (89, 'Monochrome', 'exhibit using flowers of one colour');
INSERT INTO `class` (ID, `Name`, `Description`) VALUES (39, 'Onions (grown from sets)', '6');
INSERT INTO `class` (ID, `Name`, `Description`) VALUES (84, 'Painted Stone', 'Age 3-6');
INSERT INTO `class` (ID, `Name`, `Description`) VALUES (3, 'Pansies', '4 blooms');
INSERT INTO `class` (ID, `Name`, `Description`) VALUES (21, 'Patio Pot', '12\"/30cm across; any type; any shape');
INSERT INTO `class` (ID, `Name`, `Description`) VALUES (40, 'Peas', '6 pods');
INSERT INTO `class` (ID, `Name`, `Description`) VALUES (140, 'Photo of my Pet', NULL);
INSERT INTO `class` (ID, `Name`, `Description`) VALUES (4, 'Pinks', '4 blooms');
INSERT INTO `class` (ID, `Name`, `Description`) VALUES (163, 'Pot Alpine', NULL);
INSERT INTO `class` (ID, `Name`, `Description`) VALUES (123, 'Pot Any Bulb', NULL);
INSERT INTO `class` (ID, `Name`, `Description`) VALUES (122, 'Pot Daffs/Narc', NULL);
INSERT INTO `class` (ID, `Name`, `Description`) VALUES (126, 'Pot Foliage', NULL);
INSERT INTO `class` (ID, `Name`, `Description`) VALUES (125, 'Pot Primula', NULL);
INSERT INTO `class` (ID, `Name`, `Description`) VALUES (128, 'Pot Succulents/Cacti', NULL);
INSERT INTO `class` (ID, `Name`, `Description`) VALUES (41, 'Potatoes', '5 of any variety');
INSERT INTO `class` (ID, `Name`, `Description`) VALUES (32, 'Radishes', '5 untrimmed');
INSERT INTO `class` (ID, `Name`, `Description`) VALUES (52, 'Raspberries', '6 with calyx');
INSERT INTO `class` (ID, `Name`, `Description`) VALUES (51, 'Redcurrants', '3 strings');
INSERT INTO `class` (ID, `Name`, `Description`) VALUES (23, 'Regal Pelargonium', '1 any size pot');
INSERT INTO `class` (ID, `Name`, `Description`) VALUES (45, 'Rhubarb', '5 sticks minus leaves');
INSERT INTO `class` (ID, `Name`, `Description`) VALUES (8, 'Roses', '3 blooms H.T. of one cultivar');
INSERT INTO `class` (ID, `Name`, `Description`) VALUES (9, 'Roses', '3 blooms H.T. of two or more cultivars');
INSERT INTO `class` (ID, `Name`, `Description`) VALUES (10, 'Roses', '3 stems floribunda type');
INSERT INTO `class` (ID, `Name`, `Description`) VALUES (11, 'Roses', 'one specimen type');
INSERT INTO `class` (ID, `Name`, `Description`) VALUES (154, 'Savoury Quiche', NULL);
INSERT INTO `class` (ID, `Name`, `Description`) VALUES (60, 'Scones (plain)', '5');
INSERT INTO `class` (ID, `Name`, `Description`) VALUES (43, 'Shallots (over 30mm)', '9');
INSERT INTO `class` (ID, `Name`, `Description`) VALUES (42, 'Shallots (under 30mm)', '9');
INSERT INTO `class` (ID, `Name`, `Description`) VALUES (5, 'Small Flowers', '6 blooms (not to sxceed size of £2 coin)');
INSERT INTO `class` (ID, `Name`, `Description`) VALUES (139, 'Small Vase of Flowers 7/11', NULL);
INSERT INTO `class` (ID, `Name`, `Description`) VALUES (116, 'Society Bulb', NULL);
INSERT INTO `class` (ID, `Name`, `Description`) VALUES (148, 'Somewhere over the rainbow', NULL);
INSERT INTO `class` (ID, `Name`, `Description`) VALUES (120, 'Spring Flowers', NULL);
INSERT INTO `class` (ID, `Name`, `Description`) VALUES (38, 'Spring Onions', '6 untrimmed');
INSERT INTO `class` (ID, `Name`, `Description`) VALUES (72, 'Still Life', 'Any Medium');
INSERT INTO `class` (ID, `Name`, `Description`) VALUES (53, 'Strawberries', '6 with calyx');
INSERT INTO `class` (ID, `Name`, `Description`) VALUES (27, 'Succulents or cacti', 'in any size pot');
INSERT INTO `class` (ID, `Name`, `Description`) VALUES (1, 'Sweet Peas', '3 x one cultivars');
INSERT INTO `class` (ID, `Name`, `Description`) VALUES (2, 'Sweet Peas', '6 x two or more cultivars');
INSERT INTO `class` (ID, `Name`, `Description`) VALUES (92, 'Textures', NULL);
INSERT INTO `class` (ID, `Name`, `Description`) VALUES (46, 'Tomatoes', '3 with calyx');
INSERT INTO `class` (ID, `Name`, `Description`) VALUES (91, 'Transport', NULL);
INSERT INTO `class` (ID, `Name`, `Description`) VALUES (94, 'Trees/Shrubs in Flower', NULL);
INSERT INTO `class` (ID, `Name`, `Description`) VALUES (49, 'Two different fresh culinary herbs', '1 vase max 3\"/7.5cm diam');
INSERT INTO `class` (ID, `Name`, `Description`) VALUES (130, 'Vase of annuals', NULL);
INSERT INTO `class` (ID, `Name`, `Description`) VALUES (131, 'Vase of any other flowers', NULL);
INSERT INTO `class` (ID, `Name`, `Description`) VALUES (61, 'Victoria Jam Sandwich', '7.5\"/18cm diameter approx');
INSERT INTO `class` (ID, `Name`, `Description`) VALUES (65, 'Water', NULL);
INSERT INTO `class` (ID, `Name`, `Description`) VALUES (158, 'Winter Colour in the Garden', NULL);
INSERT INTO `class` (ID, `Name`, `Description`) VALUES (68, 'Winter Scene', NULL);
INSERT INTO `class` (ID, `Name`, `Description`) VALUES (67, 'Young Animals or Birds', 'eg. puppies, kittens');
COMMIT;


/* Data for table "defaults" */
INSERT INTO `defaults` (`id`, `ShowName`, `ShowID`) VALUES (5, 'bhs', 9);
COMMIT;


/* Data for table "exhibition" */
INSERT INTO `exhibition` (ID, `Name`) VALUES (2, 'Spring Show 2009');
INSERT INTO `exhibition` (ID, `Name`) VALUES (4, 'Spring show 2010');
INSERT INTO `exhibition` (ID, `Name`) VALUES (6, 'Spring Show 2011');
INSERT INTO `exhibition` (ID, `Name`) VALUES (8, 'Spring Show 2012');
INSERT INTO `exhibition` (ID, `Name`) VALUES (1, 'Summer Show 2008');
INSERT INTO `exhibition` (ID, `Name`) VALUES (3, 'Summer Show 2009');
INSERT INTO `exhibition` (ID, `Name`) VALUES (5, 'Summer Show 2010');
INSERT INTO `exhibition` (ID, `Name`) VALUES (7, 'Summer Show 2011');
INSERT INTO `exhibition` (ID, `Name`) VALUES (9, 'Summer Show 2012');
COMMIT;


/* Data for table "exhibitionclass" */
INSERT INTO `exhibitionclass` (ID, `ExhibitionID`, `ExhibitionSectionID`, `ClassNumber`, `ClassID`) VALUES (1, 3, 1, 1, 1);
INSERT INTO `exhibitionclass` (ID, `ExhibitionID`, `ExhibitionSectionID`, `ClassNumber`, `ClassID`) VALUES (2, 3, 1, 2, 2);
INSERT INTO `exhibitionclass` (ID, `ExhibitionID`, `ExhibitionSectionID`, `ClassNumber`, `ClassID`) VALUES (3, 3, 1, 3, 3);
INSERT INTO `exhibitionclass` (ID, `ExhibitionID`, `ExhibitionSectionID`, `ClassNumber`, `ClassID`) VALUES (4, 3, 1, 4, 4);
INSERT INTO `exhibitionclass` (ID, `ExhibitionID`, `ExhibitionSectionID`, `ClassNumber`, `ClassID`) VALUES (5, 3, 1, 5, 5);
INSERT INTO `exhibitionclass` (ID, `ExhibitionID`, `ExhibitionSectionID`, `ClassNumber`, `ClassID`) VALUES (6, 3, 1, 6, 6);
INSERT INTO `exhibitionclass` (ID, `ExhibitionID`, `ExhibitionSectionID`, `ClassNumber`, `ClassID`) VALUES (7, 3, 1, 7, 7);
INSERT INTO `exhibitionclass` (ID, `ExhibitionID`, `ExhibitionSectionID`, `ClassNumber`, `ClassID`) VALUES (8, 3, 1, 8, 8);
INSERT INTO `exhibitionclass` (ID, `ExhibitionID`, `ExhibitionSectionID`, `ClassNumber`, `ClassID`) VALUES (9, 3, 1, 9, 9);
INSERT INTO `exhibitionclass` (ID, `ExhibitionID`, `ExhibitionSectionID`, `ClassNumber`, `ClassID`) VALUES (10, 3, 1, 10, 10);
INSERT INTO `exhibitionclass` (ID, `ExhibitionID`, `ExhibitionSectionID`, `ClassNumber`, `ClassID`) VALUES (11, 3, 1, 11, 11);
INSERT INTO `exhibitionclass` (ID, `ExhibitionID`, `ExhibitionSectionID`, `ClassNumber`, `ClassID`) VALUES (12, 3, 1, 12, 12);
INSERT INTO `exhibitionclass` (ID, `ExhibitionID`, `ExhibitionSectionID`, `ClassNumber`, `ClassID`) VALUES (13, 3, 1, 13, 13);
INSERT INTO `exhibitionclass` (ID, `ExhibitionID`, `ExhibitionSectionID`, `ClassNumber`, `ClassID`) VALUES (14, 3, 1, 14, 14);
INSERT INTO `exhibitionclass` (ID, `ExhibitionID`, `ExhibitionSectionID`, `ClassNumber`, `ClassID`) VALUES (15, 3, 1, 15, 15);
INSERT INTO `exhibitionclass` (ID, `ExhibitionID`, `ExhibitionSectionID`, `ClassNumber`, `ClassID`) VALUES (16, 3, 1, 16, 16);
INSERT INTO `exhibitionclass` (ID, `ExhibitionID`, `ExhibitionSectionID`, `ClassNumber`, `ClassID`) VALUES (17, 3, 2, 17, 17);
INSERT INTO `exhibitionclass` (ID, `ExhibitionID`, `ExhibitionSectionID`, `ClassNumber`, `ClassID`) VALUES (18, 3, 2, 18, 18);
INSERT INTO `exhibitionclass` (ID, `ExhibitionID`, `ExhibitionSectionID`, `ClassNumber`, `ClassID`) VALUES (19, 3, 2, 19, 19);
INSERT INTO `exhibitionclass` (ID, `ExhibitionID`, `ExhibitionSectionID`, `ClassNumber`, `ClassID`) VALUES (20, 3, 2, 20, 20);
INSERT INTO `exhibitionclass` (ID, `ExhibitionID`, `ExhibitionSectionID`, `ClassNumber`, `ClassID`) VALUES (21, 3, 2, 21, 21);
INSERT INTO `exhibitionclass` (ID, `ExhibitionID`, `ExhibitionSectionID`, `ClassNumber`, `ClassID`) VALUES (22, 3, 2, 22, 22);
INSERT INTO `exhibitionclass` (ID, `ExhibitionID`, `ExhibitionSectionID`, `ClassNumber`, `ClassID`) VALUES (23, 3, 2, 23, 23);
INSERT INTO `exhibitionclass` (ID, `ExhibitionID`, `ExhibitionSectionID`, `ClassNumber`, `ClassID`) VALUES (24, 3, 2, 24, 24);
INSERT INTO `exhibitionclass` (ID, `ExhibitionID`, `ExhibitionSectionID`, `ClassNumber`, `ClassID`) VALUES (25, 3, 2, 25, 25);
INSERT INTO `exhibitionclass` (ID, `ExhibitionID`, `ExhibitionSectionID`, `ClassNumber`, `ClassID`) VALUES (26, 3, 2, 26, 26);
INSERT INTO `exhibitionclass` (ID, `ExhibitionID`, `ExhibitionSectionID`, `ClassNumber`, `ClassID`) VALUES (27, 3, 2, 27, 27);
INSERT INTO `exhibitionclass` (ID, `ExhibitionID`, `ExhibitionSectionID`, `ClassNumber`, `ClassID`) VALUES (28, 3, 3, 29, 28);
INSERT INTO `exhibitionclass` (ID, `ExhibitionID`, `ExhibitionSectionID`, `ClassNumber`, `ClassID`) VALUES (29, 3, 3, 30, 29);
INSERT INTO `exhibitionclass` (ID, `ExhibitionID`, `ExhibitionSectionID`, `ClassNumber`, `ClassID`) VALUES (30, 3, 3, 31, 30);
INSERT INTO `exhibitionclass` (ID, `ExhibitionID`, `ExhibitionSectionID`, `ClassNumber`, `ClassID`) VALUES (31, 3, 3, 32, 31);
INSERT INTO `exhibitionclass` (ID, `ExhibitionID`, `ExhibitionSectionID`, `ClassNumber`, `ClassID`) VALUES (32, 3, 3, 33, 32);
INSERT INTO `exhibitionclass` (ID, `ExhibitionID`, `ExhibitionSectionID`, `ClassNumber`, `ClassID`) VALUES (33, 3, 3, 34, 33);
INSERT INTO `exhibitionclass` (ID, `ExhibitionID`, `ExhibitionSectionID`, `ClassNumber`, `ClassID`) VALUES (34, 3, 3, 35, 34);
INSERT INTO `exhibitionclass` (ID, `ExhibitionID`, `ExhibitionSectionID`, `ClassNumber`, `ClassID`) VALUES (35, 3, 3, 36, 35);
INSERT INTO `exhibitionclass` (ID, `ExhibitionID`, `ExhibitionSectionID`, `ClassNumber`, `ClassID`) VALUES (36, 3, 3, 37, 36);
INSERT INTO `exhibitionclass` (ID, `ExhibitionID`, `ExhibitionSectionID`, `ClassNumber`, `ClassID`) VALUES (37, 3, 3, 38, 37);
INSERT INTO `exhibitionclass` (ID, `ExhibitionID`, `ExhibitionSectionID`, `ClassNumber`, `ClassID`) VALUES (38, 3, 3, 39, 38);
INSERT INTO `exhibitionclass` (ID, `ExhibitionID`, `ExhibitionSectionID`, `ClassNumber`, `ClassID`) VALUES (39, 3, 3, 40, 39);
INSERT INTO `exhibitionclass` (ID, `ExhibitionID`, `ExhibitionSectionID`, `ClassNumber`, `ClassID`) VALUES (40, 3, 3, 41, 40);
INSERT INTO `exhibitionclass` (ID, `ExhibitionID`, `ExhibitionSectionID`, `ClassNumber`, `ClassID`) VALUES (41, 3, 3, 42, 41);
INSERT INTO `exhibitionclass` (ID, `ExhibitionID`, `ExhibitionSectionID`, `ClassNumber`, `ClassID`) VALUES (42, 3, 3, 43, 42);
INSERT INTO `exhibitionclass` (ID, `ExhibitionID`, `ExhibitionSectionID`, `ClassNumber`, `ClassID`) VALUES (43, 3, 3, 44, 43);
INSERT INTO `exhibitionclass` (ID, `ExhibitionID`, `ExhibitionSectionID`, `ClassNumber`, `ClassID`) VALUES (44, 3, 3, 45, 44);
INSERT INTO `exhibitionclass` (ID, `ExhibitionID`, `ExhibitionSectionID`, `ClassNumber`, `ClassID`) VALUES (45, 3, 3, 46, 45);
INSERT INTO `exhibitionclass` (ID, `ExhibitionID`, `ExhibitionSectionID`, `ClassNumber`, `ClassID`) VALUES (46, 3, 3, 47, 46);
INSERT INTO `exhibitionclass` (ID, `ExhibitionID`, `ExhibitionSectionID`, `ClassNumber`, `ClassID`) VALUES (47, 3, 3, 48, 47);
INSERT INTO `exhibitionclass` (ID, `ExhibitionID`, `ExhibitionSectionID`, `ClassNumber`, `ClassID`) VALUES (48, 3, 3, 49, 48);
INSERT INTO `exhibitionclass` (ID, `ExhibitionID`, `ExhibitionSectionID`, `ClassNumber`, `ClassID`) VALUES (49, 3, 3, 50, 49);
INSERT INTO `exhibitionclass` (ID, `ExhibitionID`, `ExhibitionSectionID`, `ClassNumber`, `ClassID`) VALUES (50, 3, 4, 51, 50);
INSERT INTO `exhibitionclass` (ID, `ExhibitionID`, `ExhibitionSectionID`, `ClassNumber`, `ClassID`) VALUES (51, 3, 4, 52, 51);
INSERT INTO `exhibitionclass` (ID, `ExhibitionID`, `ExhibitionSectionID`, `ClassNumber`, `ClassID`) VALUES (52, 3, 4, 53, 52);
INSERT INTO `exhibitionclass` (ID, `ExhibitionID`, `ExhibitionSectionID`, `ClassNumber`, `ClassID`) VALUES (53, 3, 4, 54, 53);
INSERT INTO `exhibitionclass` (ID, `ExhibitionID`, `ExhibitionSectionID`, `ClassNumber`, `ClassID`) VALUES (54, 3, 4, 55, 54);
INSERT INTO `exhibitionclass` (ID, `ExhibitionID`, `ExhibitionSectionID`, `ClassNumber`, `ClassID`) VALUES (55, 3, 5, 56, 55);
INSERT INTO `exhibitionclass` (ID, `ExhibitionID`, `ExhibitionSectionID`, `ClassNumber`, `ClassID`) VALUES (56, 3, 5, 57, 56);
INSERT INTO `exhibitionclass` (ID, `ExhibitionID`, `ExhibitionSectionID`, `ClassNumber`, `ClassID`) VALUES (57, 3, 5, 58, 57);
INSERT INTO `exhibitionclass` (ID, `ExhibitionID`, `ExhibitionSectionID`, `ClassNumber`, `ClassID`) VALUES (58, 3, 6, 59, 58);
INSERT INTO `exhibitionclass` (ID, `ExhibitionID`, `ExhibitionSectionID`, `ClassNumber`, `ClassID`) VALUES (59, 3, 6, 60, 59);
INSERT INTO `exhibitionclass` (ID, `ExhibitionID`, `ExhibitionSectionID`, `ClassNumber`, `ClassID`) VALUES (60, 3, 6, 61, 60);
INSERT INTO `exhibitionclass` (ID, `ExhibitionID`, `ExhibitionSectionID`, `ClassNumber`, `ClassID`) VALUES (61, 3, 6, 62, 61);
INSERT INTO `exhibitionclass` (ID, `ExhibitionID`, `ExhibitionSectionID`, `ClassNumber`, `ClassID`) VALUES (62, 3, 6, 63, 62);
INSERT INTO `exhibitionclass` (ID, `ExhibitionID`, `ExhibitionSectionID`, `ClassNumber`, `ClassID`) VALUES (63, 3, 6, 64, 63);
INSERT INTO `exhibitionclass` (ID, `ExhibitionID`, `ExhibitionSectionID`, `ClassNumber`, `ClassID`) VALUES (64, 3, 6, 65, 64);
INSERT INTO `exhibitionclass` (ID, `ExhibitionID`, `ExhibitionSectionID`, `ClassNumber`, `ClassID`) VALUES (65, 3, 7, 66, 65);
INSERT INTO `exhibitionclass` (ID, `ExhibitionID`, `ExhibitionSectionID`, `ClassNumber`, `ClassID`) VALUES (66, 3, 7, 67, 66);
INSERT INTO `exhibitionclass` (ID, `ExhibitionID`, `ExhibitionSectionID`, `ClassNumber`, `ClassID`) VALUES (67, 3, 7, 68, 67);
INSERT INTO `exhibitionclass` (ID, `ExhibitionID`, `ExhibitionSectionID`, `ClassNumber`, `ClassID`) VALUES (68, 3, 7, 69, 68);
INSERT INTO `exhibitionclass` (ID, `ExhibitionID`, `ExhibitionSectionID`, `ClassNumber`, `ClassID`) VALUES (69, 3, 8, 70, 72);
INSERT INTO `exhibitionclass` (ID, `ExhibitionID`, `ExhibitionSectionID`, `ClassNumber`, `ClassID`) VALUES (70, 3, 8, 71, 73);
INSERT INTO `exhibitionclass` (ID, `ExhibitionID`, `ExhibitionSectionID`, `ClassNumber`, `ClassID`) VALUES (71, 3, 8, 72, 74);
INSERT INTO `exhibitionclass` (ID, `ExhibitionID`, `ExhibitionSectionID`, `ClassNumber`, `ClassID`) VALUES (72, 3, 8, 73, 75);
INSERT INTO `exhibitionclass` (ID, `ExhibitionID`, `ExhibitionSectionID`, `ClassNumber`, `ClassID`) VALUES (73, 3, 9, 74, 69);
INSERT INTO `exhibitionclass` (ID, `ExhibitionID`, `ExhibitionSectionID`, `ClassNumber`, `ClassID`) VALUES (74, 3, 9, 75, 70);
INSERT INTO `exhibitionclass` (ID, `ExhibitionID`, `ExhibitionSectionID`, `ClassNumber`, `ClassID`) VALUES (75, 3, 9, 76, 71);
INSERT INTO `exhibitionclass` (ID, `ExhibitionID`, `ExhibitionSectionID`, `ClassNumber`, `ClassID`) VALUES (76, 3, 9, 77, 76);
INSERT INTO `exhibitionclass` (ID, `ExhibitionID`, `ExhibitionSectionID`, `ClassNumber`, `ClassID`) VALUES (77, 3, 9, 78, 77);
INSERT INTO `exhibitionclass` (ID, `ExhibitionID`, `ExhibitionSectionID`, `ClassNumber`, `ClassID`) VALUES (78, 3, 10, 79, 78);
INSERT INTO `exhibitionclass` (ID, `ExhibitionID`, `ExhibitionSectionID`, `ClassNumber`, `ClassID`) VALUES (79, 3, 10, 80, 79);
INSERT INTO `exhibitionclass` (ID, `ExhibitionID`, `ExhibitionSectionID`, `ClassNumber`, `ClassID`) VALUES (80, 3, 10, 81, 80);
INSERT INTO `exhibitionclass` (ID, `ExhibitionID`, `ExhibitionSectionID`, `ClassNumber`, `ClassID`) VALUES (81, 3, 10, 82, 81);
INSERT INTO `exhibitionclass` (ID, `ExhibitionID`, `ExhibitionSectionID`, `ClassNumber`, `ClassID`) VALUES (82, 3, 10, 83, 82);
INSERT INTO `exhibitionclass` (ID, `ExhibitionID`, `ExhibitionSectionID`, `ClassNumber`, `ClassID`) VALUES (83, 3, 10, 84, 83);
INSERT INTO `exhibitionclass` (ID, `ExhibitionID`, `ExhibitionSectionID`, `ClassNumber`, `ClassID`) VALUES (84, 3, 10, 85, 84);
INSERT INTO `exhibitionclass` (ID, `ExhibitionID`, `ExhibitionSectionID`, `ClassNumber`, `ClassID`) VALUES (85, 3, 10, 86, 85);
INSERT INTO `exhibitionclass` (ID, `ExhibitionID`, `ExhibitionSectionID`, `ClassNumber`, `ClassID`) VALUES (86, 3, 10, 87, 86);
INSERT INTO `exhibitionclass` (ID, `ExhibitionID`, `ExhibitionSectionID`, `ClassNumber`, `ClassID`) VALUES (87, 5, 12, 1, 1);
INSERT INTO `exhibitionclass` (ID, `ExhibitionID`, `ExhibitionSectionID`, `ClassNumber`, `ClassID`) VALUES (88, 5, 12, 2, 2);
INSERT INTO `exhibitionclass` (ID, `ExhibitionID`, `ExhibitionSectionID`, `ClassNumber`, `ClassID`) VALUES (89, 5, 12, 3, 3);
INSERT INTO `exhibitionclass` (ID, `ExhibitionID`, `ExhibitionSectionID`, `ClassNumber`, `ClassID`) VALUES (90, 5, 12, 4, 4);
INSERT INTO `exhibitionclass` (ID, `ExhibitionID`, `ExhibitionSectionID`, `ClassNumber`, `ClassID`) VALUES (91, 5, 12, 5, 5);
INSERT INTO `exhibitionclass` (ID, `ExhibitionID`, `ExhibitionSectionID`, `ClassNumber`, `ClassID`) VALUES (92, 5, 12, 6, 6);
INSERT INTO `exhibitionclass` (ID, `ExhibitionID`, `ExhibitionSectionID`, `ClassNumber`, `ClassID`) VALUES (93, 5, 12, 7, 7);
INSERT INTO `exhibitionclass` (ID, `ExhibitionID`, `ExhibitionSectionID`, `ClassNumber`, `ClassID`) VALUES (94, 5, 12, 8, 8);
INSERT INTO `exhibitionclass` (ID, `ExhibitionID`, `ExhibitionSectionID`, `ClassNumber`, `ClassID`) VALUES (95, 5, 12, 9, 9);
INSERT INTO `exhibitionclass` (ID, `ExhibitionID`, `ExhibitionSectionID`, `ClassNumber`, `ClassID`) VALUES (96, 5, 12, 10, 10);
INSERT INTO `exhibitionclass` (ID, `ExhibitionID`, `ExhibitionSectionID`, `ClassNumber`, `ClassID`) VALUES (97, 2, 11, 1, 55);
INSERT INTO `exhibitionclass` (ID, `ExhibitionID`, `ExhibitionSectionID`, `ClassNumber`, `ClassID`) VALUES (98, 5, 12, 11, 11);
INSERT INTO `exhibitionclass` (ID, `ExhibitionID`, `ExhibitionSectionID`, `ClassNumber`, `ClassID`) VALUES (99, 5, 12, 12, 12);
INSERT INTO `exhibitionclass` (ID, `ExhibitionID`, `ExhibitionSectionID`, `ClassNumber`, `ClassID`) VALUES (100, 5, 12, 13, 13);
INSERT INTO `exhibitionclass` (ID, `ExhibitionID`, `ExhibitionSectionID`, `ClassNumber`, `ClassID`) VALUES (101, 5, 12, 14, 14);
INSERT INTO `exhibitionclass` (ID, `ExhibitionID`, `ExhibitionSectionID`, `ClassNumber`, `ClassID`) VALUES (102, 5, 12, 15, 15);
INSERT INTO `exhibitionclass` (ID, `ExhibitionID`, `ExhibitionSectionID`, `ClassNumber`, `ClassID`) VALUES (103, 5, 12, 16, 16);
INSERT INTO `exhibitionclass` (ID, `ExhibitionID`, `ExhibitionSectionID`, `ClassNumber`, `ClassID`) VALUES (104, 5, 13, 17, 17);
INSERT INTO `exhibitionclass` (ID, `ExhibitionID`, `ExhibitionSectionID`, `ClassNumber`, `ClassID`) VALUES (105, 5, 13, 18, 18);
INSERT INTO `exhibitionclass` (ID, `ExhibitionID`, `ExhibitionSectionID`, `ClassNumber`, `ClassID`) VALUES (106, 5, 13, 19, 19);
INSERT INTO `exhibitionclass` (ID, `ExhibitionID`, `ExhibitionSectionID`, `ClassNumber`, `ClassID`) VALUES (107, 5, 13, 20, 20);
INSERT INTO `exhibitionclass` (ID, `ExhibitionID`, `ExhibitionSectionID`, `ClassNumber`, `ClassID`) VALUES (108, 5, 13, 21, 21);
INSERT INTO `exhibitionclass` (ID, `ExhibitionID`, `ExhibitionSectionID`, `ClassNumber`, `ClassID`) VALUES (109, 5, 13, 22, 22);
INSERT INTO `exhibitionclass` (ID, `ExhibitionID`, `ExhibitionSectionID`, `ClassNumber`, `ClassID`) VALUES (110, 5, 13, 23, 23);
INSERT INTO `exhibitionclass` (ID, `ExhibitionID`, `ExhibitionSectionID`, `ClassNumber`, `ClassID`) VALUES (111, 5, 13, 24, 24);
INSERT INTO `exhibitionclass` (ID, `ExhibitionID`, `ExhibitionSectionID`, `ClassNumber`, `ClassID`) VALUES (112, 5, 13, 25, 25);
INSERT INTO `exhibitionclass` (ID, `ExhibitionID`, `ExhibitionSectionID`, `ClassNumber`, `ClassID`) VALUES (113, 5, 13, 26, 26);
INSERT INTO `exhibitionclass` (ID, `ExhibitionID`, `ExhibitionSectionID`, `ClassNumber`, `ClassID`) VALUES (114, 5, 13, 27, 27);
INSERT INTO `exhibitionclass` (ID, `ExhibitionID`, `ExhibitionSectionID`, `ClassNumber`, `ClassID`) VALUES (115, 5, 13, 28, 87);
INSERT INTO `exhibitionclass` (ID, `ExhibitionID`, `ExhibitionSectionID`, `ClassNumber`, `ClassID`) VALUES (116, 5, 14, 29, 28);
INSERT INTO `exhibitionclass` (ID, `ExhibitionID`, `ExhibitionSectionID`, `ClassNumber`, `ClassID`) VALUES (117, 5, 14, 30, 29);
INSERT INTO `exhibitionclass` (ID, `ExhibitionID`, `ExhibitionSectionID`, `ClassNumber`, `ClassID`) VALUES (118, 5, 14, 31, 30);
INSERT INTO `exhibitionclass` (ID, `ExhibitionID`, `ExhibitionSectionID`, `ClassNumber`, `ClassID`) VALUES (119, 5, 14, 32, 31);
INSERT INTO `exhibitionclass` (ID, `ExhibitionID`, `ExhibitionSectionID`, `ClassNumber`, `ClassID`) VALUES (120, 5, 14, 33, 32);
INSERT INTO `exhibitionclass` (ID, `ExhibitionID`, `ExhibitionSectionID`, `ClassNumber`, `ClassID`) VALUES (121, 5, 14, 34, 33);
INSERT INTO `exhibitionclass` (ID, `ExhibitionID`, `ExhibitionSectionID`, `ClassNumber`, `ClassID`) VALUES (122, 5, 14, 35, 34);
INSERT INTO `exhibitionclass` (ID, `ExhibitionID`, `ExhibitionSectionID`, `ClassNumber`, `ClassID`) VALUES (123, 5, 14, 36, 35);
INSERT INTO `exhibitionclass` (ID, `ExhibitionID`, `ExhibitionSectionID`, `ClassNumber`, `ClassID`) VALUES (124, 5, 14, 37, 36);
INSERT INTO `exhibitionclass` (ID, `ExhibitionID`, `ExhibitionSectionID`, `ClassNumber`, `ClassID`) VALUES (125, 5, 14, 38, 37);
INSERT INTO `exhibitionclass` (ID, `ExhibitionID`, `ExhibitionSectionID`, `ClassNumber`, `ClassID`) VALUES (126, 5, 14, 39, 38);
INSERT INTO `exhibitionclass` (ID, `ExhibitionID`, `ExhibitionSectionID`, `ClassNumber`, `ClassID`) VALUES (127, 5, 14, 40, 39);
INSERT INTO `exhibitionclass` (ID, `ExhibitionID`, `ExhibitionSectionID`, `ClassNumber`, `ClassID`) VALUES (128, 5, 14, 41, 40);
INSERT INTO `exhibitionclass` (ID, `ExhibitionID`, `ExhibitionSectionID`, `ClassNumber`, `ClassID`) VALUES (129, 5, 14, 42, 41);
INSERT INTO `exhibitionclass` (ID, `ExhibitionID`, `ExhibitionSectionID`, `ClassNumber`, `ClassID`) VALUES (130, 5, 14, 43, 42);
INSERT INTO `exhibitionclass` (ID, `ExhibitionID`, `ExhibitionSectionID`, `ClassNumber`, `ClassID`) VALUES (131, 5, 14, 44, 43);
INSERT INTO `exhibitionclass` (ID, `ExhibitionID`, `ExhibitionSectionID`, `ClassNumber`, `ClassID`) VALUES (132, 5, 14, 45, 44);
INSERT INTO `exhibitionclass` (ID, `ExhibitionID`, `ExhibitionSectionID`, `ClassNumber`, `ClassID`) VALUES (133, 5, 14, 46, 45);
INSERT INTO `exhibitionclass` (ID, `ExhibitionID`, `ExhibitionSectionID`, `ClassNumber`, `ClassID`) VALUES (134, 5, 14, 47, 46);
INSERT INTO `exhibitionclass` (ID, `ExhibitionID`, `ExhibitionSectionID`, `ClassNumber`, `ClassID`) VALUES (135, 5, 14, 48, 47);
INSERT INTO `exhibitionclass` (ID, `ExhibitionID`, `ExhibitionSectionID`, `ClassNumber`, `ClassID`) VALUES (136, 5, 14, 49, 48);
INSERT INTO `exhibitionclass` (ID, `ExhibitionID`, `ExhibitionSectionID`, `ClassNumber`, `ClassID`) VALUES (137, 5, 14, 50, 49);
INSERT INTO `exhibitionclass` (ID, `ExhibitionID`, `ExhibitionSectionID`, `ClassNumber`, `ClassID`) VALUES (138, 5, 15, 51, 50);
INSERT INTO `exhibitionclass` (ID, `ExhibitionID`, `ExhibitionSectionID`, `ClassNumber`, `ClassID`) VALUES (139, 5, 15, 52, 51);
INSERT INTO `exhibitionclass` (ID, `ExhibitionID`, `ExhibitionSectionID`, `ClassNumber`, `ClassID`) VALUES (140, 5, 15, 53, 52);
INSERT INTO `exhibitionclass` (ID, `ExhibitionID`, `ExhibitionSectionID`, `ClassNumber`, `ClassID`) VALUES (141, 5, 15, 54, 53);
INSERT INTO `exhibitionclass` (ID, `ExhibitionID`, `ExhibitionSectionID`, `ClassNumber`, `ClassID`) VALUES (142, 5, 15, 55, 54);
INSERT INTO `exhibitionclass` (ID, `ExhibitionID`, `ExhibitionSectionID`, `ClassNumber`, `ClassID`) VALUES (143, 5, 16, 56, 88);
INSERT INTO `exhibitionclass` (ID, `ExhibitionID`, `ExhibitionSectionID`, `ClassNumber`, `ClassID`) VALUES (144, 5, 16, 57, 89);
INSERT INTO `exhibitionclass` (ID, `ExhibitionID`, `ExhibitionSectionID`, `ClassNumber`, `ClassID`) VALUES (145, 5, 16, 58, 90);
INSERT INTO `exhibitionclass` (ID, `ExhibitionID`, `ExhibitionSectionID`, `ClassNumber`, `ClassID`) VALUES (146, 5, 17, 59, 58);
INSERT INTO `exhibitionclass` (ID, `ExhibitionID`, `ExhibitionSectionID`, `ClassNumber`, `ClassID`) VALUES (147, 5, 17, 60, 59);
INSERT INTO `exhibitionclass` (ID, `ExhibitionID`, `ExhibitionSectionID`, `ClassNumber`, `ClassID`) VALUES (148, 5, 17, 61, 60);
INSERT INTO `exhibitionclass` (ID, `ExhibitionID`, `ExhibitionSectionID`, `ClassNumber`, `ClassID`) VALUES (149, 5, 17, 62, 61);
INSERT INTO `exhibitionclass` (ID, `ExhibitionID`, `ExhibitionSectionID`, `ClassNumber`, `ClassID`) VALUES (150, 5, 17, 63, 62);
INSERT INTO `exhibitionclass` (ID, `ExhibitionID`, `ExhibitionSectionID`, `ClassNumber`, `ClassID`) VALUES (151, 5, 17, 64, 63);
INSERT INTO `exhibitionclass` (ID, `ExhibitionID`, `ExhibitionSectionID`, `ClassNumber`, `ClassID`) VALUES (152, 5, 17, 65, 64);
INSERT INTO `exhibitionclass` (ID, `ExhibitionID`, `ExhibitionSectionID`, `ClassNumber`, `ClassID`) VALUES (153, 5, 18, 66, 91);
INSERT INTO `exhibitionclass` (ID, `ExhibitionID`, `ExhibitionSectionID`, `ClassNumber`, `ClassID`) VALUES (154, 5, 18, 67, 92);
INSERT INTO `exhibitionclass` (ID, `ExhibitionID`, `ExhibitionSectionID`, `ClassNumber`, `ClassID`) VALUES (155, 5, 18, 68, 93);
INSERT INTO `exhibitionclass` (ID, `ExhibitionID`, `ExhibitionSectionID`, `ClassNumber`, `ClassID`) VALUES (156, 5, 18, 69, 94);
INSERT INTO `exhibitionclass` (ID, `ExhibitionID`, `ExhibitionSectionID`, `ClassNumber`, `ClassID`) VALUES (157, 5, 19, 70, 72);
INSERT INTO `exhibitionclass` (ID, `ExhibitionID`, `ExhibitionSectionID`, `ClassNumber`, `ClassID`) VALUES (158, 5, 19, 71, 73);
INSERT INTO `exhibitionclass` (ID, `ExhibitionID`, `ExhibitionSectionID`, `ClassNumber`, `ClassID`) VALUES (159, 5, 19, 72, 74);
INSERT INTO `exhibitionclass` (ID, `ExhibitionID`, `ExhibitionSectionID`, `ClassNumber`, `ClassID`) VALUES (160, 5, 19, 73, 75);
INSERT INTO `exhibitionclass` (ID, `ExhibitionID`, `ExhibitionSectionID`, `ClassNumber`, `ClassID`) VALUES (161, 5, 20, 74, 69);
INSERT INTO `exhibitionclass` (ID, `ExhibitionID`, `ExhibitionSectionID`, `ClassNumber`, `ClassID`) VALUES (162, 5, 20, 75, 70);
INSERT INTO `exhibitionclass` (ID, `ExhibitionID`, `ExhibitionSectionID`, `ClassNumber`, `ClassID`) VALUES (163, 5, 20, 76, 71);
INSERT INTO `exhibitionclass` (ID, `ExhibitionID`, `ExhibitionSectionID`, `ClassNumber`, `ClassID`) VALUES (164, 5, 20, 77, 76);
INSERT INTO `exhibitionclass` (ID, `ExhibitionID`, `ExhibitionSectionID`, `ClassNumber`, `ClassID`) VALUES (165, 5, 20, 78, 77);
INSERT INTO `exhibitionclass` (ID, `ExhibitionID`, `ExhibitionSectionID`, `ClassNumber`, `ClassID`) VALUES (166, 5, 21, 79, 78);
INSERT INTO `exhibitionclass` (ID, `ExhibitionID`, `ExhibitionSectionID`, `ClassNumber`, `ClassID`) VALUES (167, 5, 21, 80, 79);
INSERT INTO `exhibitionclass` (ID, `ExhibitionID`, `ExhibitionSectionID`, `ClassNumber`, `ClassID`) VALUES (168, 5, 21, 81, 80);
INSERT INTO `exhibitionclass` (ID, `ExhibitionID`, `ExhibitionSectionID`, `ClassNumber`, `ClassID`) VALUES (169, 5, 21, 82, 81);
INSERT INTO `exhibitionclass` (ID, `ExhibitionID`, `ExhibitionSectionID`, `ClassNumber`, `ClassID`) VALUES (170, 5, 21, 83, 82);
INSERT INTO `exhibitionclass` (ID, `ExhibitionID`, `ExhibitionSectionID`, `ClassNumber`, `ClassID`) VALUES (171, 5, 21, 84, 83);
INSERT INTO `exhibitionclass` (ID, `ExhibitionID`, `ExhibitionSectionID`, `ClassNumber`, `ClassID`) VALUES (172, 5, 21, 85, 96);
INSERT INTO `exhibitionclass` (ID, `ExhibitionID`, `ExhibitionSectionID`, `ClassNumber`, `ClassID`) VALUES (173, 5, 21, 86, 85);
INSERT INTO `exhibitionclass` (ID, `ExhibitionID`, `ExhibitionSectionID`, `ClassNumber`, `ClassID`) VALUES (174, 5, 21, 87, 86);
INSERT INTO `exhibitionclass` (ID, `ExhibitionID`, `ExhibitionSectionID`, `ClassNumber`, `ClassID`) VALUES (175, 6, 22, 1, 97);
INSERT INTO `exhibitionclass` (ID, `ExhibitionID`, `ExhibitionSectionID`, `ClassNumber`, `ClassID`) VALUES (176, 6, 22, 2, 98);
INSERT INTO `exhibitionclass` (ID, `ExhibitionID`, `ExhibitionSectionID`, `ClassNumber`, `ClassID`) VALUES (177, 6, 22, 3, 99);
INSERT INTO `exhibitionclass` (ID, `ExhibitionID`, `ExhibitionSectionID`, `ClassNumber`, `ClassID`) VALUES (178, 6, 22, 4, 100);
INSERT INTO `exhibitionclass` (ID, `ExhibitionID`, `ExhibitionSectionID`, `ClassNumber`, `ClassID`) VALUES (179, 6, 22, 5, 101);
INSERT INTO `exhibitionclass` (ID, `ExhibitionID`, `ExhibitionSectionID`, `ClassNumber`, `ClassID`) VALUES (180, 6, 22, 6, 102);
INSERT INTO `exhibitionclass` (ID, `ExhibitionID`, `ExhibitionSectionID`, `ClassNumber`, `ClassID`) VALUES (181, 6, 22, 7, 103);
INSERT INTO `exhibitionclass` (ID, `ExhibitionID`, `ExhibitionSectionID`, `ClassNumber`, `ClassID`) VALUES (182, 6, 22, 8, 104);
INSERT INTO `exhibitionclass` (ID, `ExhibitionID`, `ExhibitionSectionID`, `ClassNumber`, `ClassID`) VALUES (183, 6, 22, 9, 105);
INSERT INTO `exhibitionclass` (ID, `ExhibitionID`, `ExhibitionSectionID`, `ClassNumber`, `ClassID`) VALUES (184, 6, 22, 10, 106);
INSERT INTO `exhibitionclass` (ID, `ExhibitionID`, `ExhibitionSectionID`, `ClassNumber`, `ClassID`) VALUES (185, 6, 22, 11, 107);
INSERT INTO `exhibitionclass` (ID, `ExhibitionID`, `ExhibitionSectionID`, `ClassNumber`, `ClassID`) VALUES (186, 6, 22, 12, 108);
INSERT INTO `exhibitionclass` (ID, `ExhibitionID`, `ExhibitionSectionID`, `ClassNumber`, `ClassID`) VALUES (187, 6, 22, 13, 109);
INSERT INTO `exhibitionclass` (ID, `ExhibitionID`, `ExhibitionSectionID`, `ClassNumber`, `ClassID`) VALUES (188, 6, 22, 14, 110);
INSERT INTO `exhibitionclass` (ID, `ExhibitionID`, `ExhibitionSectionID`, `ClassNumber`, `ClassID`) VALUES (189, 6, 22, 15, 111);
INSERT INTO `exhibitionclass` (ID, `ExhibitionID`, `ExhibitionSectionID`, `ClassNumber`, `ClassID`) VALUES (190, 6, 22, 16, 112);
INSERT INTO `exhibitionclass` (ID, `ExhibitionID`, `ExhibitionSectionID`, `ClassNumber`, `ClassID`) VALUES (191, 6, 22, 17, 113);
INSERT INTO `exhibitionclass` (ID, `ExhibitionID`, `ExhibitionSectionID`, `ClassNumber`, `ClassID`) VALUES (192, 6, 22, 18, 114);
INSERT INTO `exhibitionclass` (ID, `ExhibitionID`, `ExhibitionSectionID`, `ClassNumber`, `ClassID`) VALUES (193, 6, 22, 19, 115);
INSERT INTO `exhibitionclass` (ID, `ExhibitionID`, `ExhibitionSectionID`, `ClassNumber`, `ClassID`) VALUES (194, 6, 22, 20, 116);
INSERT INTO `exhibitionclass` (ID, `ExhibitionID`, `ExhibitionSectionID`, `ClassNumber`, `ClassID`) VALUES (195, 6, 22, 21, 117);
INSERT INTO `exhibitionclass` (ID, `ExhibitionID`, `ExhibitionSectionID`, `ClassNumber`, `ClassID`) VALUES (196, 6, 22, 22, 118);
INSERT INTO `exhibitionclass` (ID, `ExhibitionID`, `ExhibitionSectionID`, `ClassNumber`, `ClassID`) VALUES (197, 6, 22, 23, 119);
INSERT INTO `exhibitionclass` (ID, `ExhibitionID`, `ExhibitionSectionID`, `ClassNumber`, `ClassID`) VALUES (198, 6, 22, 24, 120);
INSERT INTO `exhibitionclass` (ID, `ExhibitionID`, `ExhibitionSectionID`, `ClassNumber`, `ClassID`) VALUES (199, 6, 22, 25, 121);
INSERT INTO `exhibitionclass` (ID, `ExhibitionID`, `ExhibitionSectionID`, `ClassNumber`, `ClassID`) VALUES (200, 6, 22, 26, 122);
INSERT INTO `exhibitionclass` (ID, `ExhibitionID`, `ExhibitionSectionID`, `ClassNumber`, `ClassID`) VALUES (201, 6, 22, 27, 123);
INSERT INTO `exhibitionclass` (ID, `ExhibitionID`, `ExhibitionSectionID`, `ClassNumber`, `ClassID`) VALUES (202, 6, 22, 28, 124);
INSERT INTO `exhibitionclass` (ID, `ExhibitionID`, `ExhibitionSectionID`, `ClassNumber`, `ClassID`) VALUES (203, 6, 22, 29, 125);
INSERT INTO `exhibitionclass` (ID, `ExhibitionID`, `ExhibitionSectionID`, `ClassNumber`, `ClassID`) VALUES (204, 6, 22, 30, 126);
INSERT INTO `exhibitionclass` (ID, `ExhibitionID`, `ExhibitionSectionID`, `ClassNumber`, `ClassID`) VALUES (205, 6, 22, 31, 127);
INSERT INTO `exhibitionclass` (ID, `ExhibitionID`, `ExhibitionSectionID`, `ClassNumber`, `ClassID`) VALUES (206, 6, 22, 32, 128);
INSERT INTO `exhibitionclass` (ID, `ExhibitionID`, `ExhibitionSectionID`, `ClassNumber`, `ClassID`) VALUES (207, 6, 22, 33, 129);
INSERT INTO `exhibitionclass` (ID, `ExhibitionID`, `ExhibitionSectionID`, `ClassNumber`, `ClassID`) VALUES (208, 7, 23, 1, 1);
INSERT INTO `exhibitionclass` (ID, `ExhibitionID`, `ExhibitionSectionID`, `ClassNumber`, `ClassID`) VALUES (209, 7, 23, 2, 2);
INSERT INTO `exhibitionclass` (ID, `ExhibitionID`, `ExhibitionSectionID`, `ClassNumber`, `ClassID`) VALUES (210, 7, 23, 3, 3);
INSERT INTO `exhibitionclass` (ID, `ExhibitionID`, `ExhibitionSectionID`, `ClassNumber`, `ClassID`) VALUES (211, 7, 23, 4, 4);
INSERT INTO `exhibitionclass` (ID, `ExhibitionID`, `ExhibitionSectionID`, `ClassNumber`, `ClassID`) VALUES (212, 7, 23, 5, 5);
INSERT INTO `exhibitionclass` (ID, `ExhibitionID`, `ExhibitionSectionID`, `ClassNumber`, `ClassID`) VALUES (213, 7, 23, 6, 6);
INSERT INTO `exhibitionclass` (ID, `ExhibitionID`, `ExhibitionSectionID`, `ClassNumber`, `ClassID`) VALUES (214, 7, 23, 7, 7);
INSERT INTO `exhibitionclass` (ID, `ExhibitionID`, `ExhibitionSectionID`, `ClassNumber`, `ClassID`) VALUES (215, 7, 23, 8, 8);
INSERT INTO `exhibitionclass` (ID, `ExhibitionID`, `ExhibitionSectionID`, `ClassNumber`, `ClassID`) VALUES (216, 7, 23, 9, 9);
INSERT INTO `exhibitionclass` (ID, `ExhibitionID`, `ExhibitionSectionID`, `ClassNumber`, `ClassID`) VALUES (217, 7, 23, 10, 10);
INSERT INTO `exhibitionclass` (ID, `ExhibitionID`, `ExhibitionSectionID`, `ClassNumber`, `ClassID`) VALUES (218, 7, 23, 11, 11);
INSERT INTO `exhibitionclass` (ID, `ExhibitionID`, `ExhibitionSectionID`, `ClassNumber`, `ClassID`) VALUES (219, 7, 23, 12, 130);
INSERT INTO `exhibitionclass` (ID, `ExhibitionID`, `ExhibitionSectionID`, `ClassNumber`, `ClassID`) VALUES (220, 7, 23, 13, 131);
INSERT INTO `exhibitionclass` (ID, `ExhibitionID`, `ExhibitionSectionID`, `ClassNumber`, `ClassID`) VALUES (221, 7, 23, 14, 14);
INSERT INTO `exhibitionclass` (ID, `ExhibitionID`, `ExhibitionSectionID`, `ClassNumber`, `ClassID`) VALUES (222, 7, 23, 15, 15);
INSERT INTO `exhibitionclass` (ID, `ExhibitionID`, `ExhibitionSectionID`, `ClassNumber`, `ClassID`) VALUES (223, 7, 23, 16, 16);
INSERT INTO `exhibitionclass` (ID, `ExhibitionID`, `ExhibitionSectionID`, `ClassNumber`, `ClassID`) VALUES (224, 7, 24, 17, 17);
INSERT INTO `exhibitionclass` (ID, `ExhibitionID`, `ExhibitionSectionID`, `ClassNumber`, `ClassID`) VALUES (225, 7, 24, 18, 18);
INSERT INTO `exhibitionclass` (ID, `ExhibitionID`, `ExhibitionSectionID`, `ClassNumber`, `ClassID`) VALUES (226, 7, 24, 19, 19);
INSERT INTO `exhibitionclass` (ID, `ExhibitionID`, `ExhibitionSectionID`, `ClassNumber`, `ClassID`) VALUES (227, 7, 24, 20, 20);
INSERT INTO `exhibitionclass` (ID, `ExhibitionID`, `ExhibitionSectionID`, `ClassNumber`, `ClassID`) VALUES (228, 7, 24, 21, 21);
INSERT INTO `exhibitionclass` (ID, `ExhibitionID`, `ExhibitionSectionID`, `ClassNumber`, `ClassID`) VALUES (229, 7, 24, 22, 22);
INSERT INTO `exhibitionclass` (ID, `ExhibitionID`, `ExhibitionSectionID`, `ClassNumber`, `ClassID`) VALUES (230, 7, 24, 23, 23);
INSERT INTO `exhibitionclass` (ID, `ExhibitionID`, `ExhibitionSectionID`, `ClassNumber`, `ClassID`) VALUES (231, 7, 24, 24, 24);
INSERT INTO `exhibitionclass` (ID, `ExhibitionID`, `ExhibitionSectionID`, `ClassNumber`, `ClassID`) VALUES (232, 7, 24, 25, 25);
INSERT INTO `exhibitionclass` (ID, `ExhibitionID`, `ExhibitionSectionID`, `ClassNumber`, `ClassID`) VALUES (233, 7, 24, 26, 26);
INSERT INTO `exhibitionclass` (ID, `ExhibitionID`, `ExhibitionSectionID`, `ClassNumber`, `ClassID`) VALUES (234, 7, 24, 27, 27);
INSERT INTO `exhibitionclass` (ID, `ExhibitionID`, `ExhibitionSectionID`, `ClassNumber`, `ClassID`) VALUES (235, 7, 24, 28, 87);
INSERT INTO `exhibitionclass` (ID, `ExhibitionID`, `ExhibitionSectionID`, `ClassNumber`, `ClassID`) VALUES (236, 7, 32, 84, 132);
INSERT INTO `exhibitionclass` (ID, `ExhibitionID`, `ExhibitionSectionID`, `ClassNumber`, `ClassID`) VALUES (237, 7, 32, 85, 135);
INSERT INTO `exhibitionclass` (ID, `ExhibitionID`, `ExhibitionSectionID`, `ClassNumber`, `ClassID`) VALUES (238, 7, 32, 86, 134);
INSERT INTO `exhibitionclass` (ID, `ExhibitionID`, `ExhibitionSectionID`, `ClassNumber`, `ClassID`) VALUES (239, 7, 32, 87, 78);
INSERT INTO `exhibitionclass` (ID, `ExhibitionID`, `ExhibitionSectionID`, `ClassNumber`, `ClassID`) VALUES (240, 7, 32, 88, 136);
INSERT INTO `exhibitionclass` (ID, `ExhibitionID`, `ExhibitionSectionID`, `ClassNumber`, `ClassID`) VALUES (241, 7, 32, 89, 137);
INSERT INTO `exhibitionclass` (ID, `ExhibitionID`, `ExhibitionSectionID`, `ClassNumber`, `ClassID`) VALUES (242, 7, 32, 90, 138);
INSERT INTO `exhibitionclass` (ID, `ExhibitionID`, `ExhibitionSectionID`, `ClassNumber`, `ClassID`) VALUES (243, 7, 32, 91, 139);
INSERT INTO `exhibitionclass` (ID, `ExhibitionID`, `ExhibitionSectionID`, `ClassNumber`, `ClassID`) VALUES (244, 7, 32, 92, 140);
INSERT INTO `exhibitionclass` (ID, `ExhibitionID`, `ExhibitionSectionID`, `ClassNumber`, `ClassID`) VALUES (245, 7, 32, 93, 30);
INSERT INTO `exhibitionclass` (ID, `ExhibitionID`, `ExhibitionSectionID`, `ClassNumber`, `ClassID`) VALUES (246, 7, 32, 94, 141);
INSERT INTO `exhibitionclass` (ID, `ExhibitionID`, `ExhibitionSectionID`, `ClassNumber`, `ClassID`) VALUES (247, 7, 32, 95, 35);
INSERT INTO `exhibitionclass` (ID, `ExhibitionID`, `ExhibitionSectionID`, `ClassNumber`, `ClassID`) VALUES (248, 7, 32, 96, 32);
INSERT INTO `exhibitionclass` (ID, `ExhibitionID`, `ExhibitionSectionID`, `ClassNumber`, `ClassID`) VALUES (249, 7, 32, 97, 46);
INSERT INTO `exhibitionclass` (ID, `ExhibitionID`, `ExhibitionSectionID`, `ClassNumber`, `ClassID`) VALUES (250, 7, 32, 98, 44);
INSERT INTO `exhibitionclass` (ID, `ExhibitionID`, `ExhibitionSectionID`, `ClassNumber`, `ClassID`) VALUES (251, 7, 25, 29, 28);
INSERT INTO `exhibitionclass` (ID, `ExhibitionID`, `ExhibitionSectionID`, `ClassNumber`, `ClassID`) VALUES (252, 7, 25, 30, 29);
INSERT INTO `exhibitionclass` (ID, `ExhibitionID`, `ExhibitionSectionID`, `ClassNumber`, `ClassID`) VALUES (253, 7, 25, 31, 30);
INSERT INTO `exhibitionclass` (ID, `ExhibitionID`, `ExhibitionSectionID`, `ClassNumber`, `ClassID`) VALUES (254, 7, 25, 32, 31);
INSERT INTO `exhibitionclass` (ID, `ExhibitionID`, `ExhibitionSectionID`, `ClassNumber`, `ClassID`) VALUES (255, 7, 25, 33, 32);
INSERT INTO `exhibitionclass` (ID, `ExhibitionID`, `ExhibitionSectionID`, `ClassNumber`, `ClassID`) VALUES (256, 7, 25, 34, 33);
INSERT INTO `exhibitionclass` (ID, `ExhibitionID`, `ExhibitionSectionID`, `ClassNumber`, `ClassID`) VALUES (257, 7, 25, 35, 34);
INSERT INTO `exhibitionclass` (ID, `ExhibitionID`, `ExhibitionSectionID`, `ClassNumber`, `ClassID`) VALUES (258, 7, 25, 36, 35);
INSERT INTO `exhibitionclass` (ID, `ExhibitionID`, `ExhibitionSectionID`, `ClassNumber`, `ClassID`) VALUES (259, 7, 25, 37, 36);
INSERT INTO `exhibitionclass` (ID, `ExhibitionID`, `ExhibitionSectionID`, `ClassNumber`, `ClassID`) VALUES (260, 7, 25, 38, 37);
INSERT INTO `exhibitionclass` (ID, `ExhibitionID`, `ExhibitionSectionID`, `ClassNumber`, `ClassID`) VALUES (261, 7, 25, 39, 38);
INSERT INTO `exhibitionclass` (ID, `ExhibitionID`, `ExhibitionSectionID`, `ClassNumber`, `ClassID`) VALUES (262, 7, 25, 40, 39);
INSERT INTO `exhibitionclass` (ID, `ExhibitionID`, `ExhibitionSectionID`, `ClassNumber`, `ClassID`) VALUES (263, 7, 25, 41, 40);
INSERT INTO `exhibitionclass` (ID, `ExhibitionID`, `ExhibitionSectionID`, `ClassNumber`, `ClassID`) VALUES (264, 7, 25, 42, 41);
INSERT INTO `exhibitionclass` (ID, `ExhibitionID`, `ExhibitionSectionID`, `ClassNumber`, `ClassID`) VALUES (265, 7, 25, 43, 42);
INSERT INTO `exhibitionclass` (ID, `ExhibitionID`, `ExhibitionSectionID`, `ClassNumber`, `ClassID`) VALUES (266, 7, 25, 44, 43);
INSERT INTO `exhibitionclass` (ID, `ExhibitionID`, `ExhibitionSectionID`, `ClassNumber`, `ClassID`) VALUES (267, 7, 25, 45, 44);
INSERT INTO `exhibitionclass` (ID, `ExhibitionID`, `ExhibitionSectionID`, `ClassNumber`, `ClassID`) VALUES (268, 7, 25, 46, 45);
INSERT INTO `exhibitionclass` (ID, `ExhibitionID`, `ExhibitionSectionID`, `ClassNumber`, `ClassID`) VALUES (269, 7, 25, 47, 46);
INSERT INTO `exhibitionclass` (ID, `ExhibitionID`, `ExhibitionSectionID`, `ClassNumber`, `ClassID`) VALUES (270, 7, 25, 48, 47);
INSERT INTO `exhibitionclass` (ID, `ExhibitionID`, `ExhibitionSectionID`, `ClassNumber`, `ClassID`) VALUES (271, 7, 25, 49, 48);
INSERT INTO `exhibitionclass` (ID, `ExhibitionID`, `ExhibitionSectionID`, `ClassNumber`, `ClassID`) VALUES (272, 7, 25, 50, 49);
INSERT INTO `exhibitionclass` (ID, `ExhibitionID`, `ExhibitionSectionID`, `ClassNumber`, `ClassID`) VALUES (273, 7, 31, 76, 143);
INSERT INTO `exhibitionclass` (ID, `ExhibitionID`, `ExhibitionSectionID`, `ClassNumber`, `ClassID`) VALUES (274, 7, 31, 77, 142);
INSERT INTO `exhibitionclass` (ID, `ExhibitionID`, `ExhibitionSectionID`, `ClassNumber`, `ClassID`) VALUES (275, 7, 31, 78, 86);
INSERT INTO `exhibitionclass` (ID, `ExhibitionID`, `ExhibitionSectionID`, `ClassNumber`, `ClassID`) VALUES (276, 7, 31, 79, 144);
INSERT INTO `exhibitionclass` (ID, `ExhibitionID`, `ExhibitionSectionID`, `ClassNumber`, `ClassID`) VALUES (277, 7, 31, 80, 145);
INSERT INTO `exhibitionclass` (ID, `ExhibitionID`, `ExhibitionSectionID`, `ClassNumber`, `ClassID`) VALUES (278, 7, 31, 81, 146);
INSERT INTO `exhibitionclass` (ID, `ExhibitionID`, `ExhibitionSectionID`, `ClassNumber`, `ClassID`) VALUES (279, 7, 31, 82, 76);
INSERT INTO `exhibitionclass` (ID, `ExhibitionID`, `ExhibitionSectionID`, `ClassNumber`, `ClassID`) VALUES (280, 7, 31, 83, 77);
INSERT INTO `exhibitionclass` (ID, `ExhibitionID`, `ExhibitionSectionID`, `ClassNumber`, `ClassID`) VALUES (281, 7, 26, 51, 50);
INSERT INTO `exhibitionclass` (ID, `ExhibitionID`, `ExhibitionSectionID`, `ClassNumber`, `ClassID`) VALUES (282, 7, 26, 52, 51);
INSERT INTO `exhibitionclass` (ID, `ExhibitionID`, `ExhibitionSectionID`, `ClassNumber`, `ClassID`) VALUES (283, 7, 26, 53, 52);
INSERT INTO `exhibitionclass` (ID, `ExhibitionID`, `ExhibitionSectionID`, `ClassNumber`, `ClassID`) VALUES (284, 7, 26, 54, 53);
INSERT INTO `exhibitionclass` (ID, `ExhibitionID`, `ExhibitionSectionID`, `ClassNumber`, `ClassID`) VALUES (285, 7, 26, 55, 147);
INSERT INTO `exhibitionclass` (ID, `ExhibitionID`, `ExhibitionSectionID`, `ClassNumber`, `ClassID`) VALUES (286, 7, 26, 56, 54);
INSERT INTO `exhibitionclass` (ID, `ExhibitionID`, `ExhibitionSectionID`, `ClassNumber`, `ClassID`) VALUES (287, 7, 27, 57, 148);
INSERT INTO `exhibitionclass` (ID, `ExhibitionID`, `ExhibitionSectionID`, `ClassNumber`, `ClassID`) VALUES (288, 7, 27, 58, 89);
INSERT INTO `exhibitionclass` (ID, `ExhibitionID`, `ExhibitionSectionID`, `ClassNumber`, `ClassID`) VALUES (289, 7, 27, 59, 149);
INSERT INTO `exhibitionclass` (ID, `ExhibitionID`, `ExhibitionSectionID`, `ClassNumber`, `ClassID`) VALUES (290, 7, 28, 60, 150);
INSERT INTO `exhibitionclass` (ID, `ExhibitionID`, `ExhibitionSectionID`, `ClassNumber`, `ClassID`) VALUES (291, 7, 28, 61, 59);
INSERT INTO `exhibitionclass` (ID, `ExhibitionID`, `ExhibitionSectionID`, `ClassNumber`, `ClassID`) VALUES (292, 7, 28, 62, 151);
INSERT INTO `exhibitionclass` (ID, `ExhibitionID`, `ExhibitionSectionID`, `ClassNumber`, `ClassID`) VALUES (293, 7, 28, 63, 60);
INSERT INTO `exhibitionclass` (ID, `ExhibitionID`, `ExhibitionSectionID`, `ClassNumber`, `ClassID`) VALUES (294, 7, 28, 64, 61);
INSERT INTO `exhibitionclass` (ID, `ExhibitionID`, `ExhibitionSectionID`, `ClassNumber`, `ClassID`) VALUES (295, 7, 28, 65, 152);
INSERT INTO `exhibitionclass` (ID, `ExhibitionID`, `ExhibitionSectionID`, `ClassNumber`, `ClassID`) VALUES (296, 7, 28, 66, 153);
INSERT INTO `exhibitionclass` (ID, `ExhibitionID`, `ExhibitionSectionID`, `ClassNumber`, `ClassID`) VALUES (297, 7, 28, 67, 154);
INSERT INTO `exhibitionclass` (ID, `ExhibitionID`, `ExhibitionSectionID`, `ClassNumber`, `ClassID`) VALUES (298, 7, 29, 68, 155);
INSERT INTO `exhibitionclass` (ID, `ExhibitionID`, `ExhibitionSectionID`, `ClassNumber`, `ClassID`) VALUES (299, 7, 29, 69, 156);
INSERT INTO `exhibitionclass` (ID, `ExhibitionID`, `ExhibitionSectionID`, `ClassNumber`, `ClassID`) VALUES (300, 7, 29, 70, 157);
INSERT INTO `exhibitionclass` (ID, `ExhibitionID`, `ExhibitionSectionID`, `ClassNumber`, `ClassID`) VALUES (301, 7, 29, 71, 158);
INSERT INTO `exhibitionclass` (ID, `ExhibitionID`, `ExhibitionSectionID`, `ClassNumber`, `ClassID`) VALUES (302, 7, 30, 72, 72);
INSERT INTO `exhibitionclass` (ID, `ExhibitionID`, `ExhibitionSectionID`, `ClassNumber`, `ClassID`) VALUES (303, 7, 30, 73, 73);
INSERT INTO `exhibitionclass` (ID, `ExhibitionID`, `ExhibitionSectionID`, `ClassNumber`, `ClassID`) VALUES (304, 7, 30, 75, 75);
INSERT INTO `exhibitionclass` (ID, `ExhibitionID`, `ExhibitionSectionID`, `ClassNumber`, `ClassID`) VALUES (305, 7, 30, 74, 74);
INSERT INTO `exhibitionclass` (ID, `ExhibitionID`, `ExhibitionSectionID`, `ClassNumber`, `ClassID`) VALUES (306, 8, 33, 1, 97);
INSERT INTO `exhibitionclass` (ID, `ExhibitionID`, `ExhibitionSectionID`, `ClassNumber`, `ClassID`) VALUES (307, 8, 33, 2, 98);
INSERT INTO `exhibitionclass` (ID, `ExhibitionID`, `ExhibitionSectionID`, `ClassNumber`, `ClassID`) VALUES (308, 8, 33, 3, 99);
INSERT INTO `exhibitionclass` (ID, `ExhibitionID`, `ExhibitionSectionID`, `ClassNumber`, `ClassID`) VALUES (309, 8, 33, 4, 100);
INSERT INTO `exhibitionclass` (ID, `ExhibitionID`, `ExhibitionSectionID`, `ClassNumber`, `ClassID`) VALUES (310, 8, 33, 5, 101);
INSERT INTO `exhibitionclass` (ID, `ExhibitionID`, `ExhibitionSectionID`, `ClassNumber`, `ClassID`) VALUES (311, 8, 33, 6, 102);
INSERT INTO `exhibitionclass` (ID, `ExhibitionID`, `ExhibitionSectionID`, `ClassNumber`, `ClassID`) VALUES (312, 8, 33, 7, 103);
INSERT INTO `exhibitionclass` (ID, `ExhibitionID`, `ExhibitionSectionID`, `ClassNumber`, `ClassID`) VALUES (313, 8, 33, 8, 104);
INSERT INTO `exhibitionclass` (ID, `ExhibitionID`, `ExhibitionSectionID`, `ClassNumber`, `ClassID`) VALUES (314, 8, 33, 9, 105);
INSERT INTO `exhibitionclass` (ID, `ExhibitionID`, `ExhibitionSectionID`, `ClassNumber`, `ClassID`) VALUES (315, 8, 33, 10, 106);
INSERT INTO `exhibitionclass` (ID, `ExhibitionID`, `ExhibitionSectionID`, `ClassNumber`, `ClassID`) VALUES (316, 8, 33, 11, 107);
INSERT INTO `exhibitionclass` (ID, `ExhibitionID`, `ExhibitionSectionID`, `ClassNumber`, `ClassID`) VALUES (317, 8, 33, 12, 108);
INSERT INTO `exhibitionclass` (ID, `ExhibitionID`, `ExhibitionSectionID`, `ClassNumber`, `ClassID`) VALUES (318, 8, 33, 13, 109);
INSERT INTO `exhibitionclass` (ID, `ExhibitionID`, `ExhibitionSectionID`, `ClassNumber`, `ClassID`) VALUES (319, 8, 33, 14, 110);
INSERT INTO `exhibitionclass` (ID, `ExhibitionID`, `ExhibitionSectionID`, `ClassNumber`, `ClassID`) VALUES (320, 8, 33, 15, 111);
INSERT INTO `exhibitionclass` (ID, `ExhibitionID`, `ExhibitionSectionID`, `ClassNumber`, `ClassID`) VALUES (321, 8, 33, 16, 112);
INSERT INTO `exhibitionclass` (ID, `ExhibitionID`, `ExhibitionSectionID`, `ClassNumber`, `ClassID`) VALUES (322, 8, 33, 17, 113);
INSERT INTO `exhibitionclass` (ID, `ExhibitionID`, `ExhibitionSectionID`, `ClassNumber`, `ClassID`) VALUES (323, 8, 33, 18, 114);
INSERT INTO `exhibitionclass` (ID, `ExhibitionID`, `ExhibitionSectionID`, `ClassNumber`, `ClassID`) VALUES (324, 8, 33, 19, 115);
INSERT INTO `exhibitionclass` (ID, `ExhibitionID`, `ExhibitionSectionID`, `ClassNumber`, `ClassID`) VALUES (325, 8, 33, 20, 116);
INSERT INTO `exhibitionclass` (ID, `ExhibitionID`, `ExhibitionSectionID`, `ClassNumber`, `ClassID`) VALUES (326, 8, 33, 21, 159);
INSERT INTO `exhibitionclass` (ID, `ExhibitionID`, `ExhibitionSectionID`, `ClassNumber`, `ClassID`) VALUES (327, 8, 33, 22, 160);
INSERT INTO `exhibitionclass` (ID, `ExhibitionID`, `ExhibitionSectionID`, `ClassNumber`, `ClassID`) VALUES (328, 8, 33, 23, 117);
INSERT INTO `exhibitionclass` (ID, `ExhibitionID`, `ExhibitionSectionID`, `ClassNumber`, `ClassID`) VALUES (329, 8, 33, 24, 118);
INSERT INTO `exhibitionclass` (ID, `ExhibitionID`, `ExhibitionSectionID`, `ClassNumber`, `ClassID`) VALUES (330, 8, 33, 25, 119);
INSERT INTO `exhibitionclass` (ID, `ExhibitionID`, `ExhibitionSectionID`, `ClassNumber`, `ClassID`) VALUES (331, 8, 33, 26, 120);
INSERT INTO `exhibitionclass` (ID, `ExhibitionID`, `ExhibitionSectionID`, `ClassNumber`, `ClassID`) VALUES (332, 8, 33, 27, 121);
INSERT INTO `exhibitionclass` (ID, `ExhibitionID`, `ExhibitionSectionID`, `ClassNumber`, `ClassID`) VALUES (333, 8, 33, 28, 161);
INSERT INTO `exhibitionclass` (ID, `ExhibitionID`, `ExhibitionSectionID`, `ClassNumber`, `ClassID`) VALUES (334, 8, 33, 29, 162);
INSERT INTO `exhibitionclass` (ID, `ExhibitionID`, `ExhibitionSectionID`, `ClassNumber`, `ClassID`) VALUES (335, 8, 33, 30, 122);
INSERT INTO `exhibitionclass` (ID, `ExhibitionID`, `ExhibitionSectionID`, `ClassNumber`, `ClassID`) VALUES (336, 8, 33, 31, 123);
INSERT INTO `exhibitionclass` (ID, `ExhibitionID`, `ExhibitionSectionID`, `ClassNumber`, `ClassID`) VALUES (337, 8, 33, 32, 124);
INSERT INTO `exhibitionclass` (ID, `ExhibitionID`, `ExhibitionSectionID`, `ClassNumber`, `ClassID`) VALUES (338, 8, 33, 33, 125);
INSERT INTO `exhibitionclass` (ID, `ExhibitionID`, `ExhibitionSectionID`, `ClassNumber`, `ClassID`) VALUES (339, 8, 33, 34, 126);
INSERT INTO `exhibitionclass` (ID, `ExhibitionID`, `ExhibitionSectionID`, `ClassNumber`, `ClassID`) VALUES (340, 8, 33, 35, 127);
INSERT INTO `exhibitionclass` (ID, `ExhibitionID`, `ExhibitionSectionID`, `ClassNumber`, `ClassID`) VALUES (341, 8, 33, 36, 128);
INSERT INTO `exhibitionclass` (ID, `ExhibitionID`, `ExhibitionSectionID`, `ClassNumber`, `ClassID`) VALUES (342, 8, 33, 37, 163);
INSERT INTO `exhibitionclass` (ID, `ExhibitionID`, `ExhibitionSectionID`, `ClassNumber`, `ClassID`) VALUES (343, 8, 33, 38, 164);
INSERT INTO `exhibitionclass` (ID, `ExhibitionID`, `ExhibitionSectionID`, `ClassNumber`, `ClassID`) VALUES (344, 9, 35, 1, 1);
INSERT INTO `exhibitionclass` (ID, `ExhibitionID`, `ExhibitionSectionID`, `ClassNumber`, `ClassID`) VALUES (345, 9, 35, 2, 2);
INSERT INTO `exhibitionclass` (ID, `ExhibitionID`, `ExhibitionSectionID`, `ClassNumber`, `ClassID`) VALUES (346, 9, 35, 3, 3);
INSERT INTO `exhibitionclass` (ID, `ExhibitionID`, `ExhibitionSectionID`, `ClassNumber`, `ClassID`) VALUES (347, 9, 35, 4, 4);
INSERT INTO `exhibitionclass` (ID, `ExhibitionID`, `ExhibitionSectionID`, `ClassNumber`, `ClassID`) VALUES (348, 9, 35, 5, 139);
INSERT INTO `exhibitionclass` (ID, `ExhibitionID`, `ExhibitionSectionID`, `ClassNumber`, `ClassID`) VALUES (349, 9, 35, 6, 6);
INSERT INTO `exhibitionclass` (ID, `ExhibitionID`, `ExhibitionSectionID`, `ClassNumber`, `ClassID`) VALUES (350, 9, 35, 7, 7);
INSERT INTO `exhibitionclass` (ID, `ExhibitionID`, `ExhibitionSectionID`, `ClassNumber`, `ClassID`) VALUES (351, 9, 35, 8, 8);
INSERT INTO `exhibitionclass` (ID, `ExhibitionID`, `ExhibitionSectionID`, `ClassNumber`, `ClassID`) VALUES (352, 9, 35, 9, 9);
INSERT INTO `exhibitionclass` (ID, `ExhibitionID`, `ExhibitionSectionID`, `ClassNumber`, `ClassID`) VALUES (353, 9, 35, 10, 10);
INSERT INTO `exhibitionclass` (ID, `ExhibitionID`, `ExhibitionSectionID`, `ClassNumber`, `ClassID`) VALUES (354, 9, 35, 11, 11);
INSERT INTO `exhibitionclass` (ID, `ExhibitionID`, `ExhibitionSectionID`, `ClassNumber`, `ClassID`) VALUES (355, 9, 35, 12, 130);
INSERT INTO `exhibitionclass` (ID, `ExhibitionID`, `ExhibitionSectionID`, `ClassNumber`, `ClassID`) VALUES (356, 9, 35, 13, 131);
INSERT INTO `exhibitionclass` (ID, `ExhibitionID`, `ExhibitionSectionID`, `ClassNumber`, `ClassID`) VALUES (357, 9, 35, 14, 14);
INSERT INTO `exhibitionclass` (ID, `ExhibitionID`, `ExhibitionSectionID`, `ClassNumber`, `ClassID`) VALUES (358, 9, 35, 15, 15);
INSERT INTO `exhibitionclass` (ID, `ExhibitionID`, `ExhibitionSectionID`, `ClassNumber`, `ClassID`) VALUES (359, 9, 35, 16, 16);
COMMIT;


/* Data for table "exhibitionclassprize" */
INSERT INTO `exhibitionclassprize` (ID, `ExhibitionClassID`, `PrizeID`, `Prize`, `Points`, `ExhibitionExhibitorID`) VALUES (95, 97, 1, 1.5, 15, 33);
INSERT INTO `exhibitionclassprize` (ID, `ExhibitionClassID`, `PrizeID`, `Prize`, `Points`, `ExhibitionExhibitorID`) VALUES (96, 97, 2, 1, 10, 34);
INSERT INTO `exhibitionclassprize` (ID, `ExhibitionClassID`, `PrizeID`, `Prize`, `Points`, `ExhibitionExhibitorID`) VALUES (97, 1, 1, 1.5, 15, 1);
INSERT INTO `exhibitionclassprize` (ID, `ExhibitionClassID`, `PrizeID`, `Prize`, `Points`, `ExhibitionExhibitorID`) VALUES (98, 1, 2, 1, 10, 12);
INSERT INTO `exhibitionclassprize` (ID, `ExhibitionClassID`, `PrizeID`, `Prize`, `Points`, `ExhibitionExhibitorID`) VALUES (99, 1, 3, 0.5, 5, 15);
INSERT INTO `exhibitionclassprize` (ID, `ExhibitionClassID`, `PrizeID`, `Prize`, `Points`, `ExhibitionExhibitorID`) VALUES (100, 2, 1, 1.5, 15, 2);
INSERT INTO `exhibitionclassprize` (ID, `ExhibitionClassID`, `PrizeID`, `Prize`, `Points`, `ExhibitionExhibitorID`) VALUES (101, 2, 2, 1, 10, 14);
INSERT INTO `exhibitionclassprize` (ID, `ExhibitionClassID`, `PrizeID`, `Prize`, `Points`, `ExhibitionExhibitorID`) VALUES (102, 2, 3, 0.5, 5, 19);
INSERT INTO `exhibitionclassprize` (ID, `ExhibitionClassID`, `PrizeID`, `Prize`, `Points`, `ExhibitionExhibitorID`) VALUES (103, 3, 1, 1.5, 15, 3);
INSERT INTO `exhibitionclassprize` (ID, `ExhibitionClassID`, `PrizeID`, `Prize`, `Points`, `ExhibitionExhibitorID`) VALUES (104, 3, 2, 1, 10, 16);
INSERT INTO `exhibitionclassprize` (ID, `ExhibitionClassID`, `PrizeID`, `Prize`, `Points`, `ExhibitionExhibitorID`) VALUES (105, 4, 2, 1, 10, 11);
INSERT INTO `exhibitionclassprize` (ID, `ExhibitionClassID`, `PrizeID`, `Prize`, `Points`, `ExhibitionExhibitorID`) VALUES (106, 4, 3, 0.5, 5, 20);
INSERT INTO `exhibitionclassprize` (ID, `ExhibitionClassID`, `PrizeID`, `Prize`, `Points`, `ExhibitionExhibitorID`) VALUES (107, 5, 1, 1.5, 15, 4);
INSERT INTO `exhibitionclassprize` (ID, `ExhibitionClassID`, `PrizeID`, `Prize`, `Points`, `ExhibitionExhibitorID`) VALUES (109, 5, 3, 0.5, 5, 21);
INSERT INTO `exhibitionclassprize` (ID, `ExhibitionClassID`, `PrizeID`, `Prize`, `Points`, `ExhibitionExhibitorID`) VALUES (110, 6, 1, 1.5, 15, 5);
INSERT INTO `exhibitionclassprize` (ID, `ExhibitionClassID`, `PrizeID`, `Prize`, `Points`, `ExhibitionExhibitorID`) VALUES (112, 6, 3, 0.5, 5, 18);
INSERT INTO `exhibitionclassprize` (ID, `ExhibitionClassID`, `PrizeID`, `Prize`, `Points`, `ExhibitionExhibitorID`) VALUES (114, 7, 3, 0.5, 5, 15);
INSERT INTO `exhibitionclassprize` (ID, `ExhibitionClassID`, `PrizeID`, `Prize`, `Points`, `ExhibitionExhibitorID`) VALUES (124, 5, 2, 1, 10, 17);
INSERT INTO `exhibitionclassprize` (ID, `ExhibitionClassID`, `PrizeID`, `Prize`, `Points`, `ExhibitionExhibitorID`) VALUES (132, 7, 2, 1, 10, 14);
INSERT INTO `exhibitionclassprize` (ID, `ExhibitionClassID`, `PrizeID`, `Prize`, `Points`, `ExhibitionExhibitorID`) VALUES (134, 8, 1, 1.5, 15, 6);
INSERT INTO `exhibitionclassprize` (ID, `ExhibitionClassID`, `PrizeID`, `Prize`, `Points`, `ExhibitionExhibitorID`) VALUES (135, 8, 2, 1, 10, 16);
INSERT INTO `exhibitionclassprize` (ID, `ExhibitionClassID`, `PrizeID`, `Prize`, `Points`, `ExhibitionExhibitorID`) VALUES (136, 8, 3, 0.5, 5, 19);
INSERT INTO `exhibitionclassprize` (ID, `ExhibitionClassID`, `PrizeID`, `Prize`, `Points`, `ExhibitionExhibitorID`) VALUES (140, 6, 2, 1, 10, 13);
INSERT INTO `exhibitionclassprize` (ID, `ExhibitionClassID`, `PrizeID`, `Prize`, `Points`, `ExhibitionExhibitorID`) VALUES (142, 9, 1, 1.5, 15, 7);
INSERT INTO `exhibitionclassprize` (ID, `ExhibitionClassID`, `PrizeID`, `Prize`, `Points`, `ExhibitionExhibitorID`) VALUES (143, 9, 2, 1, 10, 12);
INSERT INTO `exhibitionclassprize` (ID, `ExhibitionClassID`, `PrizeID`, `Prize`, `Points`, `ExhibitionExhibitorID`) VALUES (144, 10, 1, 1.5, 15, 8);
INSERT INTO `exhibitionclassprize` (ID, `ExhibitionClassID`, `PrizeID`, `Prize`, `Points`, `ExhibitionExhibitorID`) VALUES (145, 10, 2, 1, 10, 11);
INSERT INTO `exhibitionclassprize` (ID, `ExhibitionClassID`, `PrizeID`, `Prize`, `Points`, `ExhibitionExhibitorID`) VALUES (146, 10, 3, 0.5, 5, 20);
INSERT INTO `exhibitionclassprize` (ID, `ExhibitionClassID`, `PrizeID`, `Prize`, `Points`, `ExhibitionExhibitorID`) VALUES (147, 11, 1, 1.5, 15, 9);
INSERT INTO `exhibitionclassprize` (ID, `ExhibitionClassID`, `PrizeID`, `Prize`, `Points`, `ExhibitionExhibitorID`) VALUES (148, 11, 2, 1, 10, 16);
INSERT INTO `exhibitionclassprize` (ID, `ExhibitionClassID`, `PrizeID`, `Prize`, `Points`, `ExhibitionExhibitorID`) VALUES (149, 11, 3, 0.5, 5, 21);
INSERT INTO `exhibitionclassprize` (ID, `ExhibitionClassID`, `PrizeID`, `Prize`, `Points`, `ExhibitionExhibitorID`) VALUES (151, 12, 3, 0.5, 5, 18);
INSERT INTO `exhibitionclassprize` (ID, `ExhibitionClassID`, `PrizeID`, `Prize`, `Points`, `ExhibitionExhibitorID`) VALUES (152, 13, 1, 1.5, 15, 10);
INSERT INTO `exhibitionclassprize` (ID, `ExhibitionClassID`, `PrizeID`, `Prize`, `Points`, `ExhibitionExhibitorID`) VALUES (153, 13, 2, 1, 10, 16);
INSERT INTO `exhibitionclassprize` (ID, `ExhibitionClassID`, `PrizeID`, `Prize`, `Points`, `ExhibitionExhibitorID`) VALUES (154, 13, 3, 0.5, 5, 15);
INSERT INTO `exhibitionclassprize` (ID, `ExhibitionClassID`, `PrizeID`, `Prize`, `Points`, `ExhibitionExhibitorID`) VALUES (188, 153, 1, 1, 3, 7);
INSERT INTO `exhibitionclassprize` (ID, `ExhibitionClassID`, `PrizeID`, `Prize`, `Points`, `ExhibitionExhibitorID`) VALUES (189, 153, 2, 0.8, 2, 39);
INSERT INTO `exhibitionclassprize` (ID, `ExhibitionClassID`, `PrizeID`, `Prize`, `Points`, `ExhibitionExhibitorID`) VALUES (190, 153, 3, 0.5, 1, 45);
INSERT INTO `exhibitionclassprize` (ID, `ExhibitionClassID`, `PrizeID`, `Prize`, `Points`, `ExhibitionExhibitorID`) VALUES (191, 154, 1, 1, 3, 28);
INSERT INTO `exhibitionclassprize` (ID, `ExhibitionClassID`, `PrizeID`, `Prize`, `Points`, `ExhibitionExhibitorID`) VALUES (192, 154, 2, 0.8, 2, 7);
INSERT INTO `exhibitionclassprize` (ID, `ExhibitionClassID`, `PrizeID`, `Prize`, `Points`, `ExhibitionExhibitorID`) VALUES (193, 154, 3, 0.5, 1, 39);
INSERT INTO `exhibitionclassprize` (ID, `ExhibitionClassID`, `PrizeID`, `Prize`, `Points`, `ExhibitionExhibitorID`) VALUES (194, 155, 1, 1, 3, 37);
INSERT INTO `exhibitionclassprize` (ID, `ExhibitionClassID`, `PrizeID`, `Prize`, `Points`, `ExhibitionExhibitorID`) VALUES (195, 155, 2, 0.8, 2, 27);
INSERT INTO `exhibitionclassprize` (ID, `ExhibitionClassID`, `PrizeID`, `Prize`, `Points`, `ExhibitionExhibitorID`) VALUES (196, 156, 1, 1, 3, 6);
INSERT INTO `exhibitionclassprize` (ID, `ExhibitionClassID`, `PrizeID`, `Prize`, `Points`, `ExhibitionExhibitorID`) VALUES (197, 156, 2, 0.8, 2, 28);
INSERT INTO `exhibitionclassprize` (ID, `ExhibitionClassID`, `PrizeID`, `Prize`, `Points`, `ExhibitionExhibitorID`) VALUES (198, 156, 3, 0.5, 1, 27);
INSERT INTO `exhibitionclassprize` (ID, `ExhibitionClassID`, `PrizeID`, `Prize`, `Points`, `ExhibitionExhibitorID`) VALUES (199, 166, 1, 1, 3, 74);
INSERT INTO `exhibitionclassprize` (ID, `ExhibitionClassID`, `PrizeID`, `Prize`, `Points`, `ExhibitionExhibitorID`) VALUES (200, 166, 2, 0.8, 2, 73);
INSERT INTO `exhibitionclassprize` (ID, `ExhibitionClassID`, `PrizeID`, `Prize`, `Points`, `ExhibitionExhibitorID`) VALUES (201, 166, 3, 0.5, 1, 79);
INSERT INTO `exhibitionclassprize` (ID, `ExhibitionClassID`, `PrizeID`, `Prize`, `Points`, `ExhibitionExhibitorID`) VALUES (202, 167, 1, 1, 3, 82);
INSERT INTO `exhibitionclassprize` (ID, `ExhibitionClassID`, `PrizeID`, `Prize`, `Points`, `ExhibitionExhibitorID`) VALUES (203, 169, 1, 1, 3, 82);
INSERT INTO `exhibitionclassprize` (ID, `ExhibitionClassID`, `PrizeID`, `Prize`, `Points`, `ExhibitionExhibitorID`) VALUES (204, 171, 1, 1, 3, 82);
INSERT INTO `exhibitionclassprize` (ID, `ExhibitionClassID`, `PrizeID`, `Prize`, `Points`, `ExhibitionExhibitorID`) VALUES (205, 172, 1, 1, 3, 61);
INSERT INTO `exhibitionclassprize` (ID, `ExhibitionClassID`, `PrizeID`, `Prize`, `Points`, `ExhibitionExhibitorID`) VALUES (206, 172, 2, 0.8, 2, 54);
INSERT INTO `exhibitionclassprize` (ID, `ExhibitionClassID`, `PrizeID`, `Prize`, `Points`, `ExhibitionExhibitorID`) VALUES (207, 172, 3, 0.5, 1, 59);
INSERT INTO `exhibitionclassprize` (ID, `ExhibitionClassID`, `PrizeID`, `Prize`, `Points`, `ExhibitionExhibitorID`) VALUES (208, 173, 1, 1, 3, 82);
INSERT INTO `exhibitionclassprize` (ID, `ExhibitionClassID`, `PrizeID`, `Prize`, `Points`, `ExhibitionExhibitorID`) VALUES (209, 174, 1, 1, 3, 82);
INSERT INTO `exhibitionclassprize` (ID, `ExhibitionClassID`, `PrizeID`, `Prize`, `Points`, `ExhibitionExhibitorID`) VALUES (210, 161, 1, 1, 3, 30);
INSERT INTO `exhibitionclassprize` (ID, `ExhibitionClassID`, `PrizeID`, `Prize`, `Points`, `ExhibitionExhibitorID`) VALUES (211, 161, 2, 0.8, 2, 48);
INSERT INTO `exhibitionclassprize` (ID, `ExhibitionClassID`, `PrizeID`, `Prize`, `Points`, `ExhibitionExhibitorID`) VALUES (212, 161, 3, 0.5, 1, 37);
INSERT INTO `exhibitionclassprize` (ID, `ExhibitionClassID`, `PrizeID`, `Prize`, `Points`, `ExhibitionExhibitorID`) VALUES (213, 162, 1, 1, 3, 48);
INSERT INTO `exhibitionclassprize` (ID, `ExhibitionClassID`, `PrizeID`, `Prize`, `Points`, `ExhibitionExhibitorID`) VALUES (214, 162, 2, 0.8, 2, 46);
INSERT INTO `exhibitionclassprize` (ID, `ExhibitionClassID`, `PrizeID`, `Prize`, `Points`, `ExhibitionExhibitorID`) VALUES (215, 162, 3, 0.5, 1, 30);
INSERT INTO `exhibitionclassprize` (ID, `ExhibitionClassID`, `PrizeID`, `Prize`, `Points`, `ExhibitionExhibitorID`) VALUES (216, 163, 1, 1, 3, 11);
INSERT INTO `exhibitionclassprize` (ID, `ExhibitionClassID`, `PrizeID`, `Prize`, `Points`, `ExhibitionExhibitorID`) VALUES (217, 163, 2, 0.8, 2, 46);
INSERT INTO `exhibitionclassprize` (ID, `ExhibitionClassID`, `PrizeID`, `Prize`, `Points`, `ExhibitionExhibitorID`) VALUES (218, 163, 3, 0.5, 1, 9);
INSERT INTO `exhibitionclassprize` (ID, `ExhibitionClassID`, `PrizeID`, `Prize`, `Points`, `ExhibitionExhibitorID`) VALUES (219, 164, 1, 1, 3, 48);
INSERT INTO `exhibitionclassprize` (ID, `ExhibitionClassID`, `PrizeID`, `Prize`, `Points`, `ExhibitionExhibitorID`) VALUES (220, 164, 2, 0.8, 2, 38);
INSERT INTO `exhibitionclassprize` (ID, `ExhibitionClassID`, `PrizeID`, `Prize`, `Points`, `ExhibitionExhibitorID`) VALUES (221, 164, 3, 0.5, 1, 11);
INSERT INTO `exhibitionclassprize` (ID, `ExhibitionClassID`, `PrizeID`, `Prize`, `Points`, `ExhibitionExhibitorID`) VALUES (222, 165, 1, 1, 3, 5);
INSERT INTO `exhibitionclassprize` (ID, `ExhibitionClassID`, `PrizeID`, `Prize`, `Points`, `ExhibitionExhibitorID`) VALUES (223, 165, 2, 0.8, 2, 4);
INSERT INTO `exhibitionclassprize` (ID, `ExhibitionClassID`, `PrizeID`, `Prize`, `Points`, `ExhibitionExhibitorID`) VALUES (224, 165, 3, 0.5, 1, 22);
INSERT INTO `exhibitionclassprize` (ID, `ExhibitionClassID`, `PrizeID`, `Prize`, `Points`, `ExhibitionExhibitorID`) VALUES (225, 116, 1, 1, 3, 10);
INSERT INTO `exhibitionclassprize` (ID, `ExhibitionClassID`, `PrizeID`, `Prize`, `Points`, `ExhibitionExhibitorID`) VALUES (226, 116, 2, 0.8, 2, 12);
INSERT INTO `exhibitionclassprize` (ID, `ExhibitionClassID`, `PrizeID`, `Prize`, `Points`, `ExhibitionExhibitorID`) VALUES (227, 116, 3, 0.5, 1, 43);
INSERT INTO `exhibitionclassprize` (ID, `ExhibitionClassID`, `PrizeID`, `Prize`, `Points`, `ExhibitionExhibitorID`) VALUES (228, 117, 1, 1, 3, 10);
INSERT INTO `exhibitionclassprize` (ID, `ExhibitionClassID`, `PrizeID`, `Prize`, `Points`, `ExhibitionExhibitorID`) VALUES (229, 117, 2, 0.8, 2, 17);
INSERT INTO `exhibitionclassprize` (ID, `ExhibitionClassID`, `PrizeID`, `Prize`, `Points`, `ExhibitionExhibitorID`) VALUES (230, 117, 3, 0.5, 1, 26);
INSERT INTO `exhibitionclassprize` (ID, `ExhibitionClassID`, `PrizeID`, `Prize`, `Points`, `ExhibitionExhibitorID`) VALUES (231, 118, 1, 1, 3, 26);
INSERT INTO `exhibitionclassprize` (ID, `ExhibitionClassID`, `PrizeID`, `Prize`, `Points`, `ExhibitionExhibitorID`) VALUES (232, 118, 2, 0.8, 2, 17);
INSERT INTO `exhibitionclassprize` (ID, `ExhibitionClassID`, `PrizeID`, `Prize`, `Points`, `ExhibitionExhibitorID`) VALUES (233, 118, 3, 0.5, 1, 23);
INSERT INTO `exhibitionclassprize` (ID, `ExhibitionClassID`, `PrizeID`, `Prize`, `Points`, `ExhibitionExhibitorID`) VALUES (234, 119, 1, 1, 3, 10);
INSERT INTO `exhibitionclassprize` (ID, `ExhibitionClassID`, `PrizeID`, `Prize`, `Points`, `ExhibitionExhibitorID`) VALUES (235, 119, 2, 0.8, 2, 17);
INSERT INTO `exhibitionclassprize` (ID, `ExhibitionClassID`, `PrizeID`, `Prize`, `Points`, `ExhibitionExhibitorID`) VALUES (236, 121, 1, 1, 3, 10);
INSERT INTO `exhibitionclassprize` (ID, `ExhibitionClassID`, `PrizeID`, `Prize`, `Points`, `ExhibitionExhibitorID`) VALUES (237, 121, 2, 0.8, 2, 17);
INSERT INTO `exhibitionclassprize` (ID, `ExhibitionClassID`, `PrizeID`, `Prize`, `Points`, `ExhibitionExhibitorID`) VALUES (238, 123, 1, 1, 3, 12);
INSERT INTO `exhibitionclassprize` (ID, `ExhibitionClassID`, `PrizeID`, `Prize`, `Points`, `ExhibitionExhibitorID`) VALUES (239, 123, 2, 0.8, 2, 17);
INSERT INTO `exhibitionclassprize` (ID, `ExhibitionClassID`, `PrizeID`, `Prize`, `Points`, `ExhibitionExhibitorID`) VALUES (240, 123, 3, 0.5, 1, 22);
INSERT INTO `exhibitionclassprize` (ID, `ExhibitionClassID`, `PrizeID`, `Prize`, `Points`, `ExhibitionExhibitorID`) VALUES (241, 124, 1, 1, 3, 17);
INSERT INTO `exhibitionclassprize` (ID, `ExhibitionClassID`, `PrizeID`, `Prize`, `Points`, `ExhibitionExhibitorID`) VALUES (242, 125, 1, 1, 3, 47);
INSERT INTO `exhibitionclassprize` (ID, `ExhibitionClassID`, `PrizeID`, `Prize`, `Points`, `ExhibitionExhibitorID`) VALUES (243, 125, 2, 0.8, 2, 17);
INSERT INTO `exhibitionclassprize` (ID, `ExhibitionClassID`, `PrizeID`, `Prize`, `Points`, `ExhibitionExhibitorID`) VALUES (244, 126, 1, 1, 3, 17);
INSERT INTO `exhibitionclassprize` (ID, `ExhibitionClassID`, `PrizeID`, `Prize`, `Points`, `ExhibitionExhibitorID`) VALUES (245, 127, 1, 1, 3, 16);
INSERT INTO `exhibitionclassprize` (ID, `ExhibitionClassID`, `PrizeID`, `Prize`, `Points`, `ExhibitionExhibitorID`) VALUES (246, 127, 2, 0.8, 2, 17);
INSERT INTO `exhibitionclassprize` (ID, `ExhibitionClassID`, `PrizeID`, `Prize`, `Points`, `ExhibitionExhibitorID`) VALUES (247, 128, 1, 1, 3, 17);
INSERT INTO `exhibitionclassprize` (ID, `ExhibitionClassID`, `PrizeID`, `Prize`, `Points`, `ExhibitionExhibitorID`) VALUES (248, 129, 1, 1, 3, 16);
INSERT INTO `exhibitionclassprize` (ID, `ExhibitionClassID`, `PrizeID`, `Prize`, `Points`, `ExhibitionExhibitorID`) VALUES (249, 129, 2, 0.8, 2, 26);
INSERT INTO `exhibitionclassprize` (ID, `ExhibitionClassID`, `PrizeID`, `Prize`, `Points`, `ExhibitionExhibitorID`) VALUES (250, 129, 3, 0.5, 1, 41);
INSERT INTO `exhibitionclassprize` (ID, `ExhibitionClassID`, `PrizeID`, `Prize`, `Points`, `ExhibitionExhibitorID`) VALUES (251, 130, 1, 1, 3, 26);
INSERT INTO `exhibitionclassprize` (ID, `ExhibitionClassID`, `PrizeID`, `Prize`, `Points`, `ExhibitionExhibitorID`) VALUES (252, 130, 2, 0.8, 2, 16);
INSERT INTO `exhibitionclassprize` (ID, `ExhibitionClassID`, `PrizeID`, `Prize`, `Points`, `ExhibitionExhibitorID`) VALUES (253, 130, 3, 0.5, 1, 17);
INSERT INTO `exhibitionclassprize` (ID, `ExhibitionClassID`, `PrizeID`, `Prize`, `Points`, `ExhibitionExhibitorID`) VALUES (254, 131, 1, 1, 3, 26);
INSERT INTO `exhibitionclassprize` (ID, `ExhibitionClassID`, `PrizeID`, `Prize`, `Points`, `ExhibitionExhibitorID`) VALUES (255, 131, 2, 0.8, 2, 16);
INSERT INTO `exhibitionclassprize` (ID, `ExhibitionClassID`, `PrizeID`, `Prize`, `Points`, `ExhibitionExhibitorID`) VALUES (256, 131, 3, 0.5, 1, 17);
INSERT INTO `exhibitionclassprize` (ID, `ExhibitionClassID`, `PrizeID`, `Prize`, `Points`, `ExhibitionExhibitorID`) VALUES (257, 132, 1, 1, 3, 17);
INSERT INTO `exhibitionclassprize` (ID, `ExhibitionClassID`, `PrizeID`, `Prize`, `Points`, `ExhibitionExhibitorID`) VALUES (258, 132, 2, 0.8, 2, 19);
INSERT INTO `exhibitionclassprize` (ID, `ExhibitionClassID`, `PrizeID`, `Prize`, `Points`, `ExhibitionExhibitorID`) VALUES (259, 133, 1, 1, 3, 27);
INSERT INTO `exhibitionclassprize` (ID, `ExhibitionClassID`, `PrizeID`, `Prize`, `Points`, `ExhibitionExhibitorID`) VALUES (260, 133, 2, 0.8, 2, 16);
INSERT INTO `exhibitionclassprize` (ID, `ExhibitionClassID`, `PrizeID`, `Prize`, `Points`, `ExhibitionExhibitorID`) VALUES (261, 133, 3, 0.5, 1, 17);
INSERT INTO `exhibitionclassprize` (ID, `ExhibitionClassID`, `PrizeID`, `Prize`, `Points`, `ExhibitionExhibitorID`) VALUES (262, 134, 1, 1, 3, 24);
INSERT INTO `exhibitionclassprize` (ID, `ExhibitionClassID`, `PrizeID`, `Prize`, `Points`, `ExhibitionExhibitorID`) VALUES (263, 134, 2, 0.8, 2, 26);
INSERT INTO `exhibitionclassprize` (ID, `ExhibitionClassID`, `PrizeID`, `Prize`, `Points`, `ExhibitionExhibitorID`) VALUES (264, 135, 1, 1, 3, 18);
INSERT INTO `exhibitionclassprize` (ID, `ExhibitionClassID`, `PrizeID`, `Prize`, `Points`, `ExhibitionExhibitorID`) VALUES (265, 135, 2, 0.8, 2, 43);
INSERT INTO `exhibitionclassprize` (ID, `ExhibitionClassID`, `PrizeID`, `Prize`, `Points`, `ExhibitionExhibitorID`) VALUES (266, 136, 1, 1, 3, 16);
INSERT INTO `exhibitionclassprize` (ID, `ExhibitionClassID`, `PrizeID`, `Prize`, `Points`, `ExhibitionExhibitorID`) VALUES (267, 136, 2, 0.8, 2, 24);
INSERT INTO `exhibitionclassprize` (ID, `ExhibitionClassID`, `PrizeID`, `Prize`, `Points`, `ExhibitionExhibitorID`) VALUES (268, 136, 3, 0.5, 1, 12);
INSERT INTO `exhibitionclassprize` (ID, `ExhibitionClassID`, `PrizeID`, `Prize`, `Points`, `ExhibitionExhibitorID`) VALUES (269, 137, 1, 1, 3, 17);
INSERT INTO `exhibitionclassprize` (ID, `ExhibitionClassID`, `PrizeID`, `Prize`, `Points`, `ExhibitionExhibitorID`) VALUES (270, 137, 2, 0.8, 2, 43);
INSERT INTO `exhibitionclassprize` (ID, `ExhibitionClassID`, `PrizeID`, `Prize`, `Points`, `ExhibitionExhibitorID`) VALUES (271, 137, 3, 0.5, 1, 47);
INSERT INTO `exhibitionclassprize` (ID, `ExhibitionClassID`, `PrizeID`, `Prize`, `Points`, `ExhibitionExhibitorID`) VALUES (272, 138, 1, 1, 3, 27);
INSERT INTO `exhibitionclassprize` (ID, `ExhibitionClassID`, `PrizeID`, `Prize`, `Points`, `ExhibitionExhibitorID`) VALUES (273, 138, 2, 0.8, 2, 17);
INSERT INTO `exhibitionclassprize` (ID, `ExhibitionClassID`, `PrizeID`, `Prize`, `Points`, `ExhibitionExhibitorID`) VALUES (274, 139, 1, 1, 3, 43);
INSERT INTO `exhibitionclassprize` (ID, `ExhibitionClassID`, `PrizeID`, `Prize`, `Points`, `ExhibitionExhibitorID`) VALUES (275, 139, 2, 0.8, 2, 12);
INSERT INTO `exhibitionclassprize` (ID, `ExhibitionClassID`, `PrizeID`, `Prize`, `Points`, `ExhibitionExhibitorID`) VALUES (276, 141, 1, 1, 3, 16);
INSERT INTO `exhibitionclassprize` (ID, `ExhibitionClassID`, `PrizeID`, `Prize`, `Points`, `ExhibitionExhibitorID`) VALUES (277, 142, 1, 1, 3, 12);
INSERT INTO `exhibitionclassprize` (ID, `ExhibitionClassID`, `PrizeID`, `Prize`, `Points`, `ExhibitionExhibitorID`) VALUES (278, 142, 2, 0.8, 2, 36);
INSERT INTO `exhibitionclassprize` (ID, `ExhibitionClassID`, `PrizeID`, `Prize`, `Points`, `ExhibitionExhibitorID`) VALUES (279, 142, 3, 0.5, 1, 43);
INSERT INTO `exhibitionclassprize` (ID, `ExhibitionClassID`, `PrizeID`, `Prize`, `Points`, `ExhibitionExhibitorID`) VALUES (280, 143, 1, 1, 3, 32);
INSERT INTO `exhibitionclassprize` (ID, `ExhibitionClassID`, `PrizeID`, `Prize`, `Points`, `ExhibitionExhibitorID`) VALUES (281, 143, 2, 0.8, 2, 28);
INSERT INTO `exhibitionclassprize` (ID, `ExhibitionClassID`, `PrizeID`, `Prize`, `Points`, `ExhibitionExhibitorID`) VALUES (282, 143, 3, 0.5, 1, 27);
INSERT INTO `exhibitionclassprize` (ID, `ExhibitionClassID`, `PrizeID`, `Prize`, `Points`, `ExhibitionExhibitorID`) VALUES (283, 144, 1, 1, 3, 28);
INSERT INTO `exhibitionclassprize` (ID, `ExhibitionClassID`, `PrizeID`, `Prize`, `Points`, `ExhibitionExhibitorID`) VALUES (284, 144, 2, 0.8, 2, 49);
INSERT INTO `exhibitionclassprize` (ID, `ExhibitionClassID`, `PrizeID`, `Prize`, `Points`, `ExhibitionExhibitorID`) VALUES (285, 144, 3, 0.5, 1, 32);
INSERT INTO `exhibitionclassprize` (ID, `ExhibitionClassID`, `PrizeID`, `Prize`, `Points`, `ExhibitionExhibitorID`) VALUES (286, 145, 1, 1, 3, 27);
INSERT INTO `exhibitionclassprize` (ID, `ExhibitionClassID`, `PrizeID`, `Prize`, `Points`, `ExhibitionExhibitorID`) VALUES (287, 145, 2, 0.8, 2, 32);
INSERT INTO `exhibitionclassprize` (ID, `ExhibitionClassID`, `PrizeID`, `Prize`, `Points`, `ExhibitionExhibitorID`) VALUES (288, 145, 3, 0.5, 1, 37);
INSERT INTO `exhibitionclassprize` (ID, `ExhibitionClassID`, `PrizeID`, `Prize`, `Points`, `ExhibitionExhibitorID`) VALUES (289, 157, 1, 1, 3, 2);
INSERT INTO `exhibitionclassprize` (ID, `ExhibitionClassID`, `PrizeID`, `Prize`, `Points`, `ExhibitionExhibitorID`) VALUES (290, 157, 2, 0.8, 2, 40);
INSERT INTO `exhibitionclassprize` (ID, `ExhibitionClassID`, `PrizeID`, `Prize`, `Points`, `ExhibitionExhibitorID`) VALUES (291, 157, 3, 0.5, 1, 34);
INSERT INTO `exhibitionclassprize` (ID, `ExhibitionClassID`, `PrizeID`, `Prize`, `Points`, `ExhibitionExhibitorID`) VALUES (292, 158, 1, 1, 3, 2);
INSERT INTO `exhibitionclassprize` (ID, `ExhibitionClassID`, `PrizeID`, `Prize`, `Points`, `ExhibitionExhibitorID`) VALUES (293, 158, 2, 0.8, 2, 13);
INSERT INTO `exhibitionclassprize` (ID, `ExhibitionClassID`, `PrizeID`, `Prize`, `Points`, `ExhibitionExhibitorID`) VALUES (294, 159, 1, 1, 3, 40);
INSERT INTO `exhibitionclassprize` (ID, `ExhibitionClassID`, `PrizeID`, `Prize`, `Points`, `ExhibitionExhibitorID`) VALUES (295, 159, 2, 0.8, 2, 2);
INSERT INTO `exhibitionclassprize` (ID, `ExhibitionClassID`, `PrizeID`, `Prize`, `Points`, `ExhibitionExhibitorID`) VALUES (296, 160, 1, 1, 3, 33);
INSERT INTO `exhibitionclassprize` (ID, `ExhibitionClassID`, `PrizeID`, `Prize`, `Points`, `ExhibitionExhibitorID`) VALUES (297, 160, 2, 0.8, 2, 13);
INSERT INTO `exhibitionclassprize` (ID, `ExhibitionClassID`, `PrizeID`, `Prize`, `Points`, `ExhibitionExhibitorID`) VALUES (298, 160, 3, 0.5, 1, 40);
INSERT INTO `exhibitionclassprize` (ID, `ExhibitionClassID`, `PrizeID`, `Prize`, `Points`, `ExhibitionExhibitorID`) VALUES (299, 146, 1, 1, 3, 43);
INSERT INTO `exhibitionclassprize` (ID, `ExhibitionClassID`, `PrizeID`, `Prize`, `Points`, `ExhibitionExhibitorID`) VALUES (300, 146, 2, 0.8, 2, 14);
INSERT INTO `exhibitionclassprize` (ID, `ExhibitionClassID`, `PrizeID`, `Prize`, `Points`, `ExhibitionExhibitorID`) VALUES (301, 146, 3, 0.5, 1, 5);
INSERT INTO `exhibitionclassprize` (ID, `ExhibitionClassID`, `PrizeID`, `Prize`, `Points`, `ExhibitionExhibitorID`) VALUES (302, 147, 1, 1, 3, 35);
INSERT INTO `exhibitionclassprize` (ID, `ExhibitionClassID`, `PrizeID`, `Prize`, `Points`, `ExhibitionExhibitorID`) VALUES (303, 147, 2, 0.8, 2, 14);
INSERT INTO `exhibitionclassprize` (ID, `ExhibitionClassID`, `PrizeID`, `Prize`, `Points`, `ExhibitionExhibitorID`) VALUES (304, 147, 3, 0.5, 1, 32);
INSERT INTO `exhibitionclassprize` (ID, `ExhibitionClassID`, `PrizeID`, `Prize`, `Points`, `ExhibitionExhibitorID`) VALUES (305, 148, 1, 1, 3, 28);
INSERT INTO `exhibitionclassprize` (ID, `ExhibitionClassID`, `PrizeID`, `Prize`, `Points`, `ExhibitionExhibitorID`) VALUES (306, 148, 2, 0.8, 2, 22);
INSERT INTO `exhibitionclassprize` (ID, `ExhibitionClassID`, `PrizeID`, `Prize`, `Points`, `ExhibitionExhibitorID`) VALUES (307, 148, 3, 0.5, 1, 35);
INSERT INTO `exhibitionclassprize` (ID, `ExhibitionClassID`, `PrizeID`, `Prize`, `Points`, `ExhibitionExhibitorID`) VALUES (308, 149, 1, 1, 3, 35);
INSERT INTO `exhibitionclassprize` (ID, `ExhibitionClassID`, `PrizeID`, `Prize`, `Points`, `ExhibitionExhibitorID`) VALUES (309, 149, 2, 0.8, 2, 22);
INSERT INTO `exhibitionclassprize` (ID, `ExhibitionClassID`, `PrizeID`, `Prize`, `Points`, `ExhibitionExhibitorID`) VALUES (310, 149, 3, 0.5, 1, 49);
INSERT INTO `exhibitionclassprize` (ID, `ExhibitionClassID`, `PrizeID`, `Prize`, `Points`, `ExhibitionExhibitorID`) VALUES (311, 150, 1, 1, 3, 35);
INSERT INTO `exhibitionclassprize` (ID, `ExhibitionClassID`, `PrizeID`, `Prize`, `Points`, `ExhibitionExhibitorID`) VALUES (312, 150, 2, 0.8, 2, 13);
INSERT INTO `exhibitionclassprize` (ID, `ExhibitionClassID`, `PrizeID`, `Prize`, `Points`, `ExhibitionExhibitorID`) VALUES (313, 150, 3, 0.5, 1, 14);
INSERT INTO `exhibitionclassprize` (ID, `ExhibitionClassID`, `PrizeID`, `Prize`, `Points`, `ExhibitionExhibitorID`) VALUES (314, 151, 1, 1, 3, 18);
INSERT INTO `exhibitionclassprize` (ID, `ExhibitionClassID`, `PrizeID`, `Prize`, `Points`, `ExhibitionExhibitorID`) VALUES (315, 151, 2, 0.8, 2, 28);
INSERT INTO `exhibitionclassprize` (ID, `ExhibitionClassID`, `PrizeID`, `Prize`, `Points`, `ExhibitionExhibitorID`) VALUES (316, 151, 3, 0.5, 1, 32);
INSERT INTO `exhibitionclassprize` (ID, `ExhibitionClassID`, `PrizeID`, `Prize`, `Points`, `ExhibitionExhibitorID`) VALUES (317, 152, 1, 1, 3, 18);
INSERT INTO `exhibitionclassprize` (ID, `ExhibitionClassID`, `PrizeID`, `Prize`, `Points`, `ExhibitionExhibitorID`) VALUES (318, 152, 2, 0.8, 2, 27);
INSERT INTO `exhibitionclassprize` (ID, `ExhibitionClassID`, `PrizeID`, `Prize`, `Points`, `ExhibitionExhibitorID`) VALUES (319, 152, 3, 0.5, 1, 13);
INSERT INTO `exhibitionclassprize` (ID, `ExhibitionClassID`, `PrizeID`, `Prize`, `Points`, `ExhibitionExhibitorID`) VALUES (324, 89, 1, 1, 3, 27);
INSERT INTO `exhibitionclassprize` (ID, `ExhibitionClassID`, `PrizeID`, `Prize`, `Points`, `ExhibitionExhibitorID`) VALUES (334, 87, 1, 1, 3, 26);
INSERT INTO `exhibitionclassprize` (ID, `ExhibitionClassID`, `PrizeID`, `Prize`, `Points`, `ExhibitionExhibitorID`) VALUES (335, 88, 1, 1, 3, 26);
INSERT INTO `exhibitionclassprize` (ID, `ExhibitionClassID`, `PrizeID`, `Prize`, `Points`, `ExhibitionExhibitorID`) VALUES (336, 88, 3, 0.5, 1, 32);
INSERT INTO `exhibitionclassprize` (ID, `ExhibitionClassID`, `PrizeID`, `Prize`, `Points`, `ExhibitionExhibitorID`) VALUES (337, 90, 1, 1, 3, 6);
INSERT INTO `exhibitionclassprize` (ID, `ExhibitionClassID`, `PrizeID`, `Prize`, `Points`, `ExhibitionExhibitorID`) VALUES (338, 90, 2, 0.8, 2, 17);
INSERT INTO `exhibitionclassprize` (ID, `ExhibitionClassID`, `PrizeID`, `Prize`, `Points`, `ExhibitionExhibitorID`) VALUES (339, 90, 3, 0.5, 1, 27);
INSERT INTO `exhibitionclassprize` (ID, `ExhibitionClassID`, `PrizeID`, `Prize`, `Points`, `ExhibitionExhibitorID`) VALUES (340, 91, 1, 1, 3, 20);
INSERT INTO `exhibitionclassprize` (ID, `ExhibitionClassID`, `PrizeID`, `Prize`, `Points`, `ExhibitionExhibitorID`) VALUES (341, 91, 2, 0.8, 2, 18);
INSERT INTO `exhibitionclassprize` (ID, `ExhibitionClassID`, `PrizeID`, `Prize`, `Points`, `ExhibitionExhibitorID`) VALUES (342, 91, 3, 0.5, 1, 27);
INSERT INTO `exhibitionclassprize` (ID, `ExhibitionClassID`, `PrizeID`, `Prize`, `Points`, `ExhibitionExhibitorID`) VALUES (343, 92, 1, 1, 3, 18);
INSERT INTO `exhibitionclassprize` (ID, `ExhibitionClassID`, `PrizeID`, `Prize`, `Points`, `ExhibitionExhibitorID`) VALUES (344, 92, 2, 0.8, 2, 20);
INSERT INTO `exhibitionclassprize` (ID, `ExhibitionClassID`, `PrizeID`, `Prize`, `Points`, `ExhibitionExhibitorID`) VALUES (345, 92, 3, 0.5, 1, 19);
INSERT INTO `exhibitionclassprize` (ID, `ExhibitionClassID`, `PrizeID`, `Prize`, `Points`, `ExhibitionExhibitorID`) VALUES (346, 93, 1, 1, 3, 18);
INSERT INTO `exhibitionclassprize` (ID, `ExhibitionClassID`, `PrizeID`, `Prize`, `Points`, `ExhibitionExhibitorID`) VALUES (347, 93, 2, 0.8, 2, 39);
INSERT INTO `exhibitionclassprize` (ID, `ExhibitionClassID`, `PrizeID`, `Prize`, `Points`, `ExhibitionExhibitorID`) VALUES (348, 93, 3, 0.5, 1, 27);
INSERT INTO `exhibitionclassprize` (ID, `ExhibitionClassID`, `PrizeID`, `Prize`, `Points`, `ExhibitionExhibitorID`) VALUES (349, 94, 1, 1, 3, 16);
INSERT INTO `exhibitionclassprize` (ID, `ExhibitionClassID`, `PrizeID`, `Prize`, `Points`, `ExhibitionExhibitorID`) VALUES (350, 95, 1, 1, 3, 16);
INSERT INTO `exhibitionclassprize` (ID, `ExhibitionClassID`, `PrizeID`, `Prize`, `Points`, `ExhibitionExhibitorID`) VALUES (351, 95, 2, 0.8, 2, 32);
INSERT INTO `exhibitionclassprize` (ID, `ExhibitionClassID`, `PrizeID`, `Prize`, `Points`, `ExhibitionExhibitorID`) VALUES (352, 96, 1, 1, 3, 16);
INSERT INTO `exhibitionclassprize` (ID, `ExhibitionClassID`, `PrizeID`, `Prize`, `Points`, `ExhibitionExhibitorID`) VALUES (353, 96, 2, 0.8, 2, 28);
INSERT INTO `exhibitionclassprize` (ID, `ExhibitionClassID`, `PrizeID`, `Prize`, `Points`, `ExhibitionExhibitorID`) VALUES (354, 98, 1, 1, 3, 16);
INSERT INTO `exhibitionclassprize` (ID, `ExhibitionClassID`, `PrizeID`, `Prize`, `Points`, `ExhibitionExhibitorID`) VALUES (355, 98, 2, 0.8, 2, 32);
INSERT INTO `exhibitionclassprize` (ID, `ExhibitionClassID`, `PrizeID`, `Prize`, `Points`, `ExhibitionExhibitorID`) VALUES (356, 98, 3, 0.5, 1, 24);
INSERT INTO `exhibitionclassprize` (ID, `ExhibitionClassID`, `PrizeID`, `Prize`, `Points`, `ExhibitionExhibitorID`) VALUES (357, 99, 1, 1, 3, 20);
INSERT INTO `exhibitionclassprize` (ID, `ExhibitionClassID`, `PrizeID`, `Prize`, `Points`, `ExhibitionExhibitorID`) VALUES (358, 99, 2, 0.8, 2, 31);
INSERT INTO `exhibitionclassprize` (ID, `ExhibitionClassID`, `PrizeID`, `Prize`, `Points`, `ExhibitionExhibitorID`) VALUES (359, 100, 1, 1, 3, 8);
INSERT INTO `exhibitionclassprize` (ID, `ExhibitionClassID`, `PrizeID`, `Prize`, `Points`, `ExhibitionExhibitorID`) VALUES (360, 100, 2, 0.8, 2, 41);
INSERT INTO `exhibitionclassprize` (ID, `ExhibitionClassID`, `PrizeID`, `Prize`, `Points`, `ExhibitionExhibitorID`) VALUES (361, 100, 3, 0.5, 1, 28);
INSERT INTO `exhibitionclassprize` (ID, `ExhibitionClassID`, `PrizeID`, `Prize`, `Points`, `ExhibitionExhibitorID`) VALUES (362, 101, 2, 0.8, 2, 27);
INSERT INTO `exhibitionclassprize` (ID, `ExhibitionClassID`, `PrizeID`, `Prize`, `Points`, `ExhibitionExhibitorID`) VALUES (363, 102, 1, 1, 3, 32);
INSERT INTO `exhibitionclassprize` (ID, `ExhibitionClassID`, `PrizeID`, `Prize`, `Points`, `ExhibitionExhibitorID`) VALUES (364, 102, 2, 0.8, 2, 41);
INSERT INTO `exhibitionclassprize` (ID, `ExhibitionClassID`, `PrizeID`, `Prize`, `Points`, `ExhibitionExhibitorID`) VALUES (365, 102, 3, 0.5, 1, 16);
INSERT INTO `exhibitionclassprize` (ID, `ExhibitionClassID`, `PrizeID`, `Prize`, `Points`, `ExhibitionExhibitorID`) VALUES (366, 103, 1, 1, 3, 8);
INSERT INTO `exhibitionclassprize` (ID, `ExhibitionClassID`, `PrizeID`, `Prize`, `Points`, `ExhibitionExhibitorID`) VALUES (367, 103, 2, 0.8, 2, 12);
INSERT INTO `exhibitionclassprize` (ID, `ExhibitionClassID`, `PrizeID`, `Prize`, `Points`, `ExhibitionExhibitorID`) VALUES (368, 104, 1, 1, 3, 19);
INSERT INTO `exhibitionclassprize` (ID, `ExhibitionClassID`, `PrizeID`, `Prize`, `Points`, `ExhibitionExhibitorID`) VALUES (369, 104, 2, 0.8, 2, 18);
INSERT INTO `exhibitionclassprize` (ID, `ExhibitionClassID`, `PrizeID`, `Prize`, `Points`, `ExhibitionExhibitorID`) VALUES (370, 104, 3, 0.5, 1, 37);
INSERT INTO `exhibitionclassprize` (ID, `ExhibitionClassID`, `PrizeID`, `Prize`, `Points`, `ExhibitionExhibitorID`) VALUES (371, 105, 1, 1, 3, 18);
INSERT INTO `exhibitionclassprize` (ID, `ExhibitionClassID`, `PrizeID`, `Prize`, `Points`, `ExhibitionExhibitorID`) VALUES (372, 105, 2, 0.8, 2, 26);
INSERT INTO `exhibitionclassprize` (ID, `ExhibitionClassID`, `PrizeID`, `Prize`, `Points`, `ExhibitionExhibitorID`) VALUES (373, 106, 1, 1, 3, 18);
INSERT INTO `exhibitionclassprize` (ID, `ExhibitionClassID`, `PrizeID`, `Prize`, `Points`, `ExhibitionExhibitorID`) VALUES (374, 106, 2, 0.8, 2, 1);
INSERT INTO `exhibitionclassprize` (ID, `ExhibitionClassID`, `PrizeID`, `Prize`, `Points`, `ExhibitionExhibitorID`) VALUES (375, 106, 3, 0.5, 1, 19);
INSERT INTO `exhibitionclassprize` (ID, `ExhibitionClassID`, `PrizeID`, `Prize`, `Points`, `ExhibitionExhibitorID`) VALUES (376, 107, 1, 1, 3, 1);
INSERT INTO `exhibitionclassprize` (ID, `ExhibitionClassID`, `PrizeID`, `Prize`, `Points`, `ExhibitionExhibitorID`) VALUES (377, 107, 2, 0.8, 2, 19);
INSERT INTO `exhibitionclassprize` (ID, `ExhibitionClassID`, `PrizeID`, `Prize`, `Points`, `ExhibitionExhibitorID`) VALUES (378, 107, 3, 0.5, 1, 18);
INSERT INTO `exhibitionclassprize` (ID, `ExhibitionClassID`, `PrizeID`, `Prize`, `Points`, `ExhibitionExhibitorID`) VALUES (379, 108, 1, 1, 3, 18);
INSERT INTO `exhibitionclassprize` (ID, `ExhibitionClassID`, `PrizeID`, `Prize`, `Points`, `ExhibitionExhibitorID`) VALUES (380, 108, 2, 0.8, 2, 19);
INSERT INTO `exhibitionclassprize` (ID, `ExhibitionClassID`, `PrizeID`, `Prize`, `Points`, `ExhibitionExhibitorID`) VALUES (381, 108, 3, 0.5, 1, 6);
INSERT INTO `exhibitionclassprize` (ID, `ExhibitionClassID`, `PrizeID`, `Prize`, `Points`, `ExhibitionExhibitorID`) VALUES (382, 109, 1, 1, 3, 18);
INSERT INTO `exhibitionclassprize` (ID, `ExhibitionClassID`, `PrizeID`, `Prize`, `Points`, `ExhibitionExhibitorID`) VALUES (383, 109, 2, 0.8, 2, 26);
INSERT INTO `exhibitionclassprize` (ID, `ExhibitionClassID`, `PrizeID`, `Prize`, `Points`, `ExhibitionExhibitorID`) VALUES (384, 109, 3, 0.5, 1, 42);
INSERT INTO `exhibitionclassprize` (ID, `ExhibitionClassID`, `PrizeID`, `Prize`, `Points`, `ExhibitionExhibitorID`) VALUES (385, 110, 1, 1, 3, 28);
INSERT INTO `exhibitionclassprize` (ID, `ExhibitionClassID`, `PrizeID`, `Prize`, `Points`, `ExhibitionExhibitorID`) VALUES (386, 110, 2, 0.8, 2, 16);
INSERT INTO `exhibitionclassprize` (ID, `ExhibitionClassID`, `PrizeID`, `Prize`, `Points`, `ExhibitionExhibitorID`) VALUES (387, 111, 1, 1, 3, 18);
INSERT INTO `exhibitionclassprize` (ID, `ExhibitionClassID`, `PrizeID`, `Prize`, `Points`, `ExhibitionExhibitorID`) VALUES (388, 112, 1, 1, 3, 1);
INSERT INTO `exhibitionclassprize` (ID, `ExhibitionClassID`, `PrizeID`, `Prize`, `Points`, `ExhibitionExhibitorID`) VALUES (389, 112, 2, 0.8, 2, 34);
INSERT INTO `exhibitionclassprize` (ID, `ExhibitionClassID`, `PrizeID`, `Prize`, `Points`, `ExhibitionExhibitorID`) VALUES (390, 112, 3, 0.5, 1, 18);
INSERT INTO `exhibitionclassprize` (ID, `ExhibitionClassID`, `PrizeID`, `Prize`, `Points`, `ExhibitionExhibitorID`) VALUES (391, 113, 1, 1, 3, 17);
INSERT INTO `exhibitionclassprize` (ID, `ExhibitionClassID`, `PrizeID`, `Prize`, `Points`, `ExhibitionExhibitorID`) VALUES (392, 113, 2, 0.8, 2, 26);
INSERT INTO `exhibitionclassprize` (ID, `ExhibitionClassID`, `PrizeID`, `Prize`, `Points`, `ExhibitionExhibitorID`) VALUES (393, 113, 3, 0.5, 1, 27);
INSERT INTO `exhibitionclassprize` (ID, `ExhibitionClassID`, `PrizeID`, `Prize`, `Points`, `ExhibitionExhibitorID`) VALUES (394, 114, 1, 1, 3, 21);
INSERT INTO `exhibitionclassprize` (ID, `ExhibitionClassID`, `PrizeID`, `Prize`, `Points`, `ExhibitionExhibitorID`) VALUES (395, 114, 2, 0.8, 2, 27);
INSERT INTO `exhibitionclassprize` (ID, `ExhibitionClassID`, `PrizeID`, `Prize`, `Points`, `ExhibitionExhibitorID`) VALUES (396, 114, 3, 0.5, 1, 20);
INSERT INTO `exhibitionclassprize` (ID, `ExhibitionClassID`, `PrizeID`, `Prize`, `Points`, `ExhibitionExhibitorID`) VALUES (397, 115, 1, 1, 3, 6);
INSERT INTO `exhibitionclassprize` (ID, `ExhibitionClassID`, `PrizeID`, `Prize`, `Points`, `ExhibitionExhibitorID`) VALUES (398, 115, 2, 0.8, 2, 27);
INSERT INTO `exhibitionclassprize` (ID, `ExhibitionClassID`, `PrizeID`, `Prize`, `Points`, `ExhibitionExhibitorID`) VALUES (399, 115, 3, 0.5, 1, 34);
INSERT INTO `exhibitionclassprize` (ID, `ExhibitionClassID`, `PrizeID`, `Prize`, `Points`, `ExhibitionExhibitorID`) VALUES (403, 207, 1, 3, 3, 88);
INSERT INTO `exhibitionclassprize` (ID, `ExhibitionClassID`, `PrizeID`, `Prize`, `Points`, `ExhibitionExhibitorID`) VALUES (404, 207, 2, 2, 2, 105);
INSERT INTO `exhibitionclassprize` (ID, `ExhibitionClassID`, `PrizeID`, `Prize`, `Points`, `ExhibitionExhibitorID`) VALUES (405, 207, 3, 1, 1, 86);
INSERT INTO `exhibitionclassprize` (ID, `ExhibitionClassID`, `PrizeID`, `Prize`, `Points`, `ExhibitionExhibitorID`) VALUES (406, 206, 1, 3, 3, 101);
INSERT INTO `exhibitionclassprize` (ID, `ExhibitionClassID`, `PrizeID`, `Prize`, `Points`, `ExhibitionExhibitorID`) VALUES (407, 206, 2, 2, 2, 85);
INSERT INTO `exhibitionclassprize` (ID, `ExhibitionClassID`, `PrizeID`, `Prize`, `Points`, `ExhibitionExhibitorID`) VALUES (408, 206, 3, 1, 1, 107);
INSERT INTO `exhibitionclassprize` (ID, `ExhibitionClassID`, `PrizeID`, `Prize`, `Points`, `ExhibitionExhibitorID`) VALUES (409, 205, 1, 3, 3, 103);
INSERT INTO `exhibitionclassprize` (ID, `ExhibitionClassID`, `PrizeID`, `Prize`, `Points`, `ExhibitionExhibitorID`) VALUES (410, 205, 2, 2, 2, 88);
INSERT INTO `exhibitionclassprize` (ID, `ExhibitionClassID`, `PrizeID`, `Prize`, `Points`, `ExhibitionExhibitorID`) VALUES (411, 204, 1, 3, 3, 102);
INSERT INTO `exhibitionclassprize` (ID, `ExhibitionClassID`, `PrizeID`, `Prize`, `Points`, `ExhibitionExhibitorID`) VALUES (412, 204, 2, 2, 2, 97);
INSERT INTO `exhibitionclassprize` (ID, `ExhibitionClassID`, `PrizeID`, `Prize`, `Points`, `ExhibitionExhibitorID`) VALUES (413, 204, 3, 1, 1, 84);
INSERT INTO `exhibitionclassprize` (ID, `ExhibitionClassID`, `PrizeID`, `Prize`, `Points`, `ExhibitionExhibitorID`) VALUES (414, 203, 1, 3, 3, 110);
INSERT INTO `exhibitionclassprize` (ID, `ExhibitionClassID`, `PrizeID`, `Prize`, `Points`, `ExhibitionExhibitorID`) VALUES (415, 203, 2, 2, 2, 102);
INSERT INTO `exhibitionclassprize` (ID, `ExhibitionClassID`, `PrizeID`, `Prize`, `Points`, `ExhibitionExhibitorID`) VALUES (416, 202, 1, 3, 3, 103);
INSERT INTO `exhibitionclassprize` (ID, `ExhibitionClassID`, `PrizeID`, `Prize`, `Points`, `ExhibitionExhibitorID`) VALUES (417, 201, 1, 3, 3, 92);
INSERT INTO `exhibitionclassprize` (ID, `ExhibitionClassID`, `PrizeID`, `Prize`, `Points`, `ExhibitionExhibitorID`) VALUES (418, 201, 2, 2, 2, 112);
INSERT INTO `exhibitionclassprize` (ID, `ExhibitionClassID`, `PrizeID`, `Prize`, `Points`, `ExhibitionExhibitorID`) VALUES (419, 175, 1, 3, 3, 106);
INSERT INTO `exhibitionclassprize` (ID, `ExhibitionClassID`, `PrizeID`, `Prize`, `Points`, `ExhibitionExhibitorID`) VALUES (420, 175, 2, 2, 2, 113);
INSERT INTO `exhibitionclassprize` (ID, `ExhibitionClassID`, `PrizeID`, `Prize`, `Points`, `ExhibitionExhibitorID`) VALUES (421, 175, 3, 1, 1, 84);
INSERT INTO `exhibitionclassprize` (ID, `ExhibitionClassID`, `PrizeID`, `Prize`, `Points`, `ExhibitionExhibitorID`) VALUES (422, 177, 1, 3, 3, 92);
INSERT INTO `exhibitionclassprize` (ID, `ExhibitionClassID`, `PrizeID`, `Prize`, `Points`, `ExhibitionExhibitorID`) VALUES (423, 177, 2, 2, 2, 85);
INSERT INTO `exhibitionclassprize` (ID, `ExhibitionClassID`, `PrizeID`, `Prize`, `Points`, `ExhibitionExhibitorID`) VALUES (424, 177, 3, 1, 1, 84);
INSERT INTO `exhibitionclassprize` (ID, `ExhibitionClassID`, `PrizeID`, `Prize`, `Points`, `ExhibitionExhibitorID`) VALUES (425, 178, 1, 3, 3, 92);
INSERT INTO `exhibitionclassprize` (ID, `ExhibitionClassID`, `PrizeID`, `Prize`, `Points`, `ExhibitionExhibitorID`) VALUES (426, 178, 2, 2, 2, 84);
INSERT INTO `exhibitionclassprize` (ID, `ExhibitionClassID`, `PrizeID`, `Prize`, `Points`, `ExhibitionExhibitorID`) VALUES (427, 178, 3, 1, 1, 83);
INSERT INTO `exhibitionclassprize` (ID, `ExhibitionClassID`, `PrizeID`, `Prize`, `Points`, `ExhibitionExhibitorID`) VALUES (428, 179, 1, 3, 3, 83);
INSERT INTO `exhibitionclassprize` (ID, `ExhibitionClassID`, `PrizeID`, `Prize`, `Points`, `ExhibitionExhibitorID`) VALUES (429, 179, 2, 2, 2, 84);
INSERT INTO `exhibitionclassprize` (ID, `ExhibitionClassID`, `PrizeID`, `Prize`, `Points`, `ExhibitionExhibitorID`) VALUES (430, 180, 1, 3, 3, 84);
INSERT INTO `exhibitionclassprize` (ID, `ExhibitionClassID`, `PrizeID`, `Prize`, `Points`, `ExhibitionExhibitorID`) VALUES (431, 182, 1, 3, 3, 89);
INSERT INTO `exhibitionclassprize` (ID, `ExhibitionClassID`, `PrizeID`, `Prize`, `Points`, `ExhibitionExhibitorID`) VALUES (432, 182, 2, 2, 2, 93);
INSERT INTO `exhibitionclassprize` (ID, `ExhibitionClassID`, `PrizeID`, `Prize`, `Points`, `ExhibitionExhibitorID`) VALUES (433, 182, 3, 1, 1, 84);
INSERT INTO `exhibitionclassprize` (ID, `ExhibitionClassID`, `PrizeID`, `Prize`, `Points`, `ExhibitionExhibitorID`) VALUES (434, 184, 1, 3, 3, 84);
INSERT INTO `exhibitionclassprize` (ID, `ExhibitionClassID`, `PrizeID`, `Prize`, `Points`, `ExhibitionExhibitorID`) VALUES (435, 184, 2, 2, 2, 112);
INSERT INTO `exhibitionclassprize` (ID, `ExhibitionClassID`, `PrizeID`, `Prize`, `Points`, `ExhibitionExhibitorID`) VALUES (436, 184, 3, 1, 1, 83);
INSERT INTO `exhibitionclassprize` (ID, `ExhibitionClassID`, `PrizeID`, `Prize`, `Points`, `ExhibitionExhibitorID`) VALUES (437, 186, 1, 3, 3, 83);
INSERT INTO `exhibitionclassprize` (ID, `ExhibitionClassID`, `PrizeID`, `Prize`, `Points`, `ExhibitionExhibitorID`) VALUES (438, 186, 2, 2, 2, 86);
INSERT INTO `exhibitionclassprize` (ID, `ExhibitionClassID`, `PrizeID`, `Prize`, `Points`, `ExhibitionExhibitorID`) VALUES (439, 186, 3, 1, 1, 84);
INSERT INTO `exhibitionclassprize` (ID, `ExhibitionClassID`, `PrizeID`, `Prize`, `Points`, `ExhibitionExhibitorID`) VALUES (440, 187, 1, 3, 3, 83);
INSERT INTO `exhibitionclassprize` (ID, `ExhibitionClassID`, `PrizeID`, `Prize`, `Points`, `ExhibitionExhibitorID`) VALUES (441, 187, 2, 2, 2, 84);
INSERT INTO `exhibitionclassprize` (ID, `ExhibitionClassID`, `PrizeID`, `Prize`, `Points`, `ExhibitionExhibitorID`) VALUES (442, 187, 3, 1, 1, 112);
INSERT INTO `exhibitionclassprize` (ID, `ExhibitionClassID`, `PrizeID`, `Prize`, `Points`, `ExhibitionExhibitorID`) VALUES (443, 188, 1, 3, 3, 84);
INSERT INTO `exhibitionclassprize` (ID, `ExhibitionClassID`, `PrizeID`, `Prize`, `Points`, `ExhibitionExhibitorID`) VALUES (444, 191, 1, 3, 3, 84);
INSERT INTO `exhibitionclassprize` (ID, `ExhibitionClassID`, `PrizeID`, `Prize`, `Points`, `ExhibitionExhibitorID`) VALUES (445, 191, 2, 2, 2, 86);
INSERT INTO `exhibitionclassprize` (ID, `ExhibitionClassID`, `PrizeID`, `Prize`, `Points`, `ExhibitionExhibitorID`) VALUES (446, 191, 3, 1, 1, 93);
INSERT INTO `exhibitionclassprize` (ID, `ExhibitionClassID`, `PrizeID`, `Prize`, `Points`, `ExhibitionExhibitorID`) VALUES (447, 192, 1, 3, 3, 93);
INSERT INTO `exhibitionclassprize` (ID, `ExhibitionClassID`, `PrizeID`, `Prize`, `Points`, `ExhibitionExhibitorID`) VALUES (448, 192, 2, 2, 2, 92);
INSERT INTO `exhibitionclassprize` (ID, `ExhibitionClassID`, `PrizeID`, `Prize`, `Points`, `ExhibitionExhibitorID`) VALUES (449, 192, 3, 1, 1, 87);
INSERT INTO `exhibitionclassprize` (ID, `ExhibitionClassID`, `PrizeID`, `Prize`, `Points`, `ExhibitionExhibitorID`) VALUES (450, 193, 1, 3, 3, 96);
INSERT INTO `exhibitionclassprize` (ID, `ExhibitionClassID`, `PrizeID`, `Prize`, `Points`, `ExhibitionExhibitorID`) VALUES (451, 194, 1, 3, 3, 109);
INSERT INTO `exhibitionclassprize` (ID, `ExhibitionClassID`, `PrizeID`, `Prize`, `Points`, `ExhibitionExhibitorID`) VALUES (452, 194, 2, 2, 2, 104);
INSERT INTO `exhibitionclassprize` (ID, `ExhibitionClassID`, `PrizeID`, `Prize`, `Points`, `ExhibitionExhibitorID`) VALUES (453, 194, 3, 1, 1, 98);
INSERT INTO `exhibitionclassprize` (ID, `ExhibitionClassID`, `PrizeID`, `Prize`, `Points`, `ExhibitionExhibitorID`) VALUES (454, 195, 3, 1, 1, 88);
INSERT INTO `exhibitionclassprize` (ID, `ExhibitionClassID`, `PrizeID`, `Prize`, `Points`, `ExhibitionExhibitorID`) VALUES (455, 196, 1, 3, 3, 92);
INSERT INTO `exhibitionclassprize` (ID, `ExhibitionClassID`, `PrizeID`, `Prize`, `Points`, `ExhibitionExhibitorID`) VALUES (456, 196, 2, 2, 2, 83);
INSERT INTO `exhibitionclassprize` (ID, `ExhibitionClassID`, `PrizeID`, `Prize`, `Points`, `ExhibitionExhibitorID`) VALUES (457, 197, 1, 3, 3, 93);
INSERT INTO `exhibitionclassprize` (ID, `ExhibitionClassID`, `PrizeID`, `Prize`, `Points`, `ExhibitionExhibitorID`) VALUES (458, 197, 2, 2, 2, 88);
INSERT INTO `exhibitionclassprize` (ID, `ExhibitionClassID`, `PrizeID`, `Prize`, `Points`, `ExhibitionExhibitorID`) VALUES (459, 197, 3, 1, 1, 86);
INSERT INTO `exhibitionclassprize` (ID, `ExhibitionClassID`, `PrizeID`, `Prize`, `Points`, `ExhibitionExhibitorID`) VALUES (460, 198, 1, 3, 3, 88);
INSERT INTO `exhibitionclassprize` (ID, `ExhibitionClassID`, `PrizeID`, `Prize`, `Points`, `ExhibitionExhibitorID`) VALUES (461, 198, 2, 2, 2, 100);
INSERT INTO `exhibitionclassprize` (ID, `ExhibitionClassID`, `PrizeID`, `Prize`, `Points`, `ExhibitionExhibitorID`) VALUES (462, 198, 3, 1, 1, 86);
INSERT INTO `exhibitionclassprize` (ID, `ExhibitionClassID`, `PrizeID`, `Prize`, `Points`, `ExhibitionExhibitorID`) VALUES (463, 199, 1, 3, 3, 85);
INSERT INTO `exhibitionclassprize` (ID, `ExhibitionClassID`, `PrizeID`, `Prize`, `Points`, `ExhibitionExhibitorID`) VALUES (464, 199, 2, 2, 2, 84);
INSERT INTO `exhibitionclassprize` (ID, `ExhibitionClassID`, `PrizeID`, `Prize`, `Points`, `ExhibitionExhibitorID`) VALUES (465, 200, 1, 3, 3, 85);
INSERT INTO `exhibitionclassprize` (ID, `ExhibitionClassID`, `PrizeID`, `Prize`, `Points`, `ExhibitionExhibitorID`) VALUES (466, 200, 2, 2, 2, 103);
INSERT INTO `exhibitionclassprize` (ID, `ExhibitionClassID`, `PrizeID`, `Prize`, `Points`, `ExhibitionExhibitorID`) VALUES (467, 200, 3, 1, 1, 86);
INSERT INTO `exhibitionclassprize` (ID, `ExhibitionClassID`, `PrizeID`, `Prize`, `Points`, `ExhibitionExhibitorID`) VALUES (471, 273, 1, 1, 3, 139);
INSERT INTO `exhibitionclassprize` (ID, `ExhibitionClassID`, `PrizeID`, `Prize`, `Points`, `ExhibitionExhibitorID`) VALUES (472, 275, 1, 1, 3, 129);
INSERT INTO `exhibitionclassprize` (ID, `ExhibitionClassID`, `PrizeID`, `Prize`, `Points`, `ExhibitionExhibitorID`) VALUES (473, 276, 1, 1, 3, 157);
INSERT INTO `exhibitionclassprize` (ID, `ExhibitionClassID`, `PrizeID`, `Prize`, `Points`, `ExhibitionExhibitorID`) VALUES (474, 277, 1, 1, 3, 117);
INSERT INTO `exhibitionclassprize` (ID, `ExhibitionClassID`, `PrizeID`, `Prize`, `Points`, `ExhibitionExhibitorID`) VALUES (475, 277, 2, 0.8, 2, 129);
INSERT INTO `exhibitionclassprize` (ID, `ExhibitionClassID`, `PrizeID`, `Prize`, `Points`, `ExhibitionExhibitorID`) VALUES (476, 277, 3, 0.5, 1, 123);
INSERT INTO `exhibitionclassprize` (ID, `ExhibitionClassID`, `PrizeID`, `Prize`, `Points`, `ExhibitionExhibitorID`) VALUES (477, 278, 1, 1, 3, 117);
INSERT INTO `exhibitionclassprize` (ID, `ExhibitionClassID`, `PrizeID`, `Prize`, `Points`, `ExhibitionExhibitorID`) VALUES (478, 279, 1, 1, 3, 121);
INSERT INTO `exhibitionclassprize` (ID, `ExhibitionClassID`, `PrizeID`, `Prize`, `Points`, `ExhibitionExhibitorID`) VALUES (479, 279, 2, 0.8, 2, 136);
INSERT INTO `exhibitionclassprize` (ID, `ExhibitionClassID`, `PrizeID`, `Prize`, `Points`, `ExhibitionExhibitorID`) VALUES (480, 280, 1, 1, 3, 157);
INSERT INTO `exhibitionclassprize` (ID, `ExhibitionClassID`, `PrizeID`, `Prize`, `Points`, `ExhibitionExhibitorID`) VALUES (481, 280, 2, 0.8, 2, 136);
INSERT INTO `exhibitionclassprize` (ID, `ExhibitionClassID`, `PrizeID`, `Prize`, `Points`, `ExhibitionExhibitorID`) VALUES (482, 280, 3, 0.5, 1, 118);
INSERT INTO `exhibitionclassprize` (ID, `ExhibitionClassID`, `PrizeID`, `Prize`, `Points`, `ExhibitionExhibitorID`) VALUES (483, 298, 1, 1, 3, 159);
INSERT INTO `exhibitionclassprize` (ID, `ExhibitionClassID`, `PrizeID`, `Prize`, `Points`, `ExhibitionExhibitorID`) VALUES (484, 298, 2, 0.8, 2, 117);
INSERT INTO `exhibitionclassprize` (ID, `ExhibitionClassID`, `PrizeID`, `Prize`, `Points`, `ExhibitionExhibitorID`) VALUES (485, 298, 3, 0.5, 1, 130);
INSERT INTO `exhibitionclassprize` (ID, `ExhibitionClassID`, `PrizeID`, `Prize`, `Points`, `ExhibitionExhibitorID`) VALUES (486, 299, 1, 1, 3, 132);
INSERT INTO `exhibitionclassprize` (ID, `ExhibitionClassID`, `PrizeID`, `Prize`, `Points`, `ExhibitionExhibitorID`) VALUES (487, 299, 2, 0.8, 2, 117);
INSERT INTO `exhibitionclassprize` (ID, `ExhibitionClassID`, `PrizeID`, `Prize`, `Points`, `ExhibitionExhibitorID`) VALUES (488, 299, 3, 0.5, 1, 128);
INSERT INTO `exhibitionclassprize` (ID, `ExhibitionClassID`, `PrizeID`, `Prize`, `Points`, `ExhibitionExhibitorID`) VALUES (489, 300, 1, 1, 3, 118);
INSERT INTO `exhibitionclassprize` (ID, `ExhibitionClassID`, `PrizeID`, `Prize`, `Points`, `ExhibitionExhibitorID`) VALUES (490, 300, 2, 0.8, 2, 140);
INSERT INTO `exhibitionclassprize` (ID, `ExhibitionClassID`, `PrizeID`, `Prize`, `Points`, `ExhibitionExhibitorID`) VALUES (491, 300, 3, 0.5, 1, 131);
INSERT INTO `exhibitionclassprize` (ID, `ExhibitionClassID`, `PrizeID`, `Prize`, `Points`, `ExhibitionExhibitorID`) VALUES (492, 301, 1, 1, 3, 128);
INSERT INTO `exhibitionclassprize` (ID, `ExhibitionClassID`, `PrizeID`, `Prize`, `Points`, `ExhibitionExhibitorID`) VALUES (493, 301, 2, 0.8, 2, 139);
INSERT INTO `exhibitionclassprize` (ID, `ExhibitionClassID`, `PrizeID`, `Prize`, `Points`, `ExhibitionExhibitorID`) VALUES (494, 301, 3, 0.5, 1, 123);
INSERT INTO `exhibitionclassprize` (ID, `ExhibitionClassID`, `PrizeID`, `Prize`, `Points`, `ExhibitionExhibitorID`) VALUES (495, 237, 1, 1, 3, 190);
INSERT INTO `exhibitionclassprize` (ID, `ExhibitionClassID`, `PrizeID`, `Prize`, `Points`, `ExhibitionExhibitorID`) VALUES (496, 238, 1, 1, 3, 169);
INSERT INTO `exhibitionclassprize` (ID, `ExhibitionClassID`, `PrizeID`, `Prize`, `Points`, `ExhibitionExhibitorID`) VALUES (497, 238, 2, 0.8, 2, 149);
INSERT INTO `exhibitionclassprize` (ID, `ExhibitionClassID`, `PrizeID`, `Prize`, `Points`, `ExhibitionExhibitorID`) VALUES (498, 238, 3, 0.5, 1, 167);
INSERT INTO `exhibitionclassprize` (ID, `ExhibitionClassID`, `PrizeID`, `Prize`, `Points`, `ExhibitionExhibitorID`) VALUES (499, 239, 1, 1, 3, 181);
INSERT INTO `exhibitionclassprize` (ID, `ExhibitionClassID`, `PrizeID`, `Prize`, `Points`, `ExhibitionExhibitorID`) VALUES (500, 239, 2, 0.8, 2, 175);
INSERT INTO `exhibitionclassprize` (ID, `ExhibitionClassID`, `PrizeID`, `Prize`, `Points`, `ExhibitionExhibitorID`) VALUES (501, 239, 3, 0.5, 1, 178);
INSERT INTO `exhibitionclassprize` (ID, `ExhibitionClassID`, `PrizeID`, `Prize`, `Points`, `ExhibitionExhibitorID`) VALUES (502, 208, 1, 1, 3, 133);
INSERT INTO `exhibitionclassprize` (ID, `ExhibitionClassID`, `PrizeID`, `Prize`, `Points`, `ExhibitionExhibitorID`) VALUES (503, 209, 1, 1, 3, 133);
INSERT INTO `exhibitionclassprize` (ID, `ExhibitionClassID`, `PrizeID`, `Prize`, `Points`, `ExhibitionExhibitorID`) VALUES (504, 210, 1, 1, 3, 133);
INSERT INTO `exhibitionclassprize` (ID, `ExhibitionClassID`, `PrizeID`, `Prize`, `Points`, `ExhibitionExhibitorID`) VALUES (505, 210, 2, 0.8, 2, 122);
INSERT INTO `exhibitionclassprize` (ID, `ExhibitionClassID`, `PrizeID`, `Prize`, `Points`, `ExhibitionExhibitorID`) VALUES (506, 210, 3, 0.5, 1, 130);
INSERT INTO `exhibitionclassprize` (ID, `ExhibitionClassID`, `PrizeID`, `Prize`, `Points`, `ExhibitionExhibitorID`) VALUES (507, 211, 1, 1, 3, 118);
INSERT INTO `exhibitionclassprize` (ID, `ExhibitionClassID`, `PrizeID`, `Prize`, `Points`, `ExhibitionExhibitorID`) VALUES (508, 211, 2, 0.8, 2, 133);
INSERT INTO `exhibitionclassprize` (ID, `ExhibitionClassID`, `PrizeID`, `Prize`, `Points`, `ExhibitionExhibitorID`) VALUES (509, 212, 1, 1, 3, 128);
INSERT INTO `exhibitionclassprize` (ID, `ExhibitionClassID`, `PrizeID`, `Prize`, `Points`, `ExhibitionExhibitorID`) VALUES (510, 212, 2, 0.8, 2, 155);
INSERT INTO `exhibitionclassprize` (ID, `ExhibitionClassID`, `PrizeID`, `Prize`, `Points`, `ExhibitionExhibitorID`) VALUES (513, 212, 3, 0.5, 1, 138);
INSERT INTO `exhibitionclassprize` (ID, `ExhibitionClassID`, `PrizeID`, `Prize`, `Points`, `ExhibitionExhibitorID`) VALUES (514, 213, 1, 1, 3, 155);
INSERT INTO `exhibitionclassprize` (ID, `ExhibitionClassID`, `PrizeID`, `Prize`, `Points`, `ExhibitionExhibitorID`) VALUES (515, 213, 2, 0.8, 2, 140);
INSERT INTO `exhibitionclassprize` (ID, `ExhibitionClassID`, `PrizeID`, `Prize`, `Points`, `ExhibitionExhibitorID`) VALUES (516, 213, 3, 0.5, 1, 138);
INSERT INTO `exhibitionclassprize` (ID, `ExhibitionClassID`, `PrizeID`, `Prize`, `Points`, `ExhibitionExhibitorID`) VALUES (517, 214, 1, 1, 3, 138);
INSERT INTO `exhibitionclassprize` (ID, `ExhibitionClassID`, `PrizeID`, `Prize`, `Points`, `ExhibitionExhibitorID`) VALUES (518, 214, 2, 0.8, 2, 122);
INSERT INTO `exhibitionclassprize` (ID, `ExhibitionClassID`, `PrizeID`, `Prize`, `Points`, `ExhibitionExhibitorID`) VALUES (519, 214, 3, 0.5, 1, 130);
INSERT INTO `exhibitionclassprize` (ID, `ExhibitionClassID`, `PrizeID`, `Prize`, `Points`, `ExhibitionExhibitorID`) VALUES (520, 215, 1, 1, 3, 138);
INSERT INTO `exhibitionclassprize` (ID, `ExhibitionClassID`, `PrizeID`, `Prize`, `Points`, `ExhibitionExhibitorID`) VALUES (521, 215, 2, 0.8, 2, 126);
INSERT INTO `exhibitionclassprize` (ID, `ExhibitionClassID`, `PrizeID`, `Prize`, `Points`, `ExhibitionExhibitorID`) VALUES (522, 216, 1, 1, 3, 126);
INSERT INTO `exhibitionclassprize` (ID, `ExhibitionClassID`, `PrizeID`, `Prize`, `Points`, `ExhibitionExhibitorID`) VALUES (523, 217, 1, 1, 3, 128);
INSERT INTO `exhibitionclassprize` (ID, `ExhibitionClassID`, `PrizeID`, `Prize`, `Points`, `ExhibitionExhibitorID`) VALUES (524, 217, 3, 0.5, 1, 126);
INSERT INTO `exhibitionclassprize` (ID, `ExhibitionClassID`, `PrizeID`, `Prize`, `Points`, `ExhibitionExhibitorID`) VALUES (525, 218, 1, 1, 3, 138);
INSERT INTO `exhibitionclassprize` (ID, `ExhibitionClassID`, `PrizeID`, `Prize`, `Points`, `ExhibitionExhibitorID`) VALUES (526, 218, 2, 0.8, 2, 128);
INSERT INTO `exhibitionclassprize` (ID, `ExhibitionClassID`, `PrizeID`, `Prize`, `Points`, `ExhibitionExhibitorID`) VALUES (527, 218, 3, 0.5, 1, 155);
INSERT INTO `exhibitionclassprize` (ID, `ExhibitionClassID`, `PrizeID`, `Prize`, `Points`, `ExhibitionExhibitorID`) VALUES (528, 219, 1, 1, 3, 138);
INSERT INTO `exhibitionclassprize` (ID, `ExhibitionClassID`, `PrizeID`, `Prize`, `Points`, `ExhibitionExhibitorID`) VALUES (529, 219, 2, 0.8, 2, 137);
INSERT INTO `exhibitionclassprize` (ID, `ExhibitionClassID`, `PrizeID`, `Prize`, `Points`, `ExhibitionExhibitorID`) VALUES (530, 219, 3, 0.5, 1, 159);
INSERT INTO `exhibitionclassprize` (ID, `ExhibitionClassID`, `PrizeID`, `Prize`, `Points`, `ExhibitionExhibitorID`) VALUES (531, 220, 1, 1, 3, 140);
INSERT INTO `exhibitionclassprize` (ID, `ExhibitionClassID`, `PrizeID`, `Prize`, `Points`, `ExhibitionExhibitorID`) VALUES (532, 220, 2, 0.8, 2, 155);
INSERT INTO `exhibitionclassprize` (ID, `ExhibitionClassID`, `PrizeID`, `Prize`, `Points`, `ExhibitionExhibitorID`) VALUES (533, 220, 3, 0.5, 1, 126);
INSERT INTO `exhibitionclassprize` (ID, `ExhibitionClassID`, `PrizeID`, `Prize`, `Points`, `ExhibitionExhibitorID`) VALUES (534, 221, 2, 0.8, 2, 118);
INSERT INTO `exhibitionclassprize` (ID, `ExhibitionClassID`, `PrizeID`, `Prize`, `Points`, `ExhibitionExhibitorID`) VALUES (535, 222, 1, 1, 3, 123);
INSERT INTO `exhibitionclassprize` (ID, `ExhibitionClassID`, `PrizeID`, `Prize`, `Points`, `ExhibitionExhibitorID`) VALUES (536, 222, 2, 0.8, 2, 118);
INSERT INTO `exhibitionclassprize` (ID, `ExhibitionClassID`, `PrizeID`, `Prize`, `Points`, `ExhibitionExhibitorID`) VALUES (537, 222, 3, 0.5, 1, 124);
INSERT INTO `exhibitionclassprize` (ID, `ExhibitionClassID`, `PrizeID`, `Prize`, `Points`, `ExhibitionExhibitorID`) VALUES (538, 223, 1, 1, 3, 126);
INSERT INTO `exhibitionclassprize` (ID, `ExhibitionClassID`, `PrizeID`, `Prize`, `Points`, `ExhibitionExhibitorID`) VALUES (539, 223, 2, 0.8, 2, 122);
INSERT INTO `exhibitionclassprize` (ID, `ExhibitionClassID`, `PrizeID`, `Prize`, `Points`, `ExhibitionExhibitorID`) VALUES (540, 224, 1, 1, 3, 122);
INSERT INTO `exhibitionclassprize` (ID, `ExhibitionClassID`, `PrizeID`, `Prize`, `Points`, `ExhibitionExhibitorID`) VALUES (541, 224, 2, 0.8, 2, 114);
INSERT INTO `exhibitionclassprize` (ID, `ExhibitionClassID`, `PrizeID`, `Prize`, `Points`, `ExhibitionExhibitorID`) VALUES (542, 225, 1, 1, 3, 122);
INSERT INTO `exhibitionclassprize` (ID, `ExhibitionClassID`, `PrizeID`, `Prize`, `Points`, `ExhibitionExhibitorID`) VALUES (543, 225, 2, 0.8, 2, 130);
INSERT INTO `exhibitionclassprize` (ID, `ExhibitionClassID`, `PrizeID`, `Prize`, `Points`, `ExhibitionExhibitorID`) VALUES (544, 226, 1, 1, 3, 114);
INSERT INTO `exhibitionclassprize` (ID, `ExhibitionClassID`, `PrizeID`, `Prize`, `Points`, `ExhibitionExhibitorID`) VALUES (545, 226, 3, 0.5, 1, 122);
INSERT INTO `exhibitionclassprize` (ID, `ExhibitionClassID`, `PrizeID`, `Prize`, `Points`, `ExhibitionExhibitorID`) VALUES (546, 227, 1, 1, 3, 114);
INSERT INTO `exhibitionclassprize` (ID, `ExhibitionClassID`, `PrizeID`, `Prize`, `Points`, `ExhibitionExhibitorID`) VALUES (547, 227, 2, 0.8, 2, 122);
INSERT INTO `exhibitionclassprize` (ID, `ExhibitionClassID`, `PrizeID`, `Prize`, `Points`, `ExhibitionExhibitorID`) VALUES (548, 228, 1, 1, 3, 139);
INSERT INTO `exhibitionclassprize` (ID, `ExhibitionClassID`, `PrizeID`, `Prize`, `Points`, `ExhibitionExhibitorID`) VALUES (549, 228, 2, 0.8, 2, 143);
INSERT INTO `exhibitionclassprize` (ID, `ExhibitionClassID`, `PrizeID`, `Prize`, `Points`, `ExhibitionExhibitorID`) VALUES (550, 228, 3, 0.5, 1, 114);
INSERT INTO `exhibitionclassprize` (ID, `ExhibitionClassID`, `PrizeID`, `Prize`, `Points`, `ExhibitionExhibitorID`) VALUES (551, 229, 1, 1, 3, 133);
INSERT INTO `exhibitionclassprize` (ID, `ExhibitionClassID`, `PrizeID`, `Prize`, `Points`, `ExhibitionExhibitorID`) VALUES (552, 229, 2, 0.8, 2, 122);
INSERT INTO `exhibitionclassprize` (ID, `ExhibitionClassID`, `PrizeID`, `Prize`, `Points`, `ExhibitionExhibitorID`) VALUES (553, 229, 3, 0.5, 1, 130);
INSERT INTO `exhibitionclassprize` (ID, `ExhibitionClassID`, `PrizeID`, `Prize`, `Points`, `ExhibitionExhibitorID`) VALUES (554, 230, 1, 1, 3, 122);
INSERT INTO `exhibitionclassprize` (ID, `ExhibitionClassID`, `PrizeID`, `Prize`, `Points`, `ExhibitionExhibitorID`) VALUES (555, 230, 2, 0.8, 2, 140);
INSERT INTO `exhibitionclassprize` (ID, `ExhibitionClassID`, `PrizeID`, `Prize`, `Points`, `ExhibitionExhibitorID`) VALUES (556, 231, 1, 1, 3, 140);
INSERT INTO `exhibitionclassprize` (ID, `ExhibitionClassID`, `PrizeID`, `Prize`, `Points`, `ExhibitionExhibitorID`) VALUES (557, 231, 2, 0.8, 2, 141);
INSERT INTO `exhibitionclassprize` (ID, `ExhibitionClassID`, `PrizeID`, `Prize`, `Points`, `ExhibitionExhibitorID`) VALUES (558, 231, 3, 0.5, 1, 122);
INSERT INTO `exhibitionclassprize` (ID, `ExhibitionClassID`, `PrizeID`, `Prize`, `Points`, `ExhibitionExhibitorID`) VALUES (559, 232, 1, 1, 3, 135);
INSERT INTO `exhibitionclassprize` (ID, `ExhibitionClassID`, `PrizeID`, `Prize`, `Points`, `ExhibitionExhibitorID`) VALUES (560, 232, 2, 0.8, 2, 130);
INSERT INTO `exhibitionclassprize` (ID, `ExhibitionClassID`, `PrizeID`, `Prize`, `Points`, `ExhibitionExhibitorID`) VALUES (561, 232, 3, 0.5, 1, 142);
INSERT INTO `exhibitionclassprize` (ID, `ExhibitionClassID`, `PrizeID`, `Prize`, `Points`, `ExhibitionExhibitorID`) VALUES (562, 233, 1, 1, 3, 123);
INSERT INTO `exhibitionclassprize` (ID, `ExhibitionClassID`, `PrizeID`, `Prize`, `Points`, `ExhibitionExhibitorID`) VALUES (563, 233, 2, 0.8, 2, 144);
INSERT INTO `exhibitionclassprize` (ID, `ExhibitionClassID`, `PrizeID`, `Prize`, `Points`, `ExhibitionExhibitorID`) VALUES (564, 233, 3, 0.5, 1, 121);
INSERT INTO `exhibitionclassprize` (ID, `ExhibitionClassID`, `PrizeID`, `Prize`, `Points`, `ExhibitionExhibitorID`) VALUES (565, 234, 1, 1, 3, 131);
INSERT INTO `exhibitionclassprize` (ID, `ExhibitionClassID`, `PrizeID`, `Prize`, `Points`, `ExhibitionExhibitorID`) VALUES (566, 234, 2, 0.8, 2, 117);
INSERT INTO `exhibitionclassprize` (ID, `ExhibitionClassID`, `PrizeID`, `Prize`, `Points`, `ExhibitionExhibitorID`) VALUES (567, 234, 3, 0.5, 1, 130);
INSERT INTO `exhibitionclassprize` (ID, `ExhibitionClassID`, `PrizeID`, `Prize`, `Points`, `ExhibitionExhibitorID`) VALUES (568, 235, 1, 1, 3, 122);
INSERT INTO `exhibitionclassprize` (ID, `ExhibitionClassID`, `PrizeID`, `Prize`, `Points`, `ExhibitionExhibitorID`) VALUES (569, 235, 2, 0.8, 2, 143);
INSERT INTO `exhibitionclassprize` (ID, `ExhibitionClassID`, `PrizeID`, `Prize`, `Points`, `ExhibitionExhibitorID`) VALUES (570, 235, 3, 0.5, 1, 130);
INSERT INTO `exhibitionclassprize` (ID, `ExhibitionClassID`, `PrizeID`, `Prize`, `Points`, `ExhibitionExhibitorID`) VALUES (571, 287, 1, 1, 3, 140);
INSERT INTO `exhibitionclassprize` (ID, `ExhibitionClassID`, `PrizeID`, `Prize`, `Points`, `ExhibitionExhibitorID`) VALUES (572, 287, 2, 0.8, 2, 128);
INSERT INTO `exhibitionclassprize` (ID, `ExhibitionClassID`, `PrizeID`, `Prize`, `Points`, `ExhibitionExhibitorID`) VALUES (573, 287, 3, 0.5, 1, 120);
INSERT INTO `exhibitionclassprize` (ID, `ExhibitionClassID`, `PrizeID`, `Prize`, `Points`, `ExhibitionExhibitorID`) VALUES (574, 288, 1, 1, 3, 159);
INSERT INTO `exhibitionclassprize` (ID, `ExhibitionClassID`, `PrizeID`, `Prize`, `Points`, `ExhibitionExhibitorID`) VALUES (575, 288, 2, 0.8, 2, 140);
INSERT INTO `exhibitionclassprize` (ID, `ExhibitionClassID`, `PrizeID`, `Prize`, `Points`, `ExhibitionExhibitorID`) VALUES (576, 288, 3, 0.5, 1, 128);
INSERT INTO `exhibitionclassprize` (ID, `ExhibitionClassID`, `PrizeID`, `Prize`, `Points`, `ExhibitionExhibitorID`) VALUES (577, 289, 1, 1, 3, 127);
INSERT INTO `exhibitionclassprize` (ID, `ExhibitionClassID`, `PrizeID`, `Prize`, `Points`, `ExhibitionExhibitorID`) VALUES (578, 289, 2, 0.8, 2, 154);
INSERT INTO `exhibitionclassprize` (ID, `ExhibitionClassID`, `PrizeID`, `Prize`, `Points`, `ExhibitionExhibitorID`) VALUES (579, 289, 3, 0.5, 1, 130);
INSERT INTO `exhibitionclassprize` (ID, `ExhibitionClassID`, `PrizeID`, `Prize`, `Points`, `ExhibitionExhibitorID`) VALUES (580, 302, 1, 1, 3, 124);
INSERT INTO `exhibitionclassprize` (ID, `ExhibitionClassID`, `PrizeID`, `Prize`, `Points`, `ExhibitionExhibitorID`) VALUES (581, 302, 2, 0.8, 2, 161);
INSERT INTO `exhibitionclassprize` (ID, `ExhibitionClassID`, `PrizeID`, `Prize`, `Points`, `ExhibitionExhibitorID`) VALUES (582, 303, 1, 1, 3, 143);
INSERT INTO `exhibitionclassprize` (ID, `ExhibitionClassID`, `PrizeID`, `Prize`, `Points`, `ExhibitionExhibitorID`) VALUES (583, 305, 1, 1, 3, 142);
INSERT INTO `exhibitionclassprize` (ID, `ExhibitionClassID`, `PrizeID`, `Prize`, `Points`, `ExhibitionExhibitorID`) VALUES (584, 305, 2, 0.8, 2, 124);
INSERT INTO `exhibitionclassprize` (ID, `ExhibitionClassID`, `PrizeID`, `Prize`, `Points`, `ExhibitionExhibitorID`) VALUES (585, 304, 1, 1, 3, 154);
INSERT INTO `exhibitionclassprize` (ID, `ExhibitionClassID`, `PrizeID`, `Prize`, `Points`, `ExhibitionExhibitorID`) VALUES (586, 304, 2, 0.8, 2, 124);
INSERT INTO `exhibitionclassprize` (ID, `ExhibitionClassID`, `PrizeID`, `Prize`, `Points`, `ExhibitionExhibitorID`) VALUES (587, 304, 3, 0.5, 1, 143);
INSERT INTO `exhibitionclassprize` (ID, `ExhibitionClassID`, `PrizeID`, `Prize`, `Points`, `ExhibitionExhibitorID`) VALUES (588, 245, 1, 1, 3, 189);
INSERT INTO `exhibitionclassprize` (ID, `ExhibitionClassID`, `PrizeID`, `Prize`, `Points`, `ExhibitionExhibitorID`) VALUES (589, 245, 2, 0.8, 2, 185);
INSERT INTO `exhibitionclassprize` (ID, `ExhibitionClassID`, `PrizeID`, `Prize`, `Points`, `ExhibitionExhibitorID`) VALUES (590, 250, 1, 1, 3, 186);
INSERT INTO `exhibitionclassprize` (ID, `ExhibitionClassID`, `PrizeID`, `Prize`, `Points`, `ExhibitionExhibitorID`) VALUES (591, 250, 2, 0.8, 2, 187);
INSERT INTO `exhibitionclassprize` (ID, `ExhibitionClassID`, `PrizeID`, `Prize`, `Points`, `ExhibitionExhibitorID`) VALUES (592, 250, 3, 0.5, 1, 189);
INSERT INTO `exhibitionclassprize` (ID, `ExhibitionClassID`, `PrizeID`, `Prize`, `Points`, `ExhibitionExhibitorID`) VALUES (593, 290, 1, 1, 3, 146);
INSERT INTO `exhibitionclassprize` (ID, `ExhibitionClassID`, `PrizeID`, `Prize`, `Points`, `ExhibitionExhibitorID`) VALUES (594, 290, 2, 0.8, 2, 156);
INSERT INTO `exhibitionclassprize` (ID, `ExhibitionClassID`, `PrizeID`, `Prize`, `Points`, `ExhibitionExhibitorID`) VALUES (595, 290, 3, 0.5, 1, 136);
INSERT INTO `exhibitionclassprize` (ID, `ExhibitionClassID`, `PrizeID`, `Prize`, `Points`, `ExhibitionExhibitorID`) VALUES (596, 291, 1, 1, 3, 122);
INSERT INTO `exhibitionclassprize` (ID, `ExhibitionClassID`, `PrizeID`, `Prize`, `Points`, `ExhibitionExhibitorID`) VALUES (597, 291, 2, 0.8, 2, 120);
INSERT INTO `exhibitionclassprize` (ID, `ExhibitionClassID`, `PrizeID`, `Prize`, `Points`, `ExhibitionExhibitorID`) VALUES (598, 291, 3, 0.5, 1, 115);
INSERT INTO `exhibitionclassprize` (ID, `ExhibitionClassID`, `PrizeID`, `Prize`, `Points`, `ExhibitionExhibitorID`) VALUES (599, 292, 1, 1, 3, 139);
INSERT INTO `exhibitionclassprize` (ID, `ExhibitionClassID`, `PrizeID`, `Prize`, `Points`, `ExhibitionExhibitorID`) VALUES (600, 292, 2, 0.8, 2, 136);
INSERT INTO `exhibitionclassprize` (ID, `ExhibitionClassID`, `PrizeID`, `Prize`, `Points`, `ExhibitionExhibitorID`) VALUES (601, 292, 3, 0.5, 1, 120);
INSERT INTO `exhibitionclassprize` (ID, `ExhibitionClassID`, `PrizeID`, `Prize`, `Points`, `ExhibitionExhibitorID`) VALUES (602, 293, 1, 1, 3, 128);
INSERT INTO `exhibitionclassprize` (ID, `ExhibitionClassID`, `PrizeID`, `Prize`, `Points`, `ExhibitionExhibitorID`) VALUES (603, 293, 2, 0.8, 2, 136);
INSERT INTO `exhibitionclassprize` (ID, `ExhibitionClassID`, `PrizeID`, `Prize`, `Points`, `ExhibitionExhibitorID`) VALUES (604, 293, 3, 0.5, 1, 115);
INSERT INTO `exhibitionclassprize` (ID, `ExhibitionClassID`, `PrizeID`, `Prize`, `Points`, `ExhibitionExhibitorID`) VALUES (605, 294, 1, 1, 3, 115);
INSERT INTO `exhibitionclassprize` (ID, `ExhibitionClassID`, `PrizeID`, `Prize`, `Points`, `ExhibitionExhibitorID`) VALUES (606, 294, 2, 0.8, 2, 124);
INSERT INTO `exhibitionclassprize` (ID, `ExhibitionClassID`, `PrizeID`, `Prize`, `Points`, `ExhibitionExhibitorID`) VALUES (607, 294, 3, 0.5, 1, 122);
INSERT INTO `exhibitionclassprize` (ID, `ExhibitionClassID`, `PrizeID`, `Prize`, `Points`, `ExhibitionExhibitorID`) VALUES (608, 295, 1, 1, 3, 122);
INSERT INTO `exhibitionclassprize` (ID, `ExhibitionClassID`, `PrizeID`, `Prize`, `Points`, `ExhibitionExhibitorID`) VALUES (609, 295, 2, 0.8, 2, 120);
INSERT INTO `exhibitionclassprize` (ID, `ExhibitionClassID`, `PrizeID`, `Prize`, `Points`, `ExhibitionExhibitorID`) VALUES (610, 295, 3, 0.5, 1, 123);
INSERT INTO `exhibitionclassprize` (ID, `ExhibitionClassID`, `PrizeID`, `Prize`, `Points`, `ExhibitionExhibitorID`) VALUES (611, 296, 1, 1, 3, 127);
INSERT INTO `exhibitionclassprize` (ID, `ExhibitionClassID`, `PrizeID`, `Prize`, `Points`, `ExhibitionExhibitorID`) VALUES (612, 296, 2, 0.8, 2, 122);
INSERT INTO `exhibitionclassprize` (ID, `ExhibitionClassID`, `PrizeID`, `Prize`, `Points`, `ExhibitionExhibitorID`) VALUES (613, 296, 3, 0.5, 1, 118);
INSERT INTO `exhibitionclassprize` (ID, `ExhibitionClassID`, `PrizeID`, `Prize`, `Points`, `ExhibitionExhibitorID`) VALUES (614, 297, 1, 1, 3, 122);
INSERT INTO `exhibitionclassprize` (ID, `ExhibitionClassID`, `PrizeID`, `Prize`, `Points`, `ExhibitionExhibitorID`) VALUES (615, 297, 2, 0.8, 2, 128);
INSERT INTO `exhibitionclassprize` (ID, `ExhibitionClassID`, `PrizeID`, `Prize`, `Points`, `ExhibitionExhibitorID`) VALUES (616, 297, 3, 0.5, 1, 120);
INSERT INTO `exhibitionclassprize` (ID, `ExhibitionClassID`, `PrizeID`, `Prize`, `Points`, `ExhibitionExhibitorID`) VALUES (617, 251, 1, 1, 3, 121);
INSERT INTO `exhibitionclassprize` (ID, `ExhibitionClassID`, `PrizeID`, `Prize`, `Points`, `ExhibitionExhibitorID`) VALUES (618, 251, 2, 0.8, 2, 126);
INSERT INTO `exhibitionclassprize` (ID, `ExhibitionClassID`, `PrizeID`, `Prize`, `Points`, `ExhibitionExhibitorID`) VALUES (619, 251, 3, 0.5, 1, 156);
INSERT INTO `exhibitionclassprize` (ID, `ExhibitionClassID`, `PrizeID`, `Prize`, `Points`, `ExhibitionExhibitorID`) VALUES (620, 252, 1, 1, 3, 137);
INSERT INTO `exhibitionclassprize` (ID, `ExhibitionClassID`, `PrizeID`, `Prize`, `Points`, `ExhibitionExhibitorID`) VALUES (621, 252, 2, 0.8, 2, 133);
INSERT INTO `exhibitionclassprize` (ID, `ExhibitionClassID`, `PrizeID`, `Prize`, `Points`, `ExhibitionExhibitorID`) VALUES (622, 253, 1, 1, 3, 133);
INSERT INTO `exhibitionclassprize` (ID, `ExhibitionClassID`, `PrizeID`, `Prize`, `Points`, `ExhibitionExhibitorID`) VALUES (623, 253, 2, 0.8, 2, 135);
INSERT INTO `exhibitionclassprize` (ID, `ExhibitionClassID`, `PrizeID`, `Prize`, `Points`, `ExhibitionExhibitorID`) VALUES (624, 253, 3, 0.5, 1, 116);
INSERT INTO `exhibitionclassprize` (ID, `ExhibitionClassID`, `PrizeID`, `Prize`, `Points`, `ExhibitionExhibitorID`) VALUES (625, 254, 1, 1, 3, 146);
INSERT INTO `exhibitionclassprize` (ID, `ExhibitionClassID`, `PrizeID`, `Prize`, `Points`, `ExhibitionExhibitorID`) VALUES (626, 254, 2, 0.8, 2, 156);
INSERT INTO `exhibitionclassprize` (ID, `ExhibitionClassID`, `PrizeID`, `Prize`, `Points`, `ExhibitionExhibitorID`) VALUES (627, 254, 3, 0.5, 1, 135);
INSERT INTO `exhibitionclassprize` (ID, `ExhibitionClassID`, `PrizeID`, `Prize`, `Points`, `ExhibitionExhibitorID`) VALUES (628, 255, 1, 1, 3, 126);
INSERT INTO `exhibitionclassprize` (ID, `ExhibitionClassID`, `PrizeID`, `Prize`, `Points`, `ExhibitionExhibitorID`) VALUES (629, 255, 2, 0.8, 2, 116);
INSERT INTO `exhibitionclassprize` (ID, `ExhibitionClassID`, `PrizeID`, `Prize`, `Points`, `ExhibitionExhibitorID`) VALUES (631, 256, 2, 0.8, 2, 189);
INSERT INTO `exhibitionclassprize` (ID, `ExhibitionClassID`, `PrizeID`, `Prize`, `Points`, `ExhibitionExhibitorID`) VALUES (633, 257, 1, 1, 3, 116);
INSERT INTO `exhibitionclassprize` (ID, `ExhibitionClassID`, `PrizeID`, `Prize`, `Points`, `ExhibitionExhibitorID`) VALUES (634, 257, 2, 0.8, 2, 135);
INSERT INTO `exhibitionclassprize` (ID, `ExhibitionClassID`, `PrizeID`, `Prize`, `Points`, `ExhibitionExhibitorID`) VALUES (635, 257, 3, 0.5, 1, 136);
INSERT INTO `exhibitionclassprize` (ID, `ExhibitionClassID`, `PrizeID`, `Prize`, `Points`, `ExhibitionExhibitorID`) VALUES (636, 258, 1, 1, 3, 121);
INSERT INTO `exhibitionclassprize` (ID, `ExhibitionClassID`, `PrizeID`, `Prize`, `Points`, `ExhibitionExhibitorID`) VALUES (637, 258, 2, 0.8, 2, 116);
INSERT INTO `exhibitionclassprize` (ID, `ExhibitionClassID`, `PrizeID`, `Prize`, `Points`, `ExhibitionExhibitorID`) VALUES (638, 258, 3, 0.5, 1, 133);
INSERT INTO `exhibitionclassprize` (ID, `ExhibitionClassID`, `PrizeID`, `Prize`, `Points`, `ExhibitionExhibitorID`) VALUES (639, 259, 1, 1, 3, 116);
INSERT INTO `exhibitionclassprize` (ID, `ExhibitionClassID`, `PrizeID`, `Prize`, `Points`, `ExhibitionExhibitorID`) VALUES (640, 260, 1, 1, 3, 136);
INSERT INTO `exhibitionclassprize` (ID, `ExhibitionClassID`, `PrizeID`, `Prize`, `Points`, `ExhibitionExhibitorID`) VALUES (641, 260, 2, 0.8, 2, 116);
INSERT INTO `exhibitionclassprize` (ID, `ExhibitionClassID`, `PrizeID`, `Prize`, `Points`, `ExhibitionExhibitorID`) VALUES (642, 261, 1, 1, 3, 116);
INSERT INTO `exhibitionclassprize` (ID, `ExhibitionClassID`, `PrizeID`, `Prize`, `Points`, `ExhibitionExhibitorID`) VALUES (643, 262, 1, 1, 3, 116);
INSERT INTO `exhibitionclassprize` (ID, `ExhibitionClassID`, `PrizeID`, `Prize`, `Points`, `ExhibitionExhibitorID`) VALUES (644, 262, 2, 0.8, 2, 156);
INSERT INTO `exhibitionclassprize` (ID, `ExhibitionClassID`, `PrizeID`, `Prize`, `Points`, `ExhibitionExhibitorID`) VALUES (645, 263, 1, 1, 3, 135);
INSERT INTO `exhibitionclassprize` (ID, `ExhibitionClassID`, `PrizeID`, `Prize`, `Points`, `ExhibitionExhibitorID`) VALUES (646, 263, 2, 0.8, 2, 116);
INSERT INTO `exhibitionclassprize` (ID, `ExhibitionClassID`, `PrizeID`, `Prize`, `Points`, `ExhibitionExhibitorID`) VALUES (647, 263, 3, 0.5, 1, 156);
INSERT INTO `exhibitionclassprize` (ID, `ExhibitionClassID`, `PrizeID`, `Prize`, `Points`, `ExhibitionExhibitorID`) VALUES (648, 264, 1, 1, 3, 126);
INSERT INTO `exhibitionclassprize` (ID, `ExhibitionClassID`, `PrizeID`, `Prize`, `Points`, `ExhibitionExhibitorID`) VALUES (649, 264, 2, 0.8, 2, 152);
INSERT INTO `exhibitionclassprize` (ID, `ExhibitionClassID`, `PrizeID`, `Prize`, `Points`, `ExhibitionExhibitorID`) VALUES (650, 264, 3, 0.5, 1, 133);
INSERT INTO `exhibitionclassprize` (ID, `ExhibitionClassID`, `PrizeID`, `Prize`, `Points`, `ExhibitionExhibitorID`) VALUES (651, 265, 1, 1, 3, 126);
INSERT INTO `exhibitionclassprize` (ID, `ExhibitionClassID`, `PrizeID`, `Prize`, `Points`, `ExhibitionExhibitorID`) VALUES (652, 265, 2, 0.8, 2, 133);
INSERT INTO `exhibitionclassprize` (ID, `ExhibitionClassID`, `PrizeID`, `Prize`, `Points`, `ExhibitionExhibitorID`) VALUES (653, 265, 3, 0.5, 1, 116);
INSERT INTO `exhibitionclassprize` (ID, `ExhibitionClassID`, `PrizeID`, `Prize`, `Points`, `ExhibitionExhibitorID`) VALUES (654, 266, 1, 1, 3, 116);
INSERT INTO `exhibitionclassprize` (ID, `ExhibitionClassID`, `PrizeID`, `Prize`, `Points`, `ExhibitionExhibitorID`) VALUES (655, 266, 2, 0.8, 2, 126);
INSERT INTO `exhibitionclassprize` (ID, `ExhibitionClassID`, `PrizeID`, `Prize`, `Points`, `ExhibitionExhibitorID`) VALUES (656, 266, 3, 0.5, 1, 133);
INSERT INTO `exhibitionclassprize` (ID, `ExhibitionClassID`, `PrizeID`, `Prize`, `Points`, `ExhibitionExhibitorID`) VALUES (657, 267, 1, 1, 3, 116);
INSERT INTO `exhibitionclassprize` (ID, `ExhibitionClassID`, `PrizeID`, `Prize`, `Points`, `ExhibitionExhibitorID`) VALUES (658, 267, 2, 0.8, 2, 140);
INSERT INTO `exhibitionclassprize` (ID, `ExhibitionClassID`, `PrizeID`, `Prize`, `Points`, `ExhibitionExhibitorID`) VALUES (659, 267, 3, 0.5, 1, 156);
INSERT INTO `exhibitionclassprize` (ID, `ExhibitionClassID`, `PrizeID`, `Prize`, `Points`, `ExhibitionExhibitorID`) VALUES (660, 268, 1, 1, 3, 130);
INSERT INTO `exhibitionclassprize` (ID, `ExhibitionClassID`, `PrizeID`, `Prize`, `Points`, `ExhibitionExhibitorID`) VALUES (661, 268, 2, 0.8, 2, 156);
INSERT INTO `exhibitionclassprize` (ID, `ExhibitionClassID`, `PrizeID`, `Prize`, `Points`, `ExhibitionExhibitorID`) VALUES (662, 268, 3, 0.5, 1, 134);
INSERT INTO `exhibitionclassprize` (ID, `ExhibitionClassID`, `PrizeID`, `Prize`, `Points`, `ExhibitionExhibitorID`) VALUES (663, 269, 1, 1, 3, 144);
INSERT INTO `exhibitionclassprize` (ID, `ExhibitionClassID`, `PrizeID`, `Prize`, `Points`, `ExhibitionExhibitorID`) VALUES (664, 269, 2, 0.8, 2, 145);
INSERT INTO `exhibitionclassprize` (ID, `ExhibitionClassID`, `PrizeID`, `Prize`, `Points`, `ExhibitionExhibitorID`) VALUES (665, 269, 3, 0.5, 1, 133);
INSERT INTO `exhibitionclassprize` (ID, `ExhibitionClassID`, `PrizeID`, `Prize`, `Points`, `ExhibitionExhibitorID`) VALUES (666, 271, 1, 1, 3, 133);
INSERT INTO `exhibitionclassprize` (ID, `ExhibitionClassID`, `PrizeID`, `Prize`, `Points`, `ExhibitionExhibitorID`) VALUES (667, 271, 2, 0.8, 2, 116);
INSERT INTO `exhibitionclassprize` (ID, `ExhibitionClassID`, `PrizeID`, `Prize`, `Points`, `ExhibitionExhibitorID`) VALUES (668, 271, 3, 0.5, 1, 126);
INSERT INTO `exhibitionclassprize` (ID, `ExhibitionClassID`, `PrizeID`, `Prize`, `Points`, `ExhibitionExhibitorID`) VALUES (669, 272, 1, 1, 3, 116);
INSERT INTO `exhibitionclassprize` (ID, `ExhibitionClassID`, `PrizeID`, `Prize`, `Points`, `ExhibitionExhibitorID`) VALUES (670, 272, 2, 0.8, 2, 128);
INSERT INTO `exhibitionclassprize` (ID, `ExhibitionClassID`, `PrizeID`, `Prize`, `Points`, `ExhibitionExhibitorID`) VALUES (671, 272, 3, 0.5, 1, 140);
INSERT INTO `exhibitionclassprize` (ID, `ExhibitionClassID`, `PrizeID`, `Prize`, `Points`, `ExhibitionExhibitorID`) VALUES (672, 281, 1, 1, 3, 130);
INSERT INTO `exhibitionclassprize` (ID, `ExhibitionClassID`, `PrizeID`, `Prize`, `Points`, `ExhibitionExhibitorID`) VALUES (673, 282, 1, 1, 3, 126);
INSERT INTO `exhibitionclassprize` (ID, `ExhibitionClassID`, `PrizeID`, `Prize`, `Points`, `ExhibitionExhibitorID`) VALUES (674, 283, 1, 1, 3, 126);
INSERT INTO `exhibitionclassprize` (ID, `ExhibitionClassID`, `PrizeID`, `Prize`, `Points`, `ExhibitionExhibitorID`) VALUES (675, 283, 2, 0.8, 2, 136);
COMMIT;
INSERT INTO `exhibitionclassprize` (ID, `ExhibitionClassID`, `PrizeID`, `Prize`, `Points`, `ExhibitionExhibitorID`) VALUES (676, 284, 1, 1, 3, 116);
INSERT INTO `exhibitionclassprize` (ID, `ExhibitionClassID`, `PrizeID`, `Prize`, `Points`, `ExhibitionExhibitorID`) VALUES (677, 285, 1, 1, 3, 161);
INSERT INTO `exhibitionclassprize` (ID, `ExhibitionClassID`, `PrizeID`, `Prize`, `Points`, `ExhibitionExhibitorID`) VALUES (678, 285, 2, 0.8, 2, 126);
INSERT INTO `exhibitionclassprize` (ID, `ExhibitionClassID`, `PrizeID`, `Prize`, `Points`, `ExhibitionExhibitorID`) VALUES (679, 286, 1, 1, 3, 116);
INSERT INTO `exhibitionclassprize` (ID, `ExhibitionClassID`, `PrizeID`, `Prize`, `Points`, `ExhibitionExhibitorID`) VALUES (680, 286, 2, 0.8, 2, 121);
INSERT INTO `exhibitionclassprize` (ID, `ExhibitionClassID`, `PrizeID`, `Prize`, `Points`, `ExhibitionExhibitorID`) VALUES (681, 286, 3, 0.5, 1, 134);
INSERT INTO `exhibitionclassprize` (ID, `ExhibitionClassID`, `PrizeID`, `Prize`, `Points`, `ExhibitionExhibitorID`) VALUES (686, 256, 1, 1, 3, 135);
INSERT INTO `exhibitionclassprize` (ID, `ExhibitionClassID`, `PrizeID`, `Prize`, `Points`, `ExhibitionExhibitorID`) VALUES (688, 256, 3, 0.5, 1, 116);
INSERT INTO `exhibitionclassprize` (ID, `ExhibitionClassID`, `PrizeID`, `Prize`, `Points`, `ExhibitionExhibitorID`) VALUES (698, 344, 1, 1, 3, 212);
INSERT INTO `exhibitionclassprize` (ID, `ExhibitionClassID`, `PrizeID`, `Prize`, `Points`, `ExhibitionExhibitorID`) VALUES (699, 344, 2, 0.8, 2, 217);
INSERT INTO `exhibitionclassprize` (ID, `ExhibitionClassID`, `PrizeID`, `Prize`, `Points`, `ExhibitionExhibitorID`) VALUES (700, 344, 3, 0.5, 1, 221);
INSERT INTO `exhibitionclassprize` (ID, `ExhibitionClassID`, `PrizeID`, `Prize`, `Points`, `ExhibitionExhibitorID`) VALUES (701, 345, 1, 1, 3, 212);
INSERT INTO `exhibitionclassprize` (ID, `ExhibitionClassID`, `PrizeID`, `Prize`, `Points`, `ExhibitionExhibitorID`) VALUES (702, 345, 2, 0.8, 2, 214);
INSERT INTO `exhibitionclassprize` (ID, `ExhibitionClassID`, `PrizeID`, `Prize`, `Points`, `ExhibitionExhibitorID`) VALUES (703, 345, 3, 0.5, 1, 218);
INSERT INTO `exhibitionclassprize` (ID, `ExhibitionClassID`, `PrizeID`, `Prize`, `Points`, `ExhibitionExhibitorID`) VALUES (704, 346, 1, 1, 3, 214);
INSERT INTO `exhibitionclassprize` (ID, `ExhibitionClassID`, `PrizeID`, `Prize`, `Points`, `ExhibitionExhibitorID`) VALUES (705, 346, 2, 0.8, 2, 217);
INSERT INTO `exhibitionclassprize` (ID, `ExhibitionClassID`, `PrizeID`, `Prize`, `Points`, `ExhibitionExhibitorID`) VALUES (706, 346, 3, 0.5, 1, 220);
INSERT INTO `exhibitionclassprize` (ID, `ExhibitionClassID`, `PrizeID`, `Prize`, `Points`, `ExhibitionExhibitorID`) VALUES (707, 347, 1, 1, 3, 221);
INSERT INTO `exhibitionclassprize` (ID, `ExhibitionClassID`, `PrizeID`, `Prize`, `Points`, `ExhibitionExhibitorID`) VALUES (708, 347, 2, 0.8, 2, 217);
INSERT INTO `exhibitionclassprize` (ID, `ExhibitionClassID`, `PrizeID`, `Prize`, `Points`, `ExhibitionExhibitorID`) VALUES (709, 347, 3, 0.5, 1, 219);
INSERT INTO `exhibitionclassprize` (ID, `ExhibitionClassID`, `PrizeID`, `Prize`, `Points`, `ExhibitionExhibitorID`) VALUES (710, 348, 1, 1, 3, 215);
INSERT INTO `exhibitionclassprize` (ID, `ExhibitionClassID`, `PrizeID`, `Prize`, `Points`, `ExhibitionExhibitorID`) VALUES (711, 348, 2, 0.8, 2, 214);
INSERT INTO `exhibitionclassprize` (ID, `ExhibitionClassID`, `PrizeID`, `Prize`, `Points`, `ExhibitionExhibitorID`) VALUES (712, 348, 3, 0.5, 1, 220);
INSERT INTO `exhibitionclassprize` (ID, `ExhibitionClassID`, `PrizeID`, `Prize`, `Points`, `ExhibitionExhibitorID`) VALUES (713, 349, 1, 1, 3, 218);
INSERT INTO `exhibitionclassprize` (ID, `ExhibitionClassID`, `PrizeID`, `Prize`, `Points`, `ExhibitionExhibitorID`) VALUES (714, 349, 2, 0.8, 2, 216);
INSERT INTO `exhibitionclassprize` (ID, `ExhibitionClassID`, `PrizeID`, `Prize`, `Points`, `ExhibitionExhibitorID`) VALUES (715, 349, 3, 0.5, 1, 217);
INSERT INTO `exhibitionclassprize` (ID, `ExhibitionClassID`, `PrizeID`, `Prize`, `Points`, `ExhibitionExhibitorID`) VALUES (716, 350, 1, 1, 3, 213);
INSERT INTO `exhibitionclassprize` (ID, `ExhibitionClassID`, `PrizeID`, `Prize`, `Points`, `ExhibitionExhibitorID`) VALUES (717, 350, 2, 0.8, 2, 216);
INSERT INTO `exhibitionclassprize` (ID, `ExhibitionClassID`, `PrizeID`, `Prize`, `Points`, `ExhibitionExhibitorID`) VALUES (718, 350, 3, 0.5, 1, 219);
INSERT INTO `exhibitionclassprize` (ID, `ExhibitionClassID`, `PrizeID`, `Prize`, `Points`, `ExhibitionExhibitorID`) VALUES (719, 351, 1, 1, 3, 215);
INSERT INTO `exhibitionclassprize` (ID, `ExhibitionClassID`, `PrizeID`, `Prize`, `Points`, `ExhibitionExhibitorID`) VALUES (720, 351, 2, 0.8, 2, 216);
INSERT INTO `exhibitionclassprize` (ID, `ExhibitionClassID`, `PrizeID`, `Prize`, `Points`, `ExhibitionExhibitorID`) VALUES (721, 351, 3, 0.5, 1, 219);
INSERT INTO `exhibitionclassprize` (ID, `ExhibitionClassID`, `PrizeID`, `Prize`, `Points`, `ExhibitionExhibitorID`) VALUES (722, 352, 1, 1, 3, 216);
INSERT INTO `exhibitionclassprize` (ID, `ExhibitionClassID`, `PrizeID`, `Prize`, `Points`, `ExhibitionExhibitorID`) VALUES (723, 352, 2, 0.8, 2, 220);
INSERT INTO `exhibitionclassprize` (ID, `ExhibitionClassID`, `PrizeID`, `Prize`, `Points`, `ExhibitionExhibitorID`) VALUES (724, 352, 3, 0.5, 1, 217);
INSERT INTO `exhibitionclassprize` (ID, `ExhibitionClassID`, `PrizeID`, `Prize`, `Points`, `ExhibitionExhibitorID`) VALUES (725, 353, 1, 1, 3, 214);
INSERT INTO `exhibitionclassprize` (ID, `ExhibitionClassID`, `PrizeID`, `Prize`, `Points`, `ExhibitionExhibitorID`) VALUES (726, 353, 2, 0.8, 2, 215);
INSERT INTO `exhibitionclassprize` (ID, `ExhibitionClassID`, `PrizeID`, `Prize`, `Points`, `ExhibitionExhibitorID`) VALUES (727, 353, 3, 0.5, 1, 219);
INSERT INTO `exhibitionclassprize` (ID, `ExhibitionClassID`, `PrizeID`, `Prize`, `Points`, `ExhibitionExhibitorID`) VALUES (728, 354, 1, 1, 3, 216);
INSERT INTO `exhibitionclassprize` (ID, `ExhibitionClassID`, `PrizeID`, `Prize`, `Points`, `ExhibitionExhibitorID`) VALUES (729, 354, 2, 0.8, 2, 213);
INSERT INTO `exhibitionclassprize` (ID, `ExhibitionClassID`, `PrizeID`, `Prize`, `Points`, `ExhibitionExhibitorID`) VALUES (730, 354, 3, 0.5, 1, 214);
INSERT INTO `exhibitionclassprize` (ID, `ExhibitionClassID`, `PrizeID`, `Prize`, `Points`, `ExhibitionExhibitorID`) VALUES (731, 355, 1, 1, 3, 215);
INSERT INTO `exhibitionclassprize` (ID, `ExhibitionClassID`, `PrizeID`, `Prize`, `Points`, `ExhibitionExhibitorID`) VALUES (732, 355, 2, 0.8, 2, 217);
INSERT INTO `exhibitionclassprize` (ID, `ExhibitionClassID`, `PrizeID`, `Prize`, `Points`, `ExhibitionExhibitorID`) VALUES (733, 355, 3, 0.5, 1, 220);
INSERT INTO `exhibitionclassprize` (ID, `ExhibitionClassID`, `PrizeID`, `Prize`, `Points`, `ExhibitionExhibitorID`) VALUES (734, 356, 1, 1, 3, 214);
INSERT INTO `exhibitionclassprize` (ID, `ExhibitionClassID`, `PrizeID`, `Prize`, `Points`, `ExhibitionExhibitorID`) VALUES (735, 356, 2, 0.8, 2, 216);
INSERT INTO `exhibitionclassprize` (ID, `ExhibitionClassID`, `PrizeID`, `Prize`, `Points`, `ExhibitionExhibitorID`) VALUES (736, 356, 3, 0.5, 1, 219);
INSERT INTO `exhibitionclassprize` (ID, `ExhibitionClassID`, `PrizeID`, `Prize`, `Points`, `ExhibitionExhibitorID`) VALUES (737, 357, 1, 1, 3, 215);
INSERT INTO `exhibitionclassprize` (ID, `ExhibitionClassID`, `PrizeID`, `Prize`, `Points`, `ExhibitionExhibitorID`) VALUES (738, 357, 2, 0.8, 2, 214);
INSERT INTO `exhibitionclassprize` (ID, `ExhibitionClassID`, `PrizeID`, `Prize`, `Points`, `ExhibitionExhibitorID`) VALUES (739, 357, 3, 0.5, 1, 218);
INSERT INTO `exhibitionclassprize` (ID, `ExhibitionClassID`, `PrizeID`, `Prize`, `Points`, `ExhibitionExhibitorID`) VALUES (740, 358, 1, 1, 3, 217);
INSERT INTO `exhibitionclassprize` (ID, `ExhibitionClassID`, `PrizeID`, `Prize`, `Points`, `ExhibitionExhibitorID`) VALUES (741, 358, 2, 0.8, 2, 214);
INSERT INTO `exhibitionclassprize` (ID, `ExhibitionClassID`, `PrizeID`, `Prize`, `Points`, `ExhibitionExhibitorID`) VALUES (742, 358, 3, 0.5, 1, 216);
INSERT INTO `exhibitionclassprize` (ID, `ExhibitionClassID`, `PrizeID`, `Prize`, `Points`, `ExhibitionExhibitorID`) VALUES (743, 359, 1, 1, 3, 217);
INSERT INTO `exhibitionclassprize` (ID, `ExhibitionClassID`, `PrizeID`, `Prize`, `Points`, `ExhibitionExhibitorID`) VALUES (744, 359, 2, 0.8, 2, 214);
INSERT INTO `exhibitionclassprize` (ID, `ExhibitionClassID`, `PrizeID`, `Prize`, `Points`, `ExhibitionExhibitorID`) VALUES (745, 359, 3, 0.5, 1, 219);
COMMIT;


/* Data for table "exhibitionexhibitor" */
INSERT INTO `exhibitionexhibitor` (ID, `ExhibitionID`, `ExhibitorNumber`, `ExhibitorID`) VALUES (1, 5, 1, 1);
INSERT INTO `exhibitionexhibitor` (ID, `ExhibitionID`, `ExhibitorNumber`, `ExhibitorID`) VALUES (2, 5, 2, 2);
INSERT INTO `exhibitionexhibitor` (ID, `ExhibitionID`, `ExhibitorNumber`, `ExhibitorID`) VALUES (3, 5, 3, 3);
INSERT INTO `exhibitionexhibitor` (ID, `ExhibitionID`, `ExhibitorNumber`, `ExhibitorID`) VALUES (4, 5, 4, 4);
INSERT INTO `exhibitionexhibitor` (ID, `ExhibitionID`, `ExhibitorNumber`, `ExhibitorID`) VALUES (5, 5, 5, 5);
INSERT INTO `exhibitionexhibitor` (ID, `ExhibitionID`, `ExhibitorNumber`, `ExhibitorID`) VALUES (6, 5, 6, 6);
INSERT INTO `exhibitionexhibitor` (ID, `ExhibitionID`, `ExhibitorNumber`, `ExhibitorID`) VALUES (7, 5, 7, 7);
INSERT INTO `exhibitionexhibitor` (ID, `ExhibitionID`, `ExhibitorNumber`, `ExhibitorID`) VALUES (8, 5, 8, 8);
INSERT INTO `exhibitionexhibitor` (ID, `ExhibitionID`, `ExhibitorNumber`, `ExhibitorID`) VALUES (9, 5, 9, 9);
INSERT INTO `exhibitionexhibitor` (ID, `ExhibitionID`, `ExhibitorNumber`, `ExhibitorID`) VALUES (10, 5, 10, 10);
INSERT INTO `exhibitionexhibitor` (ID, `ExhibitionID`, `ExhibitorNumber`, `ExhibitorID`) VALUES (11, 5, 11, 11);
INSERT INTO `exhibitionexhibitor` (ID, `ExhibitionID`, `ExhibitorNumber`, `ExhibitorID`) VALUES (12, 5, 12, 12);
INSERT INTO `exhibitionexhibitor` (ID, `ExhibitionID`, `ExhibitorNumber`, `ExhibitorID`) VALUES (13, 5, 13, 13);
INSERT INTO `exhibitionexhibitor` (ID, `ExhibitionID`, `ExhibitorNumber`, `ExhibitorID`) VALUES (14, 5, 14, 14);
INSERT INTO `exhibitionexhibitor` (ID, `ExhibitionID`, `ExhibitorNumber`, `ExhibitorID`) VALUES (15, 5, 15, 15);
INSERT INTO `exhibitionexhibitor` (ID, `ExhibitionID`, `ExhibitorNumber`, `ExhibitorID`) VALUES (16, 5, 16, 16);
INSERT INTO `exhibitionexhibitor` (ID, `ExhibitionID`, `ExhibitorNumber`, `ExhibitorID`) VALUES (17, 5, 17, 17);
INSERT INTO `exhibitionexhibitor` (ID, `ExhibitionID`, `ExhibitorNumber`, `ExhibitorID`) VALUES (18, 5, 18, 18);
INSERT INTO `exhibitionexhibitor` (ID, `ExhibitionID`, `ExhibitorNumber`, `ExhibitorID`) VALUES (19, 5, 19, 19);
INSERT INTO `exhibitionexhibitor` (ID, `ExhibitionID`, `ExhibitorNumber`, `ExhibitorID`) VALUES (20, 5, 20, 20);
INSERT INTO `exhibitionexhibitor` (ID, `ExhibitionID`, `ExhibitorNumber`, `ExhibitorID`) VALUES (21, 5, 21, 21);
INSERT INTO `exhibitionexhibitor` (ID, `ExhibitionID`, `ExhibitorNumber`, `ExhibitorID`) VALUES (22, 5, 22, 22);
INSERT INTO `exhibitionexhibitor` (ID, `ExhibitionID`, `ExhibitorNumber`, `ExhibitorID`) VALUES (23, 5, 23, 23);
INSERT INTO `exhibitionexhibitor` (ID, `ExhibitionID`, `ExhibitorNumber`, `ExhibitorID`) VALUES (24, 5, 24, 26);
INSERT INTO `exhibitionexhibitor` (ID, `ExhibitionID`, `ExhibitorNumber`, `ExhibitorID`) VALUES (25, 5, 25, 29);
INSERT INTO `exhibitionexhibitor` (ID, `ExhibitionID`, `ExhibitorNumber`, `ExhibitorID`) VALUES (26, 5, 26, 28);
INSERT INTO `exhibitionexhibitor` (ID, `ExhibitionID`, `ExhibitorNumber`, `ExhibitorID`) VALUES (27, 5, 27, 30);
INSERT INTO `exhibitionexhibitor` (ID, `ExhibitionID`, `ExhibitorNumber`, `ExhibitorID`) VALUES (28, 5, 28, 31);
INSERT INTO `exhibitionexhibitor` (ID, `ExhibitionID`, `ExhibitorNumber`, `ExhibitorID`) VALUES (29, 5, 29, 32);
INSERT INTO `exhibitionexhibitor` (ID, `ExhibitionID`, `ExhibitorNumber`, `ExhibitorID`) VALUES (30, 5, 30, 33);
INSERT INTO `exhibitionexhibitor` (ID, `ExhibitionID`, `ExhibitorNumber`, `ExhibitorID`) VALUES (31, 5, 31, 34);
INSERT INTO `exhibitionexhibitor` (ID, `ExhibitionID`, `ExhibitorNumber`, `ExhibitorID`) VALUES (32, 5, 32, 35);
INSERT INTO `exhibitionexhibitor` (ID, `ExhibitionID`, `ExhibitorNumber`, `ExhibitorID`) VALUES (33, 5, 33, 36);
INSERT INTO `exhibitionexhibitor` (ID, `ExhibitionID`, `ExhibitorNumber`, `ExhibitorID`) VALUES (34, 5, 34, 37);
INSERT INTO `exhibitionexhibitor` (ID, `ExhibitionID`, `ExhibitorNumber`, `ExhibitorID`) VALUES (35, 5, 35, 38);
INSERT INTO `exhibitionexhibitor` (ID, `ExhibitionID`, `ExhibitorNumber`, `ExhibitorID`) VALUES (36, 5, 36, 39);
INSERT INTO `exhibitionexhibitor` (ID, `ExhibitionID`, `ExhibitorNumber`, `ExhibitorID`) VALUES (37, 5, 37, 40);
INSERT INTO `exhibitionexhibitor` (ID, `ExhibitionID`, `ExhibitorNumber`, `ExhibitorID`) VALUES (38, 5, 38, 41);
INSERT INTO `exhibitionexhibitor` (ID, `ExhibitionID`, `ExhibitorNumber`, `ExhibitorID`) VALUES (39, 5, 39, 42);
INSERT INTO `exhibitionexhibitor` (ID, `ExhibitionID`, `ExhibitorNumber`, `ExhibitorID`) VALUES (40, 5, 40, 43);
INSERT INTO `exhibitionexhibitor` (ID, `ExhibitionID`, `ExhibitorNumber`, `ExhibitorID`) VALUES (41, 5, 41, 44);
INSERT INTO `exhibitionexhibitor` (ID, `ExhibitionID`, `ExhibitorNumber`, `ExhibitorID`) VALUES (42, 5, 42, 45);
INSERT INTO `exhibitionexhibitor` (ID, `ExhibitionID`, `ExhibitorNumber`, `ExhibitorID`) VALUES (43, 5, 43, 46);
INSERT INTO `exhibitionexhibitor` (ID, `ExhibitionID`, `ExhibitorNumber`, `ExhibitorID`) VALUES (44, 5, 44, 47);
INSERT INTO `exhibitionexhibitor` (ID, `ExhibitionID`, `ExhibitorNumber`, `ExhibitorID`) VALUES (45, 5, 45, 48);
INSERT INTO `exhibitionexhibitor` (ID, `ExhibitionID`, `ExhibitorNumber`, `ExhibitorID`) VALUES (46, 5, 46, 49);
INSERT INTO `exhibitionexhibitor` (ID, `ExhibitionID`, `ExhibitorNumber`, `ExhibitorID`) VALUES (47, 5, 47, 53);
INSERT INTO `exhibitionexhibitor` (ID, `ExhibitionID`, `ExhibitorNumber`, `ExhibitorID`) VALUES (48, 5, 48, 51);
INSERT INTO `exhibitionexhibitor` (ID, `ExhibitionID`, `ExhibitorNumber`, `ExhibitorID`) VALUES (49, 5, 49, 52);
INSERT INTO `exhibitionexhibitor` (ID, `ExhibitionID`, `ExhibitorNumber`, `ExhibitorID`) VALUES (50, 5, 100, 54);
INSERT INTO `exhibitionexhibitor` (ID, `ExhibitionID`, `ExhibitorNumber`, `ExhibitorID`) VALUES (51, 5, 101, 55);
INSERT INTO `exhibitionexhibitor` (ID, `ExhibitionID`, `ExhibitorNumber`, `ExhibitorID`) VALUES (52, 5, 102, 56);
INSERT INTO `exhibitionexhibitor` (ID, `ExhibitionID`, `ExhibitorNumber`, `ExhibitorID`) VALUES (53, 5, 103, 57);
INSERT INTO `exhibitionexhibitor` (ID, `ExhibitionID`, `ExhibitorNumber`, `ExhibitorID`) VALUES (54, 5, 104, 58);
INSERT INTO `exhibitionexhibitor` (ID, `ExhibitionID`, `ExhibitorNumber`, `ExhibitorID`) VALUES (55, 5, 105, 59);
INSERT INTO `exhibitionexhibitor` (ID, `ExhibitionID`, `ExhibitorNumber`, `ExhibitorID`) VALUES (56, 5, 106, 60);
INSERT INTO `exhibitionexhibitor` (ID, `ExhibitionID`, `ExhibitorNumber`, `ExhibitorID`) VALUES (57, 5, 107, 61);
INSERT INTO `exhibitionexhibitor` (ID, `ExhibitionID`, `ExhibitorNumber`, `ExhibitorID`) VALUES (58, 5, 108, 62);
INSERT INTO `exhibitionexhibitor` (ID, `ExhibitionID`, `ExhibitorNumber`, `ExhibitorID`) VALUES (59, 5, 109, 63);
INSERT INTO `exhibitionexhibitor` (ID, `ExhibitionID`, `ExhibitorNumber`, `ExhibitorID`) VALUES (60, 5, 110, 64);
INSERT INTO `exhibitionexhibitor` (ID, `ExhibitionID`, `ExhibitorNumber`, `ExhibitorID`) VALUES (61, 5, 111, 65);
INSERT INTO `exhibitionexhibitor` (ID, `ExhibitionID`, `ExhibitorNumber`, `ExhibitorID`) VALUES (62, 5, 112, 66);
INSERT INTO `exhibitionexhibitor` (ID, `ExhibitionID`, `ExhibitorNumber`, `ExhibitorID`) VALUES (63, 5, 113, 67);
INSERT INTO `exhibitionexhibitor` (ID, `ExhibitionID`, `ExhibitorNumber`, `ExhibitorID`) VALUES (64, 5, 114, 68);
INSERT INTO `exhibitionexhibitor` (ID, `ExhibitionID`, `ExhibitorNumber`, `ExhibitorID`) VALUES (65, 5, 116, 69);
INSERT INTO `exhibitionexhibitor` (ID, `ExhibitionID`, `ExhibitorNumber`, `ExhibitorID`) VALUES (66, 5, 117, 70);
INSERT INTO `exhibitionexhibitor` (ID, `ExhibitionID`, `ExhibitorNumber`, `ExhibitorID`) VALUES (67, 5, 118, 71);
INSERT INTO `exhibitionexhibitor` (ID, `ExhibitionID`, `ExhibitorNumber`, `ExhibitorID`) VALUES (68, 5, 119, 72);
INSERT INTO `exhibitionexhibitor` (ID, `ExhibitionID`, `ExhibitorNumber`, `ExhibitorID`) VALUES (69, 5, 120, 73);
INSERT INTO `exhibitionexhibitor` (ID, `ExhibitionID`, `ExhibitorNumber`, `ExhibitorID`) VALUES (70, 5, 121, 74);
INSERT INTO `exhibitionexhibitor` (ID, `ExhibitionID`, `ExhibitorNumber`, `ExhibitorID`) VALUES (71, 5, 122, 75);
INSERT INTO `exhibitionexhibitor` (ID, `ExhibitionID`, `ExhibitorNumber`, `ExhibitorID`) VALUES (72, 5, 123, 76);
INSERT INTO `exhibitionexhibitor` (ID, `ExhibitionID`, `ExhibitorNumber`, `ExhibitorID`) VALUES (73, 5, 124, 77);
INSERT INTO `exhibitionexhibitor` (ID, `ExhibitionID`, `ExhibitorNumber`, `ExhibitorID`) VALUES (74, 5, 125, 78);
INSERT INTO `exhibitionexhibitor` (ID, `ExhibitionID`, `ExhibitorNumber`, `ExhibitorID`) VALUES (75, 5, 126, 79);
INSERT INTO `exhibitionexhibitor` (ID, `ExhibitionID`, `ExhibitorNumber`, `ExhibitorID`) VALUES (76, 5, 127, 80);
INSERT INTO `exhibitionexhibitor` (ID, `ExhibitionID`, `ExhibitorNumber`, `ExhibitorID`) VALUES (77, 5, 128, 81);
INSERT INTO `exhibitionexhibitor` (ID, `ExhibitionID`, `ExhibitorNumber`, `ExhibitorID`) VALUES (78, 5, 129, 83);
INSERT INTO `exhibitionexhibitor` (ID, `ExhibitionID`, `ExhibitorNumber`, `ExhibitorID`) VALUES (79, 5, 130, 84);
INSERT INTO `exhibitionexhibitor` (ID, `ExhibitionID`, `ExhibitorNumber`, `ExhibitorID`) VALUES (80, 5, 131, 85);
INSERT INTO `exhibitionexhibitor` (ID, `ExhibitionID`, `ExhibitorNumber`, `ExhibitorID`) VALUES (81, 5, 132, 86);
INSERT INTO `exhibitionexhibitor` (ID, `ExhibitionID`, `ExhibitorNumber`, `ExhibitorID`) VALUES (82, 5, 133, 87);
INSERT INTO `exhibitionexhibitor` (ID, `ExhibitionID`, `ExhibitorNumber`, `ExhibitorID`) VALUES (83, 6, 2, 92);
INSERT INTO `exhibitionexhibitor` (ID, `ExhibitionID`, `ExhibitorNumber`, `ExhibitorID`) VALUES (84, 6, 1, 91);
INSERT INTO `exhibitionexhibitor` (ID, `ExhibitionID`, `ExhibitorNumber`, `ExhibitorID`) VALUES (85, 6, 3, 93);
INSERT INTO `exhibitionexhibitor` (ID, `ExhibitionID`, `ExhibitorNumber`, `ExhibitorID`) VALUES (86, 6, 4, 94);
INSERT INTO `exhibitionexhibitor` (ID, `ExhibitionID`, `ExhibitorNumber`, `ExhibitorID`) VALUES (87, 6, 5, 95);
INSERT INTO `exhibitionexhibitor` (ID, `ExhibitionID`, `ExhibitorNumber`, `ExhibitorID`) VALUES (88, 6, 6, 96);
INSERT INTO `exhibitionexhibitor` (ID, `ExhibitionID`, `ExhibitorNumber`, `ExhibitorID`) VALUES (89, 6, 7, 97);
INSERT INTO `exhibitionexhibitor` (ID, `ExhibitionID`, `ExhibitorNumber`, `ExhibitorID`) VALUES (90, 6, 8, 98);
INSERT INTO `exhibitionexhibitor` (ID, `ExhibitionID`, `ExhibitorNumber`, `ExhibitorID`) VALUES (91, 6, 9, 99);
INSERT INTO `exhibitionexhibitor` (ID, `ExhibitionID`, `ExhibitorNumber`, `ExhibitorID`) VALUES (92, 6, 10, 100);
INSERT INTO `exhibitionexhibitor` (ID, `ExhibitionID`, `ExhibitorNumber`, `ExhibitorID`) VALUES (93, 6, 11, 101);
INSERT INTO `exhibitionexhibitor` (ID, `ExhibitionID`, `ExhibitorNumber`, `ExhibitorID`) VALUES (94, 6, 12, 102);
INSERT INTO `exhibitionexhibitor` (ID, `ExhibitionID`, `ExhibitorNumber`, `ExhibitorID`) VALUES (95, 6, 13, 103);
INSERT INTO `exhibitionexhibitor` (ID, `ExhibitionID`, `ExhibitorNumber`, `ExhibitorID`) VALUES (96, 6, 14, 104);
INSERT INTO `exhibitionexhibitor` (ID, `ExhibitionID`, `ExhibitorNumber`, `ExhibitorID`) VALUES (97, 6, 15, 105);
INSERT INTO `exhibitionexhibitor` (ID, `ExhibitionID`, `ExhibitorNumber`, `ExhibitorID`) VALUES (98, 6, 16, 106);
INSERT INTO `exhibitionexhibitor` (ID, `ExhibitionID`, `ExhibitorNumber`, `ExhibitorID`) VALUES (99, 6, 17, 107);
INSERT INTO `exhibitionexhibitor` (ID, `ExhibitionID`, `ExhibitorNumber`, `ExhibitorID`) VALUES (100, 6, 18, 108);
INSERT INTO `exhibitionexhibitor` (ID, `ExhibitionID`, `ExhibitorNumber`, `ExhibitorID`) VALUES (101, 6, 19, 109);
INSERT INTO `exhibitionexhibitor` (ID, `ExhibitionID`, `ExhibitorNumber`, `ExhibitorID`) VALUES (102, 6, 20, 110);
INSERT INTO `exhibitionexhibitor` (ID, `ExhibitionID`, `ExhibitorNumber`, `ExhibitorID`) VALUES (103, 6, 21, 111);
INSERT INTO `exhibitionexhibitor` (ID, `ExhibitionID`, `ExhibitorNumber`, `ExhibitorID`) VALUES (104, 6, 22, 112);
INSERT INTO `exhibitionexhibitor` (ID, `ExhibitionID`, `ExhibitorNumber`, `ExhibitorID`) VALUES (105, 6, 23, 113);
INSERT INTO `exhibitionexhibitor` (ID, `ExhibitionID`, `ExhibitorNumber`, `ExhibitorID`) VALUES (106, 6, 24, 114);
INSERT INTO `exhibitionexhibitor` (ID, `ExhibitionID`, `ExhibitorNumber`, `ExhibitorID`) VALUES (107, 6, 25, 115);
INSERT INTO `exhibitionexhibitor` (ID, `ExhibitionID`, `ExhibitorNumber`, `ExhibitorID`) VALUES (108, 6, 26, 116);
INSERT INTO `exhibitionexhibitor` (ID, `ExhibitionID`, `ExhibitorNumber`, `ExhibitorID`) VALUES (109, 6, 27, 117);
INSERT INTO `exhibitionexhibitor` (ID, `ExhibitionID`, `ExhibitorNumber`, `ExhibitorID`) VALUES (110, 6, 28, 118);
INSERT INTO `exhibitionexhibitor` (ID, `ExhibitionID`, `ExhibitorNumber`, `ExhibitorID`) VALUES (111, 6, 29, 119);
INSERT INTO `exhibitionexhibitor` (ID, `ExhibitionID`, `ExhibitorNumber`, `ExhibitorID`) VALUES (112, 6, 30, 120);
INSERT INTO `exhibitionexhibitor` (ID, `ExhibitionID`, `ExhibitorNumber`, `ExhibitorID`) VALUES (113, 6, 31, 121);
INSERT INTO `exhibitionexhibitor` (ID, `ExhibitionID`, `ExhibitorNumber`, `ExhibitorID`) VALUES (114, 7, 1, 1);
INSERT INTO `exhibitionexhibitor` (ID, `ExhibitionID`, `ExhibitorNumber`, `ExhibitorID`) VALUES (115, 7, 2, 14);
INSERT INTO `exhibitionexhibitor` (ID, `ExhibitionID`, `ExhibitorNumber`, `ExhibitorID`) VALUES (116, 7, 3, 17);
INSERT INTO `exhibitionexhibitor` (ID, `ExhibitionID`, `ExhibitorNumber`, `ExhibitorID`) VALUES (117, 7, 4, 105);
INSERT INTO `exhibitionexhibitor` (ID, `ExhibitionID`, `ExhibitorNumber`, `ExhibitorID`) VALUES (118, 7, 5, 6);
INSERT INTO `exhibitionexhibitor` (ID, `ExhibitionID`, `ExhibitorNumber`, `ExhibitorID`) VALUES (119, 7, 6, 5);
INSERT INTO `exhibitionexhibitor` (ID, `ExhibitionID`, `ExhibitorNumber`, `ExhibitorID`) VALUES (120, 7, 7, 13);
INSERT INTO `exhibitionexhibitor` (ID, `ExhibitionID`, `ExhibitorNumber`, `ExhibitorID`) VALUES (121, 7, 8, 12);
INSERT INTO `exhibitionexhibitor` (ID, `ExhibitionID`, `ExhibitorNumber`, `ExhibitorID`) VALUES (122, 7, 9, 18);
INSERT INTO `exhibitionexhibitor` (ID, `ExhibitionID`, `ExhibitorNumber`, `ExhibitorID`) VALUES (123, 7, 10, 106);
INSERT INTO `exhibitionexhibitor` (ID, `ExhibitionID`, `ExhibitorNumber`, `ExhibitorID`) VALUES (124, 7, 11, 43);
INSERT INTO `exhibitionexhibitor` (ID, `ExhibitionID`, `ExhibitorNumber`, `ExhibitorID`) VALUES (125, 7, 14, 7);
INSERT INTO `exhibitionexhibitor` (ID, `ExhibitionID`, `ExhibitorNumber`, `ExhibitorID`) VALUES (126, 7, 15, 16);
INSERT INTO `exhibitionexhibitor` (ID, `ExhibitionID`, `ExhibitorNumber`, `ExhibitorID`) VALUES (127, 7, 17, 32);
INSERT INTO `exhibitionexhibitor` (ID, `ExhibitionID`, `ExhibitorNumber`, `ExhibitorID`) VALUES (128, 7, 19, 31);
INSERT INTO `exhibitionexhibitor` (ID, `ExhibitionID`, `ExhibitorNumber`, `ExhibitorID`) VALUES (129, 7, 20, 11);
INSERT INTO `exhibitionexhibitor` (ID, `ExhibitionID`, `ExhibitorNumber`, `ExhibitorID`) VALUES (130, 7, 21, 30);
INSERT INTO `exhibitionexhibitor` (ID, `ExhibitionID`, `ExhibitorNumber`, `ExhibitorID`) VALUES (131, 7, 22, 21);
INSERT INTO `exhibitionexhibitor` (ID, `ExhibitionID`, `ExhibitorNumber`, `ExhibitorID`) VALUES (132, 7, 23, 23);
INSERT INTO `exhibitionexhibitor` (ID, `ExhibitionID`, `ExhibitorNumber`, `ExhibitorID`) VALUES (133, 7, 25, 28);
INSERT INTO `exhibitionexhibitor` (ID, `ExhibitionID`, `ExhibitorNumber`, `ExhibitorID`) VALUES (134, 7, 27, 39);
INSERT INTO `exhibitionexhibitor` (ID, `ExhibitionID`, `ExhibitorNumber`, `ExhibitorID`) VALUES (135, 7, 28, 10);
INSERT INTO `exhibitionexhibitor` (ID, `ExhibitionID`, `ExhibitorNumber`, `ExhibitorID`) VALUES (136, 7, 29, 22);
INSERT INTO `exhibitionexhibitor` (ID, `ExhibitionID`, `ExhibitorNumber`, `ExhibitorID`) VALUES (137, 7, 30, 34);
INSERT INTO `exhibitionexhibitor` (ID, `ExhibitionID`, `ExhibitorNumber`, `ExhibitorID`) VALUES (138, 7, 32, 20);
INSERT INTO `exhibitionexhibitor` (ID, `ExhibitionID`, `ExhibitorNumber`, `ExhibitorID`) VALUES (139, 7, 33, 40);
INSERT INTO `exhibitionexhibitor` (ID, `ExhibitionID`, `ExhibitorNumber`, `ExhibitorID`) VALUES (140, 7, 34, 47);
INSERT INTO `exhibitionexhibitor` (ID, `ExhibitionID`, `ExhibitorNumber`, `ExhibitorID`) VALUES (141, 7, 35, 19);
INSERT INTO `exhibitionexhibitor` (ID, `ExhibitionID`, `ExhibitorNumber`, `ExhibitorID`) VALUES (142, 7, 38, 120);
INSERT INTO `exhibitionexhibitor` (ID, `ExhibitionID`, `ExhibitorNumber`, `ExhibitorID`) VALUES (143, 7, 39, 36);
INSERT INTO `exhibitionexhibitor` (ID, `ExhibitionID`, `ExhibitorNumber`, `ExhibitorID`) VALUES (144, 7, 40, 45);
INSERT INTO `exhibitionexhibitor` (ID, `ExhibitionID`, `ExhibitorNumber`, `ExhibitorID`) VALUES (145, 7, 41, 44);
INSERT INTO `exhibitionexhibitor` (ID, `ExhibitionID`, `ExhibitorNumber`, `ExhibitorID`) VALUES (146, 7, 43, 100);
INSERT INTO `exhibitionexhibitor` (ID, `ExhibitionID`, `ExhibitorNumber`, `ExhibitorID`) VALUES (147, 7, 100, 57);
INSERT INTO `exhibitionexhibitor` (ID, `ExhibitionID`, `ExhibitorNumber`, `ExhibitorID`) VALUES (148, 7, 101, 66);
INSERT INTO `exhibitionexhibitor` (ID, `ExhibitionID`, `ExhibitorNumber`, `ExhibitorID`) VALUES (149, 7, 102, 67);
INSERT INTO `exhibitionexhibitor` (ID, `ExhibitionID`, `ExhibitorNumber`, `ExhibitorID`) VALUES (150, 7, 103, 68);
INSERT INTO `exhibitionexhibitor` (ID, `ExhibitionID`, `ExhibitorNumber`, `ExhibitorID`) VALUES (151, 7, 122, 63);
INSERT INTO `exhibitionexhibitor` (ID, `ExhibitionID`, `ExhibitorNumber`, `ExhibitorID`) VALUES (152, 7, 12, 122);
INSERT INTO `exhibitionexhibitor` (ID, `ExhibitionID`, `ExhibitorNumber`, `ExhibitorID`) VALUES (153, 7, 13, 123);
INSERT INTO `exhibitionexhibitor` (ID, `ExhibitionID`, `ExhibitorNumber`, `ExhibitorID`) VALUES (154, 7, 16, 124);
INSERT INTO `exhibitionexhibitor` (ID, `ExhibitionID`, `ExhibitorNumber`, `ExhibitorID`) VALUES (155, 7, 18, 125);
INSERT INTO `exhibitionexhibitor` (ID, `ExhibitionID`, `ExhibitorNumber`, `ExhibitorID`) VALUES (156, 7, 24, 126);
INSERT INTO `exhibitionexhibitor` (ID, `ExhibitionID`, `ExhibitorNumber`, `ExhibitorID`) VALUES (157, 7, 26, 127);
INSERT INTO `exhibitionexhibitor` (ID, `ExhibitionID`, `ExhibitorNumber`, `ExhibitorID`) VALUES (158, 7, 31, 128);
INSERT INTO `exhibitionexhibitor` (ID, `ExhibitionID`, `ExhibitorNumber`, `ExhibitorID`) VALUES (159, 7, 36, 129);
INSERT INTO `exhibitionexhibitor` (ID, `ExhibitionID`, `ExhibitorNumber`, `ExhibitorID`) VALUES (160, 7, 37, 130);
INSERT INTO `exhibitionexhibitor` (ID, `ExhibitionID`, `ExhibitorNumber`, `ExhibitorID`) VALUES (161, 7, 42, 131);
INSERT INTO `exhibitionexhibitor` (ID, `ExhibitionID`, `ExhibitorNumber`, `ExhibitorID`) VALUES (162, 7, 104, 133);
INSERT INTO `exhibitionexhibitor` (ID, `ExhibitionID`, `ExhibitorNumber`, `ExhibitorID`) VALUES (163, 7, 105, 134);
INSERT INTO `exhibitionexhibitor` (ID, `ExhibitionID`, `ExhibitorNumber`, `ExhibitorID`) VALUES (164, 7, 106, 135);
INSERT INTO `exhibitionexhibitor` (ID, `ExhibitionID`, `ExhibitorNumber`, `ExhibitorID`) VALUES (165, 7, 108, 136);
INSERT INTO `exhibitionexhibitor` (ID, `ExhibitionID`, `ExhibitorNumber`, `ExhibitorID`) VALUES (166, 7, 109, 137);
INSERT INTO `exhibitionexhibitor` (ID, `ExhibitionID`, `ExhibitorNumber`, `ExhibitorID`) VALUES (167, 7, 110, 138);
INSERT INTO `exhibitionexhibitor` (ID, `ExhibitionID`, `ExhibitorNumber`, `ExhibitorID`) VALUES (168, 7, 111, 139);
INSERT INTO `exhibitionexhibitor` (ID, `ExhibitionID`, `ExhibitorNumber`, `ExhibitorID`) VALUES (169, 7, 112, 140);
INSERT INTO `exhibitionexhibitor` (ID, `ExhibitionID`, `ExhibitorNumber`, `ExhibitorID`) VALUES (170, 7, 113, 141);
INSERT INTO `exhibitionexhibitor` (ID, `ExhibitionID`, `ExhibitorNumber`, `ExhibitorID`) VALUES (171, 7, 114, 142);
INSERT INTO `exhibitionexhibitor` (ID, `ExhibitionID`, `ExhibitorNumber`, `ExhibitorID`) VALUES (172, 7, 115, 143);
INSERT INTO `exhibitionexhibitor` (ID, `ExhibitionID`, `ExhibitorNumber`, `ExhibitorID`) VALUES (173, 7, 116, 144);
INSERT INTO `exhibitionexhibitor` (ID, `ExhibitionID`, `ExhibitorNumber`, `ExhibitorID`) VALUES (174, 7, 117, 145);
INSERT INTO `exhibitionexhibitor` (ID, `ExhibitionID`, `ExhibitorNumber`, `ExhibitorID`) VALUES (175, 7, 118, 146);
INSERT INTO `exhibitionexhibitor` (ID, `ExhibitionID`, `ExhibitorNumber`, `ExhibitorID`) VALUES (176, 7, 119, 147);
INSERT INTO `exhibitionexhibitor` (ID, `ExhibitionID`, `ExhibitorNumber`, `ExhibitorID`) VALUES (177, 7, 120, 148);
INSERT INTO `exhibitionexhibitor` (ID, `ExhibitionID`, `ExhibitorNumber`, `ExhibitorID`) VALUES (178, 7, 121, 149);
INSERT INTO `exhibitionexhibitor` (ID, `ExhibitionID`, `ExhibitorNumber`, `ExhibitorID`) VALUES (179, 7, 123, 150);
INSERT INTO `exhibitionexhibitor` (ID, `ExhibitionID`, `ExhibitorNumber`, `ExhibitorID`) VALUES (180, 7, 124, 151);
INSERT INTO `exhibitionexhibitor` (ID, `ExhibitionID`, `ExhibitorNumber`, `ExhibitorID`) VALUES (181, 7, 125, 152);
INSERT INTO `exhibitionexhibitor` (ID, `ExhibitionID`, `ExhibitorNumber`, `ExhibitorID`) VALUES (182, 7, 126, 153);
INSERT INTO `exhibitionexhibitor` (ID, `ExhibitionID`, `ExhibitorNumber`, `ExhibitorID`) VALUES (183, 7, 127, 154);
INSERT INTO `exhibitionexhibitor` (ID, `ExhibitionID`, `ExhibitorNumber`, `ExhibitorID`) VALUES (184, 7, 128, 155);
INSERT INTO `exhibitionexhibitor` (ID, `ExhibitionID`, `ExhibitorNumber`, `ExhibitorID`) VALUES (185, 7, 129, 156);
INSERT INTO `exhibitionexhibitor` (ID, `ExhibitionID`, `ExhibitorNumber`, `ExhibitorID`) VALUES (186, 7, 130, 157);
INSERT INTO `exhibitionexhibitor` (ID, `ExhibitionID`, `ExhibitorNumber`, `ExhibitorID`) VALUES (187, 7, 132, 158);
INSERT INTO `exhibitionexhibitor` (ID, `ExhibitionID`, `ExhibitorNumber`, `ExhibitorID`) VALUES (188, 7, 133, 159);
INSERT INTO `exhibitionexhibitor` (ID, `ExhibitionID`, `ExhibitorNumber`, `ExhibitorID`) VALUES (189, 7, 134, 160);
INSERT INTO `exhibitionexhibitor` (ID, `ExhibitionID`, `ExhibitorNumber`, `ExhibitorID`) VALUES (190, 7, 135, 161);
INSERT INTO `exhibitionexhibitor` (ID, `ExhibitionID`, `ExhibitorNumber`, `ExhibitorID`) VALUES (191, 8, 1, 20);
INSERT INTO `exhibitionexhibitor` (ID, `ExhibitionID`, `ExhibitorNumber`, `ExhibitorID`) VALUES (192, 8, 2, 44);
INSERT INTO `exhibitionexhibitor` (ID, `ExhibitionID`, `ExhibitorNumber`, `ExhibitorID`) VALUES (193, 8, 3, 46);
INSERT INTO `exhibitionexhibitor` (ID, `ExhibitionID`, `ExhibitorNumber`, `ExhibitorID`) VALUES (194, 8, 4, 96);
INSERT INTO `exhibitionexhibitor` (ID, `ExhibitionID`, `ExhibitorNumber`, `ExhibitorID`) VALUES (195, 8, 5, 102);
INSERT INTO `exhibitionexhibitor` (ID, `ExhibitionID`, `ExhibitorNumber`, `ExhibitorID`) VALUES (196, 8, 6, 101);
INSERT INTO `exhibitionexhibitor` (ID, `ExhibitionID`, `ExhibitorNumber`, `ExhibitorID`) VALUES (197, 8, 7, 163);
INSERT INTO `exhibitionexhibitor` (ID, `ExhibitionID`, `ExhibitorNumber`, `ExhibitorID`) VALUES (198, 8, 8, 18);
INSERT INTO `exhibitionexhibitor` (ID, `ExhibitionID`, `ExhibitorNumber`, `ExhibitorID`) VALUES (199, 8, 9, 93);
INSERT INTO `exhibitionexhibitor` (ID, `ExhibitionID`, `ExhibitorNumber`, `ExhibitorID`) VALUES (200, 8, 10, 6);
INSERT INTO `exhibitionexhibitor` (ID, `ExhibitionID`, `ExhibitorNumber`, `ExhibitorID`) VALUES (201, 8, 11, 105);
INSERT INTO `exhibitionexhibitor` (ID, `ExhibitionID`, `ExhibitorNumber`, `ExhibitorID`) VALUES (202, 8, 12, 43);
INSERT INTO `exhibitionexhibitor` (ID, `ExhibitionID`, `ExhibitorNumber`, `ExhibitorID`) VALUES (203, 8, 13, 45);
INSERT INTO `exhibitionexhibitor` (ID, `ExhibitionID`, `ExhibitorNumber`, `ExhibitorID`) VALUES (204, 8, 14, 108);
INSERT INTO `exhibitionexhibitor` (ID, `ExhibitionID`, `ExhibitorNumber`, `ExhibitorID`) VALUES (205, 8, 15, 164);
INSERT INTO `exhibitionexhibitor` (ID, `ExhibitionID`, `ExhibitorNumber`, `ExhibitorID`) VALUES (206, 8, 16, 103);
INSERT INTO `exhibitionexhibitor` (ID, `ExhibitionID`, `ExhibitorNumber`, `ExhibitorID`) VALUES (207, 8, 17, 110);
INSERT INTO `exhibitionexhibitor` (ID, `ExhibitionID`, `ExhibitorNumber`, `ExhibitorID`) VALUES (208, 8, 18, 109);
INSERT INTO `exhibitionexhibitor` (ID, `ExhibitionID`, `ExhibitorNumber`, `ExhibitorID`) VALUES (209, 8, 19, 117);
INSERT INTO `exhibitionexhibitor` (ID, `ExhibitionID`, `ExhibitorNumber`, `ExhibitorID`) VALUES (210, 8, 20, 31);
INSERT INTO `exhibitionexhibitor` (ID, `ExhibitionID`, `ExhibitorNumber`, `ExhibitorID`) VALUES (211, 8, 21, 120);
INSERT INTO `exhibitionexhibitor` (ID, `ExhibitionID`, `ExhibitorNumber`, `ExhibitorID`) VALUES (212, 9, 1, 100);
INSERT INTO `exhibitionexhibitor` (ID, `ExhibitionID`, `ExhibitorNumber`, `ExhibitorID`) VALUES (213, 9, 2, 104);
INSERT INTO `exhibitionexhibitor` (ID, `ExhibitionID`, `ExhibitorNumber`, `ExhibitorID`) VALUES (214, 9, 3, 8);
INSERT INTO `exhibitionexhibitor` (ID, `ExhibitionID`, `ExhibitorNumber`, `ExhibitorID`) VALUES (215, 9, 4, 39);
INSERT INTO `exhibitionexhibitor` (ID, `ExhibitionID`, `ExhibitorNumber`, `ExhibitorID`) VALUES (216, 9, 5, 162);
INSERT INTO `exhibitionexhibitor` (ID, `ExhibitionID`, `ExhibitorNumber`, `ExhibitorID`) VALUES (217, 9, 6, 15);
INSERT INTO `exhibitionexhibitor` (ID, `ExhibitionID`, `ExhibitorNumber`, `ExhibitorID`) VALUES (218, 9, 7, 114);
INSERT INTO `exhibitionexhibitor` (ID, `ExhibitionID`, `ExhibitorNumber`, `ExhibitorID`) VALUES (219, 9, 8, 113);
INSERT INTO `exhibitionexhibitor` (ID, `ExhibitionID`, `ExhibitorNumber`, `ExhibitorID`) VALUES (220, 9, 9, 93);
INSERT INTO `exhibitionexhibitor` (ID, `ExhibitionID`, `ExhibitorNumber`, `ExhibitorID`) VALUES (221, 9, 10, 108);
COMMIT;


/* Data for table "exhibitionsection" */
INSERT INTO `exhibitionsection` (ID, `ExhibitionID`, `SectionNumber`, `SectionID`) VALUES (1, 3, 1, 1);
INSERT INTO `exhibitionsection` (ID, `ExhibitionID`, `SectionNumber`, `SectionID`) VALUES (2, 3, 2, 2);
INSERT INTO `exhibitionsection` (ID, `ExhibitionID`, `SectionNumber`, `SectionID`) VALUES (3, 3, 3, 3);
INSERT INTO `exhibitionsection` (ID, `ExhibitionID`, `SectionNumber`, `SectionID`) VALUES (4, 3, 4, 4);
INSERT INTO `exhibitionsection` (ID, `ExhibitionID`, `SectionNumber`, `SectionID`) VALUES (5, 3, 5, 6);
INSERT INTO `exhibitionsection` (ID, `ExhibitionID`, `SectionNumber`, `SectionID`) VALUES (6, 3, 6, 5);
INSERT INTO `exhibitionsection` (ID, `ExhibitionID`, `SectionNumber`, `SectionID`) VALUES (7, 3, 7, 7);
INSERT INTO `exhibitionsection` (ID, `ExhibitionID`, `SectionNumber`, `SectionID`) VALUES (8, 3, 8, 8);
INSERT INTO `exhibitionsection` (ID, `ExhibitionID`, `SectionNumber`, `SectionID`) VALUES (9, 3, 9, 9);
INSERT INTO `exhibitionsection` (ID, `ExhibitionID`, `SectionNumber`, `SectionID`) VALUES (10, 3, 10, 10);
INSERT INTO `exhibitionsection` (ID, `ExhibitionID`, `SectionNumber`, `SectionID`) VALUES (11, 2, 1, 11);
INSERT INTO `exhibitionsection` (ID, `ExhibitionID`, `SectionNumber`, `SectionID`) VALUES (12, 5, 1, 1);
INSERT INTO `exhibitionsection` (ID, `ExhibitionID`, `SectionNumber`, `SectionID`) VALUES (13, 5, 2, 2);
INSERT INTO `exhibitionsection` (ID, `ExhibitionID`, `SectionNumber`, `SectionID`) VALUES (14, 5, 3, 3);
INSERT INTO `exhibitionsection` (ID, `ExhibitionID`, `SectionNumber`, `SectionID`) VALUES (15, 5, 4, 4);
INSERT INTO `exhibitionsection` (ID, `ExhibitionID`, `SectionNumber`, `SectionID`) VALUES (16, 5, 5, 6);
INSERT INTO `exhibitionsection` (ID, `ExhibitionID`, `SectionNumber`, `SectionID`) VALUES (17, 5, 6, 5);
INSERT INTO `exhibitionsection` (ID, `ExhibitionID`, `SectionNumber`, `SectionID`) VALUES (18, 5, 7, 7);
INSERT INTO `exhibitionsection` (ID, `ExhibitionID`, `SectionNumber`, `SectionID`) VALUES (19, 5, 8, 8);
INSERT INTO `exhibitionsection` (ID, `ExhibitionID`, `SectionNumber`, `SectionID`) VALUES (20, 5, 9, 9);
INSERT INTO `exhibitionsection` (ID, `ExhibitionID`, `SectionNumber`, `SectionID`) VALUES (21, 5, 10, 10);
INSERT INTO `exhibitionsection` (ID, `ExhibitionID`, `SectionNumber`, `SectionID`) VALUES (22, 6, 1, 12);
INSERT INTO `exhibitionsection` (ID, `ExhibitionID`, `SectionNumber`, `SectionID`) VALUES (23, 7, 1, 1);
INSERT INTO `exhibitionsection` (ID, `ExhibitionID`, `SectionNumber`, `SectionID`) VALUES (24, 7, 2, 2);
INSERT INTO `exhibitionsection` (ID, `ExhibitionID`, `SectionNumber`, `SectionID`) VALUES (25, 7, 3, 3);
INSERT INTO `exhibitionsection` (ID, `ExhibitionID`, `SectionNumber`, `SectionID`) VALUES (26, 7, 4, 4);
INSERT INTO `exhibitionsection` (ID, `ExhibitionID`, `SectionNumber`, `SectionID`) VALUES (27, 7, 5, 6);
INSERT INTO `exhibitionsection` (ID, `ExhibitionID`, `SectionNumber`, `SectionID`) VALUES (28, 7, 6, 5);
INSERT INTO `exhibitionsection` (ID, `ExhibitionID`, `SectionNumber`, `SectionID`) VALUES (29, 7, 7, 7);
INSERT INTO `exhibitionsection` (ID, `ExhibitionID`, `SectionNumber`, `SectionID`) VALUES (30, 7, 8, 8);
INSERT INTO `exhibitionsection` (ID, `ExhibitionID`, `SectionNumber`, `SectionID`) VALUES (31, 7, 9, 9);
INSERT INTO `exhibitionsection` (ID, `ExhibitionID`, `SectionNumber`, `SectionID`) VALUES (32, 7, 10, 10);
INSERT INTO `exhibitionsection` (ID, `ExhibitionID`, `SectionNumber`, `SectionID`) VALUES (33, 8, 2012, 12);
INSERT INTO `exhibitionsection` (ID, `ExhibitionID`, `SectionNumber`, `SectionID`) VALUES (34, 8, 1, 13);
INSERT INTO `exhibitionsection` (ID, `ExhibitionID`, `SectionNumber`, `SectionID`) VALUES (35, 9, 1, 1);
COMMIT;


/* Data for table "exhibitiontrophyclass" */
INSERT INTO `exhibitiontrophyclass` (`id`, `TrophyID`, `ExhibitionClassID`) VALUES (1, 3, 1);
INSERT INTO `exhibitiontrophyclass` (`id`, `TrophyID`, `ExhibitionClassID`) VALUES (2, 3, 2);
INSERT INTO `exhibitiontrophyclass` (`id`, `TrophyID`, `ExhibitionClassID`) VALUES (3, 3, 3);
INSERT INTO `exhibitiontrophyclass` (`id`, `TrophyID`, `ExhibitionClassID`) VALUES (4, 3, 4);
INSERT INTO `exhibitiontrophyclass` (`id`, `TrophyID`, `ExhibitionClassID`) VALUES (5, 3, 5);
INSERT INTO `exhibitiontrophyclass` (`id`, `TrophyID`, `ExhibitionClassID`) VALUES (6, 3, 6);
INSERT INTO `exhibitiontrophyclass` (`id`, `TrophyID`, `ExhibitionClassID`) VALUES (7, 3, 7);
INSERT INTO `exhibitiontrophyclass` (`id`, `TrophyID`, `ExhibitionClassID`) VALUES (8, 3, 8);
INSERT INTO `exhibitiontrophyclass` (`id`, `TrophyID`, `ExhibitionClassID`) VALUES (9, 3, 9);
INSERT INTO `exhibitiontrophyclass` (`id`, `TrophyID`, `ExhibitionClassID`) VALUES (10, 3, 10);
INSERT INTO `exhibitiontrophyclass` (`id`, `TrophyID`, `ExhibitionClassID`) VALUES (11, 3, 11);
INSERT INTO `exhibitiontrophyclass` (`id`, `TrophyID`, `ExhibitionClassID`) VALUES (12, 3, 12);
INSERT INTO `exhibitiontrophyclass` (`id`, `TrophyID`, `ExhibitionClassID`) VALUES (13, 3, 13);
INSERT INTO `exhibitiontrophyclass` (`id`, `TrophyID`, `ExhibitionClassID`) VALUES (14, 3, 14);
INSERT INTO `exhibitiontrophyclass` (`id`, `TrophyID`, `ExhibitionClassID`) VALUES (15, 3, 15);
INSERT INTO `exhibitiontrophyclass` (`id`, `TrophyID`, `ExhibitionClassID`) VALUES (16, 3, 16);
INSERT INTO `exhibitiontrophyclass` (`id`, `TrophyID`, `ExhibitionClassID`) VALUES (17, 3, 17);
INSERT INTO `exhibitiontrophyclass` (`id`, `TrophyID`, `ExhibitionClassID`) VALUES (18, 3, 18);
INSERT INTO `exhibitiontrophyclass` (`id`, `TrophyID`, `ExhibitionClassID`) VALUES (19, 3, 19);
INSERT INTO `exhibitiontrophyclass` (`id`, `TrophyID`, `ExhibitionClassID`) VALUES (20, 3, 20);
INSERT INTO `exhibitiontrophyclass` (`id`, `TrophyID`, `ExhibitionClassID`) VALUES (21, 3, 21);
INSERT INTO `exhibitiontrophyclass` (`id`, `TrophyID`, `ExhibitionClassID`) VALUES (22, 3, 22);
INSERT INTO `exhibitiontrophyclass` (`id`, `TrophyID`, `ExhibitionClassID`) VALUES (23, 3, 23);
INSERT INTO `exhibitiontrophyclass` (`id`, `TrophyID`, `ExhibitionClassID`) VALUES (24, 3, 24);
INSERT INTO `exhibitiontrophyclass` (`id`, `TrophyID`, `ExhibitionClassID`) VALUES (25, 3, 25);
INSERT INTO `exhibitiontrophyclass` (`id`, `TrophyID`, `ExhibitionClassID`) VALUES (26, 3, 26);
INSERT INTO `exhibitiontrophyclass` (`id`, `TrophyID`, `ExhibitionClassID`) VALUES (27, 3, 27);
INSERT INTO `exhibitiontrophyclass` (`id`, `TrophyID`, `ExhibitionClassID`) VALUES (28, 2, 1);
INSERT INTO `exhibitiontrophyclass` (`id`, `TrophyID`, `ExhibitionClassID`) VALUES (29, 2, 2);
INSERT INTO `exhibitiontrophyclass` (`id`, `TrophyID`, `ExhibitionClassID`) VALUES (30, 4, 94);
INSERT INTO `exhibitiontrophyclass` (`id`, `TrophyID`, `ExhibitionClassID`) VALUES (31, 4, 95);
INSERT INTO `exhibitiontrophyclass` (`id`, `TrophyID`, `ExhibitionClassID`) VALUES (32, 4, 96);
INSERT INTO `exhibitiontrophyclass` (`id`, `TrophyID`, `ExhibitionClassID`) VALUES (33, 4, 98);
INSERT INTO `exhibitiontrophyclass` (`id`, `TrophyID`, `ExhibitionClassID`) VALUES (34, 5, 104);
INSERT INTO `exhibitiontrophyclass` (`id`, `TrophyID`, `ExhibitionClassID`) VALUES (35, 5, 105);
INSERT INTO `exhibitiontrophyclass` (`id`, `TrophyID`, `ExhibitionClassID`) VALUES (36, 5, 106);
INSERT INTO `exhibitiontrophyclass` (`id`, `TrophyID`, `ExhibitionClassID`) VALUES (37, 5, 107);
INSERT INTO `exhibitiontrophyclass` (`id`, `TrophyID`, `ExhibitionClassID`) VALUES (38, 6, 146);
INSERT INTO `exhibitiontrophyclass` (`id`, `TrophyID`, `ExhibitionClassID`) VALUES (39, 6, 147);
INSERT INTO `exhibitiontrophyclass` (`id`, `TrophyID`, `ExhibitionClassID`) VALUES (40, 6, 148);
INSERT INTO `exhibitiontrophyclass` (`id`, `TrophyID`, `ExhibitionClassID`) VALUES (41, 6, 149);
INSERT INTO `exhibitiontrophyclass` (`id`, `TrophyID`, `ExhibitionClassID`) VALUES (42, 6, 150);
INSERT INTO `exhibitiontrophyclass` (`id`, `TrophyID`, `ExhibitionClassID`) VALUES (43, 6, 151);
INSERT INTO `exhibitiontrophyclass` (`id`, `TrophyID`, `ExhibitionClassID`) VALUES (44, 6, 152);
INSERT INTO `exhibitiontrophyclass` (`id`, `TrophyID`, `ExhibitionClassID`) VALUES (45, 7, 87);
INSERT INTO `exhibitiontrophyclass` (`id`, `TrophyID`, `ExhibitionClassID`) VALUES (46, 7, 88);
INSERT INTO `exhibitiontrophyclass` (`id`, `TrophyID`, `ExhibitionClassID`) VALUES (47, 7, 89);
INSERT INTO `exhibitiontrophyclass` (`id`, `TrophyID`, `ExhibitionClassID`) VALUES (48, 7, 90);
INSERT INTO `exhibitiontrophyclass` (`id`, `TrophyID`, `ExhibitionClassID`) VALUES (49, 7, 91);
INSERT INTO `exhibitiontrophyclass` (`id`, `TrophyID`, `ExhibitionClassID`) VALUES (50, 7, 92);
INSERT INTO `exhibitiontrophyclass` (`id`, `TrophyID`, `ExhibitionClassID`) VALUES (51, 7, 93);
INSERT INTO `exhibitiontrophyclass` (`id`, `TrophyID`, `ExhibitionClassID`) VALUES (52, 7, 94);
INSERT INTO `exhibitiontrophyclass` (`id`, `TrophyID`, `ExhibitionClassID`) VALUES (53, 7, 95);
INSERT INTO `exhibitiontrophyclass` (`id`, `TrophyID`, `ExhibitionClassID`) VALUES (54, 7, 96);
INSERT INTO `exhibitiontrophyclass` (`id`, `TrophyID`, `ExhibitionClassID`) VALUES (55, 7, 98);
INSERT INTO `exhibitiontrophyclass` (`id`, `TrophyID`, `ExhibitionClassID`) VALUES (56, 7, 99);
INSERT INTO `exhibitiontrophyclass` (`id`, `TrophyID`, `ExhibitionClassID`) VALUES (57, 7, 100);
INSERT INTO `exhibitiontrophyclass` (`id`, `TrophyID`, `ExhibitionClassID`) VALUES (58, 7, 101);
INSERT INTO `exhibitiontrophyclass` (`id`, `TrophyID`, `ExhibitionClassID`) VALUES (59, 7, 102);
INSERT INTO `exhibitiontrophyclass` (`id`, `TrophyID`, `ExhibitionClassID`) VALUES (60, 7, 103);
INSERT INTO `exhibitiontrophyclass` (`id`, `TrophyID`, `ExhibitionClassID`) VALUES (61, 7, 104);
INSERT INTO `exhibitiontrophyclass` (`id`, `TrophyID`, `ExhibitionClassID`) VALUES (62, 7, 105);
INSERT INTO `exhibitiontrophyclass` (`id`, `TrophyID`, `ExhibitionClassID`) VALUES (63, 7, 106);
INSERT INTO `exhibitiontrophyclass` (`id`, `TrophyID`, `ExhibitionClassID`) VALUES (64, 7, 107);
INSERT INTO `exhibitiontrophyclass` (`id`, `TrophyID`, `ExhibitionClassID`) VALUES (65, 7, 108);
INSERT INTO `exhibitiontrophyclass` (`id`, `TrophyID`, `ExhibitionClassID`) VALUES (66, 7, 109);
INSERT INTO `exhibitiontrophyclass` (`id`, `TrophyID`, `ExhibitionClassID`) VALUES (67, 7, 110);
INSERT INTO `exhibitiontrophyclass` (`id`, `TrophyID`, `ExhibitionClassID`) VALUES (68, 7, 111);
INSERT INTO `exhibitiontrophyclass` (`id`, `TrophyID`, `ExhibitionClassID`) VALUES (69, 7, 112);
INSERT INTO `exhibitiontrophyclass` (`id`, `TrophyID`, `ExhibitionClassID`) VALUES (70, 7, 113);
INSERT INTO `exhibitiontrophyclass` (`id`, `TrophyID`, `ExhibitionClassID`) VALUES (71, 7, 114);
INSERT INTO `exhibitiontrophyclass` (`id`, `TrophyID`, `ExhibitionClassID`) VALUES (72, 7, 115);
INSERT INTO `exhibitiontrophyclass` (`id`, `TrophyID`, `ExhibitionClassID`) VALUES (73, 7, 116);
INSERT INTO `exhibitiontrophyclass` (`id`, `TrophyID`, `ExhibitionClassID`) VALUES (74, 7, 117);
INSERT INTO `exhibitiontrophyclass` (`id`, `TrophyID`, `ExhibitionClassID`) VALUES (75, 7, 118);
INSERT INTO `exhibitiontrophyclass` (`id`, `TrophyID`, `ExhibitionClassID`) VALUES (76, 7, 119);
INSERT INTO `exhibitiontrophyclass` (`id`, `TrophyID`, `ExhibitionClassID`) VALUES (77, 7, 120);
INSERT INTO `exhibitiontrophyclass` (`id`, `TrophyID`, `ExhibitionClassID`) VALUES (78, 7, 121);
INSERT INTO `exhibitiontrophyclass` (`id`, `TrophyID`, `ExhibitionClassID`) VALUES (79, 7, 122);
INSERT INTO `exhibitiontrophyclass` (`id`, `TrophyID`, `ExhibitionClassID`) VALUES (80, 7, 123);
INSERT INTO `exhibitiontrophyclass` (`id`, `TrophyID`, `ExhibitionClassID`) VALUES (81, 7, 124);
INSERT INTO `exhibitiontrophyclass` (`id`, `TrophyID`, `ExhibitionClassID`) VALUES (82, 7, 125);
INSERT INTO `exhibitiontrophyclass` (`id`, `TrophyID`, `ExhibitionClassID`) VALUES (83, 7, 126);
INSERT INTO `exhibitiontrophyclass` (`id`, `TrophyID`, `ExhibitionClassID`) VALUES (84, 7, 127);
INSERT INTO `exhibitiontrophyclass` (`id`, `TrophyID`, `ExhibitionClassID`) VALUES (85, 7, 128);
INSERT INTO `exhibitiontrophyclass` (`id`, `TrophyID`, `ExhibitionClassID`) VALUES (86, 7, 129);
INSERT INTO `exhibitiontrophyclass` (`id`, `TrophyID`, `ExhibitionClassID`) VALUES (87, 7, 130);
INSERT INTO `exhibitiontrophyclass` (`id`, `TrophyID`, `ExhibitionClassID`) VALUES (88, 7, 131);
INSERT INTO `exhibitiontrophyclass` (`id`, `TrophyID`, `ExhibitionClassID`) VALUES (89, 7, 132);
INSERT INTO `exhibitiontrophyclass` (`id`, `TrophyID`, `ExhibitionClassID`) VALUES (90, 7, 133);
INSERT INTO `exhibitiontrophyclass` (`id`, `TrophyID`, `ExhibitionClassID`) VALUES (91, 7, 134);
INSERT INTO `exhibitiontrophyclass` (`id`, `TrophyID`, `ExhibitionClassID`) VALUES (92, 7, 135);
INSERT INTO `exhibitiontrophyclass` (`id`, `TrophyID`, `ExhibitionClassID`) VALUES (93, 7, 136);
INSERT INTO `exhibitiontrophyclass` (`id`, `TrophyID`, `ExhibitionClassID`) VALUES (94, 7, 137);
INSERT INTO `exhibitiontrophyclass` (`id`, `TrophyID`, `ExhibitionClassID`) VALUES (95, 7, 138);
INSERT INTO `exhibitiontrophyclass` (`id`, `TrophyID`, `ExhibitionClassID`) VALUES (96, 7, 139);
INSERT INTO `exhibitiontrophyclass` (`id`, `TrophyID`, `ExhibitionClassID`) VALUES (97, 7, 140);
INSERT INTO `exhibitiontrophyclass` (`id`, `TrophyID`, `ExhibitionClassID`) VALUES (98, 7, 141);
INSERT INTO `exhibitiontrophyclass` (`id`, `TrophyID`, `ExhibitionClassID`) VALUES (99, 7, 142);
INSERT INTO `exhibitiontrophyclass` (`id`, `TrophyID`, `ExhibitionClassID`) VALUES (100, 7, 143);
INSERT INTO `exhibitiontrophyclass` (`id`, `TrophyID`, `ExhibitionClassID`) VALUES (101, 7, 144);
INSERT INTO `exhibitiontrophyclass` (`id`, `TrophyID`, `ExhibitionClassID`) VALUES (102, 7, 145);
INSERT INTO `exhibitiontrophyclass` (`id`, `TrophyID`, `ExhibitionClassID`) VALUES (103, 7, 146);
INSERT INTO `exhibitiontrophyclass` (`id`, `TrophyID`, `ExhibitionClassID`) VALUES (104, 7, 147);
INSERT INTO `exhibitiontrophyclass` (`id`, `TrophyID`, `ExhibitionClassID`) VALUES (105, 7, 148);
INSERT INTO `exhibitiontrophyclass` (`id`, `TrophyID`, `ExhibitionClassID`) VALUES (106, 7, 149);
INSERT INTO `exhibitiontrophyclass` (`id`, `TrophyID`, `ExhibitionClassID`) VALUES (107, 7, 150);
INSERT INTO `exhibitiontrophyclass` (`id`, `TrophyID`, `ExhibitionClassID`) VALUES (108, 7, 151);
INSERT INTO `exhibitiontrophyclass` (`id`, `TrophyID`, `ExhibitionClassID`) VALUES (109, 7, 152);
INSERT INTO `exhibitiontrophyclass` (`id`, `TrophyID`, `ExhibitionClassID`) VALUES (110, 7, 153);
INSERT INTO `exhibitiontrophyclass` (`id`, `TrophyID`, `ExhibitionClassID`) VALUES (111, 7, 154);
INSERT INTO `exhibitiontrophyclass` (`id`, `TrophyID`, `ExhibitionClassID`) VALUES (112, 7, 155);
INSERT INTO `exhibitiontrophyclass` (`id`, `TrophyID`, `ExhibitionClassID`) VALUES (113, 7, 156);
INSERT INTO `exhibitiontrophyclass` (`id`, `TrophyID`, `ExhibitionClassID`) VALUES (114, 7, 157);
INSERT INTO `exhibitiontrophyclass` (`id`, `TrophyID`, `ExhibitionClassID`) VALUES (115, 7, 158);
INSERT INTO `exhibitiontrophyclass` (`id`, `TrophyID`, `ExhibitionClassID`) VALUES (116, 7, 159);
INSERT INTO `exhibitiontrophyclass` (`id`, `TrophyID`, `ExhibitionClassID`) VALUES (117, 7, 160);
INSERT INTO `exhibitiontrophyclass` (`id`, `TrophyID`, `ExhibitionClassID`) VALUES (118, 7, 161);
INSERT INTO `exhibitiontrophyclass` (`id`, `TrophyID`, `ExhibitionClassID`) VALUES (119, 7, 162);
INSERT INTO `exhibitiontrophyclass` (`id`, `TrophyID`, `ExhibitionClassID`) VALUES (120, 7, 163);
INSERT INTO `exhibitiontrophyclass` (`id`, `TrophyID`, `ExhibitionClassID`) VALUES (121, 7, 164);
INSERT INTO `exhibitiontrophyclass` (`id`, `TrophyID`, `ExhibitionClassID`) VALUES (122, 7, 165);
INSERT INTO `exhibitiontrophyclass` (`id`, `TrophyID`, `ExhibitionClassID`) VALUES (123, 7, 166);
INSERT INTO `exhibitiontrophyclass` (`id`, `TrophyID`, `ExhibitionClassID`) VALUES (124, 7, 167);
INSERT INTO `exhibitiontrophyclass` (`id`, `TrophyID`, `ExhibitionClassID`) VALUES (125, 7, 168);
INSERT INTO `exhibitiontrophyclass` (`id`, `TrophyID`, `ExhibitionClassID`) VALUES (126, 7, 169);
INSERT INTO `exhibitiontrophyclass` (`id`, `TrophyID`, `ExhibitionClassID`) VALUES (127, 7, 170);
INSERT INTO `exhibitiontrophyclass` (`id`, `TrophyID`, `ExhibitionClassID`) VALUES (128, 7, 171);
INSERT INTO `exhibitiontrophyclass` (`id`, `TrophyID`, `ExhibitionClassID`) VALUES (129, 7, 173);
INSERT INTO `exhibitiontrophyclass` (`id`, `TrophyID`, `ExhibitionClassID`) VALUES (130, 7, 174);
INSERT INTO `exhibitiontrophyclass` (`id`, `TrophyID`, `ExhibitionClassID`) VALUES (131, 7, 172);
INSERT INTO `exhibitiontrophyclass` (`id`, `TrophyID`, `ExhibitionClassID`) VALUES (132, 8, 116);
INSERT INTO `exhibitiontrophyclass` (`id`, `TrophyID`, `ExhibitionClassID`) VALUES (133, 8, 117);
INSERT INTO `exhibitiontrophyclass` (`id`, `TrophyID`, `ExhibitionClassID`) VALUES (134, 8, 118);
INSERT INTO `exhibitiontrophyclass` (`id`, `TrophyID`, `ExhibitionClassID`) VALUES (135, 8, 119);
INSERT INTO `exhibitiontrophyclass` (`id`, `TrophyID`, `ExhibitionClassID`) VALUES (136, 8, 120);
INSERT INTO `exhibitiontrophyclass` (`id`, `TrophyID`, `ExhibitionClassID`) VALUES (137, 8, 121);
INSERT INTO `exhibitiontrophyclass` (`id`, `TrophyID`, `ExhibitionClassID`) VALUES (138, 8, 122);
INSERT INTO `exhibitiontrophyclass` (`id`, `TrophyID`, `ExhibitionClassID`) VALUES (139, 8, 123);
INSERT INTO `exhibitiontrophyclass` (`id`, `TrophyID`, `ExhibitionClassID`) VALUES (140, 8, 124);
INSERT INTO `exhibitiontrophyclass` (`id`, `TrophyID`, `ExhibitionClassID`) VALUES (141, 8, 125);
INSERT INTO `exhibitiontrophyclass` (`id`, `TrophyID`, `ExhibitionClassID`) VALUES (142, 8, 126);
INSERT INTO `exhibitiontrophyclass` (`id`, `TrophyID`, `ExhibitionClassID`) VALUES (143, 8, 127);
INSERT INTO `exhibitiontrophyclass` (`id`, `TrophyID`, `ExhibitionClassID`) VALUES (144, 8, 128);
INSERT INTO `exhibitiontrophyclass` (`id`, `TrophyID`, `ExhibitionClassID`) VALUES (145, 8, 129);
INSERT INTO `exhibitiontrophyclass` (`id`, `TrophyID`, `ExhibitionClassID`) VALUES (146, 8, 130);
INSERT INTO `exhibitiontrophyclass` (`id`, `TrophyID`, `ExhibitionClassID`) VALUES (147, 8, 131);
INSERT INTO `exhibitiontrophyclass` (`id`, `TrophyID`, `ExhibitionClassID`) VALUES (148, 8, 132);
INSERT INTO `exhibitiontrophyclass` (`id`, `TrophyID`, `ExhibitionClassID`) VALUES (149, 8, 133);
INSERT INTO `exhibitiontrophyclass` (`id`, `TrophyID`, `ExhibitionClassID`) VALUES (150, 8, 134);
INSERT INTO `exhibitiontrophyclass` (`id`, `TrophyID`, `ExhibitionClassID`) VALUES (151, 8, 135);
INSERT INTO `exhibitiontrophyclass` (`id`, `TrophyID`, `ExhibitionClassID`) VALUES (152, 8, 136);
INSERT INTO `exhibitiontrophyclass` (`id`, `TrophyID`, `ExhibitionClassID`) VALUES (153, 8, 137);
INSERT INTO `exhibitiontrophyclass` (`id`, `TrophyID`, `ExhibitionClassID`) VALUES (154, 9, 87);
INSERT INTO `exhibitiontrophyclass` (`id`, `TrophyID`, `ExhibitionClassID`) VALUES (155, 9, 88);
INSERT INTO `exhibitiontrophyclass` (`id`, `TrophyID`, `ExhibitionClassID`) VALUES (156, 9, 89);
INSERT INTO `exhibitiontrophyclass` (`id`, `TrophyID`, `ExhibitionClassID`) VALUES (157, 9, 90);
INSERT INTO `exhibitiontrophyclass` (`id`, `TrophyID`, `ExhibitionClassID`) VALUES (158, 9, 91);
INSERT INTO `exhibitiontrophyclass` (`id`, `TrophyID`, `ExhibitionClassID`) VALUES (159, 9, 92);
INSERT INTO `exhibitiontrophyclass` (`id`, `TrophyID`, `ExhibitionClassID`) VALUES (160, 9, 93);
INSERT INTO `exhibitiontrophyclass` (`id`, `TrophyID`, `ExhibitionClassID`) VALUES (161, 9, 94);
INSERT INTO `exhibitiontrophyclass` (`id`, `TrophyID`, `ExhibitionClassID`) VALUES (162, 9, 95);
INSERT INTO `exhibitiontrophyclass` (`id`, `TrophyID`, `ExhibitionClassID`) VALUES (163, 9, 96);
INSERT INTO `exhibitiontrophyclass` (`id`, `TrophyID`, `ExhibitionClassID`) VALUES (164, 9, 98);
INSERT INTO `exhibitiontrophyclass` (`id`, `TrophyID`, `ExhibitionClassID`) VALUES (165, 9, 99);
INSERT INTO `exhibitiontrophyclass` (`id`, `TrophyID`, `ExhibitionClassID`) VALUES (166, 9, 100);
INSERT INTO `exhibitiontrophyclass` (`id`, `TrophyID`, `ExhibitionClassID`) VALUES (167, 9, 101);
INSERT INTO `exhibitiontrophyclass` (`id`, `TrophyID`, `ExhibitionClassID`) VALUES (168, 9, 102);
INSERT INTO `exhibitiontrophyclass` (`id`, `TrophyID`, `ExhibitionClassID`) VALUES (169, 9, 103);
INSERT INTO `exhibitiontrophyclass` (`id`, `TrophyID`, `ExhibitionClassID`) VALUES (170, 9, 104);
INSERT INTO `exhibitiontrophyclass` (`id`, `TrophyID`, `ExhibitionClassID`) VALUES (171, 9, 105);
INSERT INTO `exhibitiontrophyclass` (`id`, `TrophyID`, `ExhibitionClassID`) VALUES (172, 9, 106);
INSERT INTO `exhibitiontrophyclass` (`id`, `TrophyID`, `ExhibitionClassID`) VALUES (173, 9, 107);
INSERT INTO `exhibitiontrophyclass` (`id`, `TrophyID`, `ExhibitionClassID`) VALUES (174, 9, 108);
INSERT INTO `exhibitiontrophyclass` (`id`, `TrophyID`, `ExhibitionClassID`) VALUES (175, 9, 109);
INSERT INTO `exhibitiontrophyclass` (`id`, `TrophyID`, `ExhibitionClassID`) VALUES (176, 9, 110);
INSERT INTO `exhibitiontrophyclass` (`id`, `TrophyID`, `ExhibitionClassID`) VALUES (177, 9, 111);
INSERT INTO `exhibitiontrophyclass` (`id`, `TrophyID`, `ExhibitionClassID`) VALUES (178, 9, 112);
INSERT INTO `exhibitiontrophyclass` (`id`, `TrophyID`, `ExhibitionClassID`) VALUES (179, 9, 113);
INSERT INTO `exhibitiontrophyclass` (`id`, `TrophyID`, `ExhibitionClassID`) VALUES (180, 9, 114);
INSERT INTO `exhibitiontrophyclass` (`id`, `TrophyID`, `ExhibitionClassID`) VALUES (181, 9, 115);
INSERT INTO `exhibitiontrophyclass` (`id`, `TrophyID`, `ExhibitionClassID`) VALUES (182, 10, 175);
INSERT INTO `exhibitiontrophyclass` (`id`, `TrophyID`, `ExhibitionClassID`) VALUES (183, 10, 176);
INSERT INTO `exhibitiontrophyclass` (`id`, `TrophyID`, `ExhibitionClassID`) VALUES (184, 10, 177);
INSERT INTO `exhibitiontrophyclass` (`id`, `TrophyID`, `ExhibitionClassID`) VALUES (185, 10, 178);
INSERT INTO `exhibitiontrophyclass` (`id`, `TrophyID`, `ExhibitionClassID`) VALUES (186, 10, 179);
INSERT INTO `exhibitiontrophyclass` (`id`, `TrophyID`, `ExhibitionClassID`) VALUES (187, 10, 180);
INSERT INTO `exhibitiontrophyclass` (`id`, `TrophyID`, `ExhibitionClassID`) VALUES (188, 10, 181);
INSERT INTO `exhibitiontrophyclass` (`id`, `TrophyID`, `ExhibitionClassID`) VALUES (189, 10, 182);
INSERT INTO `exhibitiontrophyclass` (`id`, `TrophyID`, `ExhibitionClassID`) VALUES (190, 10, 183);
INSERT INTO `exhibitiontrophyclass` (`id`, `TrophyID`, `ExhibitionClassID`) VALUES (191, 10, 184);
INSERT INTO `exhibitiontrophyclass` (`id`, `TrophyID`, `ExhibitionClassID`) VALUES (192, 10, 185);
INSERT INTO `exhibitiontrophyclass` (`id`, `TrophyID`, `ExhibitionClassID`) VALUES (193, 10, 186);
INSERT INTO `exhibitiontrophyclass` (`id`, `TrophyID`, `ExhibitionClassID`) VALUES (194, 10, 187);
INSERT INTO `exhibitiontrophyclass` (`id`, `TrophyID`, `ExhibitionClassID`) VALUES (195, 10, 188);
INSERT INTO `exhibitiontrophyclass` (`id`, `TrophyID`, `ExhibitionClassID`) VALUES (196, 10, 189);
INSERT INTO `exhibitiontrophyclass` (`id`, `TrophyID`, `ExhibitionClassID`) VALUES (197, 10, 190);
INSERT INTO `exhibitiontrophyclass` (`id`, `TrophyID`, `ExhibitionClassID`) VALUES (198, 10, 191);
INSERT INTO `exhibitiontrophyclass` (`id`, `TrophyID`, `ExhibitionClassID`) VALUES (199, 10, 192);
INSERT INTO `exhibitiontrophyclass` (`id`, `TrophyID`, `ExhibitionClassID`) VALUES (200, 10, 193);
INSERT INTO `exhibitiontrophyclass` (`id`, `TrophyID`, `ExhibitionClassID`) VALUES (201, 10, 194);
INSERT INTO `exhibitiontrophyclass` (`id`, `TrophyID`, `ExhibitionClassID`) VALUES (202, 10, 195);
INSERT INTO `exhibitiontrophyclass` (`id`, `TrophyID`, `ExhibitionClassID`) VALUES (203, 10, 196);
INSERT INTO `exhibitiontrophyclass` (`id`, `TrophyID`, `ExhibitionClassID`) VALUES (204, 10, 197);
INSERT INTO `exhibitiontrophyclass` (`id`, `TrophyID`, `ExhibitionClassID`) VALUES (205, 10, 198);
INSERT INTO `exhibitiontrophyclass` (`id`, `TrophyID`, `ExhibitionClassID`) VALUES (206, 10, 199);
INSERT INTO `exhibitiontrophyclass` (`id`, `TrophyID`, `ExhibitionClassID`) VALUES (207, 10, 200);
INSERT INTO `exhibitiontrophyclass` (`id`, `TrophyID`, `ExhibitionClassID`) VALUES (208, 10, 201);
INSERT INTO `exhibitiontrophyclass` (`id`, `TrophyID`, `ExhibitionClassID`) VALUES (209, 10, 202);
INSERT INTO `exhibitiontrophyclass` (`id`, `TrophyID`, `ExhibitionClassID`) VALUES (210, 10, 203);
INSERT INTO `exhibitiontrophyclass` (`id`, `TrophyID`, `ExhibitionClassID`) VALUES (211, 10, 204);
INSERT INTO `exhibitiontrophyclass` (`id`, `TrophyID`, `ExhibitionClassID`) VALUES (212, 10, 205);
INSERT INTO `exhibitiontrophyclass` (`id`, `TrophyID`, `ExhibitionClassID`) VALUES (213, 10, 206);
INSERT INTO `exhibitiontrophyclass` (`id`, `TrophyID`, `ExhibitionClassID`) VALUES (214, 10, 207);
INSERT INTO `exhibitiontrophyclass` (`id`, `TrophyID`, `ExhibitionClassID`) VALUES (215, 11, 251);
INSERT INTO `exhibitiontrophyclass` (`id`, `TrophyID`, `ExhibitionClassID`) VALUES (216, 11, 252);
INSERT INTO `exhibitiontrophyclass` (`id`, `TrophyID`, `ExhibitionClassID`) VALUES (217, 11, 253);
INSERT INTO `exhibitiontrophyclass` (`id`, `TrophyID`, `ExhibitionClassID`) VALUES (218, 11, 254);
INSERT INTO `exhibitiontrophyclass` (`id`, `TrophyID`, `ExhibitionClassID`) VALUES (219, 11, 255);
INSERT INTO `exhibitiontrophyclass` (`id`, `TrophyID`, `ExhibitionClassID`) VALUES (220, 11, 256);
INSERT INTO `exhibitiontrophyclass` (`id`, `TrophyID`, `ExhibitionClassID`) VALUES (221, 11, 257);
INSERT INTO `exhibitiontrophyclass` (`id`, `TrophyID`, `ExhibitionClassID`) VALUES (222, 11, 258);
INSERT INTO `exhibitiontrophyclass` (`id`, `TrophyID`, `ExhibitionClassID`) VALUES (223, 11, 259);
INSERT INTO `exhibitiontrophyclass` (`id`, `TrophyID`, `ExhibitionClassID`) VALUES (224, 11, 260);
INSERT INTO `exhibitiontrophyclass` (`id`, `TrophyID`, `ExhibitionClassID`) VALUES (225, 11, 261);
INSERT INTO `exhibitiontrophyclass` (`id`, `TrophyID`, `ExhibitionClassID`) VALUES (226, 11, 262);
INSERT INTO `exhibitiontrophyclass` (`id`, `TrophyID`, `ExhibitionClassID`) VALUES (227, 11, 263);
INSERT INTO `exhibitiontrophyclass` (`id`, `TrophyID`, `ExhibitionClassID`) VALUES (228, 11, 264);
INSERT INTO `exhibitiontrophyclass` (`id`, `TrophyID`, `ExhibitionClassID`) VALUES (229, 11, 265);
INSERT INTO `exhibitiontrophyclass` (`id`, `TrophyID`, `ExhibitionClassID`) VALUES (230, 11, 266);
INSERT INTO `exhibitiontrophyclass` (`id`, `TrophyID`, `ExhibitionClassID`) VALUES (231, 11, 267);
INSERT INTO `exhibitiontrophyclass` (`id`, `TrophyID`, `ExhibitionClassID`) VALUES (232, 11, 268);
INSERT INTO `exhibitiontrophyclass` (`id`, `TrophyID`, `ExhibitionClassID`) VALUES (233, 11, 269);
INSERT INTO `exhibitiontrophyclass` (`id`, `TrophyID`, `ExhibitionClassID`) VALUES (234, 11, 270);
INSERT INTO `exhibitiontrophyclass` (`id`, `TrophyID`, `ExhibitionClassID`) VALUES (235, 11, 271);
INSERT INTO `exhibitiontrophyclass` (`id`, `TrophyID`, `ExhibitionClassID`) VALUES (236, 11, 272);
INSERT INTO `exhibitiontrophyclass` (`id`, `TrophyID`, `ExhibitionClassID`) VALUES (237, 12, 208);
INSERT INTO `exhibitiontrophyclass` (`id`, `TrophyID`, `ExhibitionClassID`) VALUES (238, 12, 209);
INSERT INTO `exhibitiontrophyclass` (`id`, `TrophyID`, `ExhibitionClassID`) VALUES (239, 12, 210);
INSERT INTO `exhibitiontrophyclass` (`id`, `TrophyID`, `ExhibitionClassID`) VALUES (240, 12, 211);
INSERT INTO `exhibitiontrophyclass` (`id`, `TrophyID`, `ExhibitionClassID`) VALUES (241, 12, 212);
INSERT INTO `exhibitiontrophyclass` (`id`, `TrophyID`, `ExhibitionClassID`) VALUES (242, 12, 213);
INSERT INTO `exhibitiontrophyclass` (`id`, `TrophyID`, `ExhibitionClassID`) VALUES (243, 12, 214);
INSERT INTO `exhibitiontrophyclass` (`id`, `TrophyID`, `ExhibitionClassID`) VALUES (244, 12, 215);
INSERT INTO `exhibitiontrophyclass` (`id`, `TrophyID`, `ExhibitionClassID`) VALUES (245, 12, 216);
INSERT INTO `exhibitiontrophyclass` (`id`, `TrophyID`, `ExhibitionClassID`) VALUES (246, 12, 217);
INSERT INTO `exhibitiontrophyclass` (`id`, `TrophyID`, `ExhibitionClassID`) VALUES (247, 12, 218);
INSERT INTO `exhibitiontrophyclass` (`id`, `TrophyID`, `ExhibitionClassID`) VALUES (248, 12, 221);
INSERT INTO `exhibitiontrophyclass` (`id`, `TrophyID`, `ExhibitionClassID`) VALUES (249, 12, 222);
INSERT INTO `exhibitiontrophyclass` (`id`, `TrophyID`, `ExhibitionClassID`) VALUES (250, 12, 223);
INSERT INTO `exhibitiontrophyclass` (`id`, `TrophyID`, `ExhibitionClassID`) VALUES (251, 12, 219);
INSERT INTO `exhibitiontrophyclass` (`id`, `TrophyID`, `ExhibitionClassID`) VALUES (252, 12, 220);
INSERT INTO `exhibitiontrophyclass` (`id`, `TrophyID`, `ExhibitionClassID`) VALUES (253, 12, 224);
INSERT INTO `exhibitiontrophyclass` (`id`, `TrophyID`, `ExhibitionClassID`) VALUES (254, 12, 225);
INSERT INTO `exhibitiontrophyclass` (`id`, `TrophyID`, `ExhibitionClassID`) VALUES (255, 12, 226);
INSERT INTO `exhibitiontrophyclass` (`id`, `TrophyID`, `ExhibitionClassID`) VALUES (256, 12, 227);
INSERT INTO `exhibitiontrophyclass` (`id`, `TrophyID`, `ExhibitionClassID`) VALUES (257, 12, 228);
INSERT INTO `exhibitiontrophyclass` (`id`, `TrophyID`, `ExhibitionClassID`) VALUES (258, 12, 229);
INSERT INTO `exhibitiontrophyclass` (`id`, `TrophyID`, `ExhibitionClassID`) VALUES (259, 12, 230);
INSERT INTO `exhibitiontrophyclass` (`id`, `TrophyID`, `ExhibitionClassID`) VALUES (260, 12, 231);
INSERT INTO `exhibitiontrophyclass` (`id`, `TrophyID`, `ExhibitionClassID`) VALUES (261, 12, 232);
INSERT INTO `exhibitiontrophyclass` (`id`, `TrophyID`, `ExhibitionClassID`) VALUES (262, 12, 233);
INSERT INTO `exhibitiontrophyclass` (`id`, `TrophyID`, `ExhibitionClassID`) VALUES (263, 12, 234);
INSERT INTO `exhibitiontrophyclass` (`id`, `TrophyID`, `ExhibitionClassID`) VALUES (264, 12, 235);
INSERT INTO `exhibitiontrophyclass` (`id`, `TrophyID`, `ExhibitionClassID`) VALUES (265, 13, 245);
INSERT INTO `exhibitiontrophyclass` (`id`, `TrophyID`, `ExhibitionClassID`) VALUES (266, 13, 248);
INSERT INTO `exhibitiontrophyclass` (`id`, `TrophyID`, `ExhibitionClassID`) VALUES (267, 13, 247);
INSERT INTO `exhibitiontrophyclass` (`id`, `TrophyID`, `ExhibitionClassID`) VALUES (268, 13, 250);
INSERT INTO `exhibitiontrophyclass` (`id`, `TrophyID`, `ExhibitionClassID`) VALUES (269, 13, 249);
INSERT INTO `exhibitiontrophyclass` (`id`, `TrophyID`, `ExhibitionClassID`) VALUES (270, 13, 239);
INSERT INTO `exhibitiontrophyclass` (`id`, `TrophyID`, `ExhibitionClassID`) VALUES (271, 13, 236);
INSERT INTO `exhibitiontrophyclass` (`id`, `TrophyID`, `ExhibitionClassID`) VALUES (272, 13, 238);
INSERT INTO `exhibitiontrophyclass` (`id`, `TrophyID`, `ExhibitionClassID`) VALUES (273, 13, 237);
INSERT INTO `exhibitiontrophyclass` (`id`, `TrophyID`, `ExhibitionClassID`) VALUES (274, 13, 240);
INSERT INTO `exhibitiontrophyclass` (`id`, `TrophyID`, `ExhibitionClassID`) VALUES (275, 13, 241);
INSERT INTO `exhibitiontrophyclass` (`id`, `TrophyID`, `ExhibitionClassID`) VALUES (276, 13, 242);
INSERT INTO `exhibitiontrophyclass` (`id`, `TrophyID`, `ExhibitionClassID`) VALUES (277, 13, 243);
INSERT INTO `exhibitiontrophyclass` (`id`, `TrophyID`, `ExhibitionClassID`) VALUES (278, 13, 244);
INSERT INTO `exhibitiontrophyclass` (`id`, `TrophyID`, `ExhibitionClassID`) VALUES (279, 13, 246);
INSERT INTO `exhibitiontrophyclass` (`id`, `TrophyID`, `ExhibitionClassID`) VALUES (280, 14, 279);
INSERT INTO `exhibitiontrophyclass` (`id`, `TrophyID`, `ExhibitionClassID`) VALUES (281, 14, 280);
INSERT INTO `exhibitiontrophyclass` (`id`, `TrophyID`, `ExhibitionClassID`) VALUES (282, 14, 275);
INSERT INTO `exhibitiontrophyclass` (`id`, `TrophyID`, `ExhibitionClassID`) VALUES (283, 14, 274);
INSERT INTO `exhibitiontrophyclass` (`id`, `TrophyID`, `ExhibitionClassID`) VALUES (284, 14, 273);
INSERT INTO `exhibitiontrophyclass` (`id`, `TrophyID`, `ExhibitionClassID`) VALUES (285, 14, 276);
INSERT INTO `exhibitiontrophyclass` (`id`, `TrophyID`, `ExhibitionClassID`) VALUES (286, 14, 277);
INSERT INTO `exhibitiontrophyclass` (`id`, `TrophyID`, `ExhibitionClassID`) VALUES (287, 14, 278);
INSERT INTO `exhibitiontrophyclass` (`id`, `TrophyID`, `ExhibitionClassID`) VALUES (288, 15, 224);
INSERT INTO `exhibitiontrophyclass` (`id`, `TrophyID`, `ExhibitionClassID`) VALUES (289, 15, 225);
INSERT INTO `exhibitiontrophyclass` (`id`, `TrophyID`, `ExhibitionClassID`) VALUES (290, 15, 226);
INSERT INTO `exhibitiontrophyclass` (`id`, `TrophyID`, `ExhibitionClassID`) VALUES (291, 15, 227);
INSERT INTO `exhibitiontrophyclass` (`id`, `TrophyID`, `ExhibitionClassID`) VALUES (292, 16, 208);
INSERT INTO `exhibitiontrophyclass` (`id`, `TrophyID`, `ExhibitionClassID`) VALUES (293, 16, 209);
INSERT INTO `exhibitiontrophyclass` (`id`, `TrophyID`, `ExhibitionClassID`) VALUES (294, 16, 210);
INSERT INTO `exhibitiontrophyclass` (`id`, `TrophyID`, `ExhibitionClassID`) VALUES (295, 16, 211);
INSERT INTO `exhibitiontrophyclass` (`id`, `TrophyID`, `ExhibitionClassID`) VALUES (296, 16, 212);
INSERT INTO `exhibitiontrophyclass` (`id`, `TrophyID`, `ExhibitionClassID`) VALUES (297, 16, 213);
INSERT INTO `exhibitiontrophyclass` (`id`, `TrophyID`, `ExhibitionClassID`) VALUES (298, 16, 214);
INSERT INTO `exhibitiontrophyclass` (`id`, `TrophyID`, `ExhibitionClassID`) VALUES (299, 16, 215);
INSERT INTO `exhibitiontrophyclass` (`id`, `TrophyID`, `ExhibitionClassID`) VALUES (300, 16, 216);
INSERT INTO `exhibitiontrophyclass` (`id`, `TrophyID`, `ExhibitionClassID`) VALUES (301, 16, 217);
INSERT INTO `exhibitiontrophyclass` (`id`, `TrophyID`, `ExhibitionClassID`) VALUES (302, 16, 218);
INSERT INTO `exhibitiontrophyclass` (`id`, `TrophyID`, `ExhibitionClassID`) VALUES (303, 16, 221);
INSERT INTO `exhibitiontrophyclass` (`id`, `TrophyID`, `ExhibitionClassID`) VALUES (304, 16, 222);
INSERT INTO `exhibitiontrophyclass` (`id`, `TrophyID`, `ExhibitionClassID`) VALUES (305, 16, 223);
INSERT INTO `exhibitiontrophyclass` (`id`, `TrophyID`, `ExhibitionClassID`) VALUES (306, 16, 219);
INSERT INTO `exhibitiontrophyclass` (`id`, `TrophyID`, `ExhibitionClassID`) VALUES (307, 16, 220);
INSERT INTO `exhibitiontrophyclass` (`id`, `TrophyID`, `ExhibitionClassID`) VALUES (308, 16, 224);
INSERT INTO `exhibitiontrophyclass` (`id`, `TrophyID`, `ExhibitionClassID`) VALUES (309, 16, 225);
INSERT INTO `exhibitiontrophyclass` (`id`, `TrophyID`, `ExhibitionClassID`) VALUES (310, 16, 226);
INSERT INTO `exhibitiontrophyclass` (`id`, `TrophyID`, `ExhibitionClassID`) VALUES (311, 16, 227);
INSERT INTO `exhibitiontrophyclass` (`id`, `TrophyID`, `ExhibitionClassID`) VALUES (312, 16, 228);
INSERT INTO `exhibitiontrophyclass` (`id`, `TrophyID`, `ExhibitionClassID`) VALUES (313, 16, 229);
INSERT INTO `exhibitiontrophyclass` (`id`, `TrophyID`, `ExhibitionClassID`) VALUES (314, 16, 230);
INSERT INTO `exhibitiontrophyclass` (`id`, `TrophyID`, `ExhibitionClassID`) VALUES (315, 16, 231);
INSERT INTO `exhibitiontrophyclass` (`id`, `TrophyID`, `ExhibitionClassID`) VALUES (316, 16, 232);
INSERT INTO `exhibitiontrophyclass` (`id`, `TrophyID`, `ExhibitionClassID`) VALUES (317, 16, 233);
INSERT INTO `exhibitiontrophyclass` (`id`, `TrophyID`, `ExhibitionClassID`) VALUES (318, 16, 234);
INSERT INTO `exhibitiontrophyclass` (`id`, `TrophyID`, `ExhibitionClassID`) VALUES (319, 16, 235);
INSERT INTO `exhibitiontrophyclass` (`id`, `TrophyID`, `ExhibitionClassID`) VALUES (320, 16, 251);
INSERT INTO `exhibitiontrophyclass` (`id`, `TrophyID`, `ExhibitionClassID`) VALUES (321, 16, 252);
INSERT INTO `exhibitiontrophyclass` (`id`, `TrophyID`, `ExhibitionClassID`) VALUES (322, 16, 253);
INSERT INTO `exhibitiontrophyclass` (`id`, `TrophyID`, `ExhibitionClassID`) VALUES (323, 16, 254);
INSERT INTO `exhibitiontrophyclass` (`id`, `TrophyID`, `ExhibitionClassID`) VALUES (324, 16, 255);
INSERT INTO `exhibitiontrophyclass` (`id`, `TrophyID`, `ExhibitionClassID`) VALUES (325, 16, 256);
INSERT INTO `exhibitiontrophyclass` (`id`, `TrophyID`, `ExhibitionClassID`) VALUES (326, 16, 257);
INSERT INTO `exhibitiontrophyclass` (`id`, `TrophyID`, `ExhibitionClassID`) VALUES (327, 16, 258);
INSERT INTO `exhibitiontrophyclass` (`id`, `TrophyID`, `ExhibitionClassID`) VALUES (328, 16, 259);
INSERT INTO `exhibitiontrophyclass` (`id`, `TrophyID`, `ExhibitionClassID`) VALUES (329, 16, 260);
INSERT INTO `exhibitiontrophyclass` (`id`, `TrophyID`, `ExhibitionClassID`) VALUES (330, 16, 261);
INSERT INTO `exhibitiontrophyclass` (`id`, `TrophyID`, `ExhibitionClassID`) VALUES (331, 16, 262);
INSERT INTO `exhibitiontrophyclass` (`id`, `TrophyID`, `ExhibitionClassID`) VALUES (332, 16, 263);
INSERT INTO `exhibitiontrophyclass` (`id`, `TrophyID`, `ExhibitionClassID`) VALUES (333, 16, 264);
INSERT INTO `exhibitiontrophyclass` (`id`, `TrophyID`, `ExhibitionClassID`) VALUES (334, 16, 265);
INSERT INTO `exhibitiontrophyclass` (`id`, `TrophyID`, `ExhibitionClassID`) VALUES (335, 16, 266);
INSERT INTO `exhibitiontrophyclass` (`id`, `TrophyID`, `ExhibitionClassID`) VALUES (336, 16, 267);
INSERT INTO `exhibitiontrophyclass` (`id`, `TrophyID`, `ExhibitionClassID`) VALUES (337, 16, 268);
INSERT INTO `exhibitiontrophyclass` (`id`, `TrophyID`, `ExhibitionClassID`) VALUES (338, 16, 269);
INSERT INTO `exhibitiontrophyclass` (`id`, `TrophyID`, `ExhibitionClassID`) VALUES (339, 16, 270);
INSERT INTO `exhibitiontrophyclass` (`id`, `TrophyID`, `ExhibitionClassID`) VALUES (340, 16, 271);
INSERT INTO `exhibitiontrophyclass` (`id`, `TrophyID`, `ExhibitionClassID`) VALUES (341, 16, 272);
INSERT INTO `exhibitiontrophyclass` (`id`, `TrophyID`, `ExhibitionClassID`) VALUES (342, 16, 281);
INSERT INTO `exhibitiontrophyclass` (`id`, `TrophyID`, `ExhibitionClassID`) VALUES (343, 16, 282);
INSERT INTO `exhibitiontrophyclass` (`id`, `TrophyID`, `ExhibitionClassID`) VALUES (344, 16, 283);
INSERT INTO `exhibitiontrophyclass` (`id`, `TrophyID`, `ExhibitionClassID`) VALUES (345, 16, 284);
INSERT INTO `exhibitiontrophyclass` (`id`, `TrophyID`, `ExhibitionClassID`) VALUES (346, 16, 286);
INSERT INTO `exhibitiontrophyclass` (`id`, `TrophyID`, `ExhibitionClassID`) VALUES (347, 16, 285);
INSERT INTO `exhibitiontrophyclass` (`id`, `TrophyID`, `ExhibitionClassID`) VALUES (348, 16, 288);
INSERT INTO `exhibitiontrophyclass` (`id`, `TrophyID`, `ExhibitionClassID`) VALUES (349, 16, 287);
INSERT INTO `exhibitiontrophyclass` (`id`, `TrophyID`, `ExhibitionClassID`) VALUES (350, 16, 289);
INSERT INTO `exhibitiontrophyclass` (`id`, `TrophyID`, `ExhibitionClassID`) VALUES (351, 16, 291);
INSERT INTO `exhibitiontrophyclass` (`id`, `TrophyID`, `ExhibitionClassID`) VALUES (352, 16, 293);
INSERT INTO `exhibitiontrophyclass` (`id`, `TrophyID`, `ExhibitionClassID`) VALUES (353, 16, 294);
INSERT INTO `exhibitiontrophyclass` (`id`, `TrophyID`, `ExhibitionClassID`) VALUES (354, 16, 290);
INSERT INTO `exhibitiontrophyclass` (`id`, `TrophyID`, `ExhibitionClassID`) VALUES (355, 16, 292);
INSERT INTO `exhibitiontrophyclass` (`id`, `TrophyID`, `ExhibitionClassID`) VALUES (356, 16, 295);
INSERT INTO `exhibitiontrophyclass` (`id`, `TrophyID`, `ExhibitionClassID`) VALUES (357, 16, 296);
INSERT INTO `exhibitiontrophyclass` (`id`, `TrophyID`, `ExhibitionClassID`) VALUES (358, 16, 297);
INSERT INTO `exhibitiontrophyclass` (`id`, `TrophyID`, `ExhibitionClassID`) VALUES (359, 16, 298);
INSERT INTO `exhibitiontrophyclass` (`id`, `TrophyID`, `ExhibitionClassID`) VALUES (360, 16, 299);
INSERT INTO `exhibitiontrophyclass` (`id`, `TrophyID`, `ExhibitionClassID`) VALUES (361, 16, 300);
INSERT INTO `exhibitiontrophyclass` (`id`, `TrophyID`, `ExhibitionClassID`) VALUES (362, 16, 301);
INSERT INTO `exhibitiontrophyclass` (`id`, `TrophyID`, `ExhibitionClassID`) VALUES (363, 16, 302);
INSERT INTO `exhibitiontrophyclass` (`id`, `TrophyID`, `ExhibitionClassID`) VALUES (364, 16, 303);
INSERT INTO `exhibitiontrophyclass` (`id`, `TrophyID`, `ExhibitionClassID`) VALUES (365, 16, 305);
INSERT INTO `exhibitiontrophyclass` (`id`, `TrophyID`, `ExhibitionClassID`) VALUES (366, 16, 304);
INSERT INTO `exhibitiontrophyclass` (`id`, `TrophyID`, `ExhibitionClassID`) VALUES (367, 16, 279);
INSERT INTO `exhibitiontrophyclass` (`id`, `TrophyID`, `ExhibitionClassID`) VALUES (368, 16, 280);
INSERT INTO `exhibitiontrophyclass` (`id`, `TrophyID`, `ExhibitionClassID`) VALUES (369, 16, 275);
INSERT INTO `exhibitiontrophyclass` (`id`, `TrophyID`, `ExhibitionClassID`) VALUES (370, 16, 274);
INSERT INTO `exhibitiontrophyclass` (`id`, `TrophyID`, `ExhibitionClassID`) VALUES (371, 16, 273);
INSERT INTO `exhibitiontrophyclass` (`id`, `TrophyID`, `ExhibitionClassID`) VALUES (372, 16, 276);
INSERT INTO `exhibitiontrophyclass` (`id`, `TrophyID`, `ExhibitionClassID`) VALUES (373, 16, 277);
INSERT INTO `exhibitiontrophyclass` (`id`, `TrophyID`, `ExhibitionClassID`) VALUES (374, 16, 278);
INSERT INTO `exhibitiontrophyclass` (`id`, `TrophyID`, `ExhibitionClassID`) VALUES (375, 17, 8);
INSERT INTO `exhibitiontrophyclass` (`id`, `TrophyID`, `ExhibitionClassID`) VALUES (376, 17, 9);
INSERT INTO `exhibitiontrophyclass` (`id`, `TrophyID`, `ExhibitionClassID`) VALUES (377, 17, 10);
INSERT INTO `exhibitiontrophyclass` (`id`, `TrophyID`, `ExhibitionClassID`) VALUES (378, 17, 11);
INSERT INTO `exhibitiontrophyclass` (`id`, `TrophyID`, `ExhibitionClassID`) VALUES (379, 18, 291);
INSERT INTO `exhibitiontrophyclass` (`id`, `TrophyID`, `ExhibitionClassID`) VALUES (380, 18, 293);
INSERT INTO `exhibitiontrophyclass` (`id`, `TrophyID`, `ExhibitionClassID`) VALUES (381, 18, 294);
INSERT INTO `exhibitiontrophyclass` (`id`, `TrophyID`, `ExhibitionClassID`) VALUES (382, 18, 290);
INSERT INTO `exhibitiontrophyclass` (`id`, `TrophyID`, `ExhibitionClassID`) VALUES (383, 18, 292);
INSERT INTO `exhibitiontrophyclass` (`id`, `TrophyID`, `ExhibitionClassID`) VALUES (384, 18, 295);
INSERT INTO `exhibitiontrophyclass` (`id`, `TrophyID`, `ExhibitionClassID`) VALUES (385, 18, 296);
INSERT INTO `exhibitiontrophyclass` (`id`, `TrophyID`, `ExhibitionClassID`) VALUES (386, 18, 297);
INSERT INTO `exhibitiontrophyclass` (`id`, `TrophyID`, `ExhibitionClassID`) VALUES (387, 19, 245);
INSERT INTO `exhibitiontrophyclass` (`id`, `TrophyID`, `ExhibitionClassID`) VALUES (388, 19, 248);
INSERT INTO `exhibitiontrophyclass` (`id`, `TrophyID`, `ExhibitionClassID`) VALUES (389, 19, 247);
INSERT INTO `exhibitiontrophyclass` (`id`, `TrophyID`, `ExhibitionClassID`) VALUES (390, 19, 250);
INSERT INTO `exhibitiontrophyclass` (`id`, `TrophyID`, `ExhibitionClassID`) VALUES (391, 19, 249);
INSERT INTO `exhibitiontrophyclass` (`id`, `TrophyID`, `ExhibitionClassID`) VALUES (392, 19, 246);
INSERT INTO `exhibitiontrophyclass` (`id`, `TrophyID`, `ExhibitionClassID`) VALUES (393, 20, 208);
INSERT INTO `exhibitiontrophyclass` (`id`, `TrophyID`, `ExhibitionClassID`) VALUES (394, 20, 209);
INSERT INTO `exhibitiontrophyclass` (`id`, `TrophyID`, `ExhibitionClassID`) VALUES (395, 20, 210);
INSERT INTO `exhibitiontrophyclass` (`id`, `TrophyID`, `ExhibitionClassID`) VALUES (396, 20, 211);
INSERT INTO `exhibitiontrophyclass` (`id`, `TrophyID`, `ExhibitionClassID`) VALUES (397, 20, 212);
INSERT INTO `exhibitiontrophyclass` (`id`, `TrophyID`, `ExhibitionClassID`) VALUES (398, 20, 213);
INSERT INTO `exhibitiontrophyclass` (`id`, `TrophyID`, `ExhibitionClassID`) VALUES (399, 20, 214);
INSERT INTO `exhibitiontrophyclass` (`id`, `TrophyID`, `ExhibitionClassID`) VALUES (400, 20, 215);
INSERT INTO `exhibitiontrophyclass` (`id`, `TrophyID`, `ExhibitionClassID`) VALUES (401, 20, 216);
INSERT INTO `exhibitiontrophyclass` (`id`, `TrophyID`, `ExhibitionClassID`) VALUES (402, 20, 217);
INSERT INTO `exhibitiontrophyclass` (`id`, `TrophyID`, `ExhibitionClassID`) VALUES (403, 20, 218);
INSERT INTO `exhibitiontrophyclass` (`id`, `TrophyID`, `ExhibitionClassID`) VALUES (404, 20, 221);
INSERT INTO `exhibitiontrophyclass` (`id`, `TrophyID`, `ExhibitionClassID`) VALUES (405, 20, 222);
INSERT INTO `exhibitiontrophyclass` (`id`, `TrophyID`, `ExhibitionClassID`) VALUES (406, 20, 223);
INSERT INTO `exhibitiontrophyclass` (`id`, `TrophyID`, `ExhibitionClassID`) VALUES (407, 20, 219);
INSERT INTO `exhibitiontrophyclass` (`id`, `TrophyID`, `ExhibitionClassID`) VALUES (408, 20, 220);
INSERT INTO `exhibitiontrophyclass` (`id`, `TrophyID`, `ExhibitionClassID`) VALUES (409, 20, 224);
INSERT INTO `exhibitiontrophyclass` (`id`, `TrophyID`, `ExhibitionClassID`) VALUES (410, 20, 225);
INSERT INTO `exhibitiontrophyclass` (`id`, `TrophyID`, `ExhibitionClassID`) VALUES (411, 20, 226);
INSERT INTO `exhibitiontrophyclass` (`id`, `TrophyID`, `ExhibitionClassID`) VALUES (412, 20, 227);
INSERT INTO `exhibitiontrophyclass` (`id`, `TrophyID`, `ExhibitionClassID`) VALUES (413, 20, 228);
INSERT INTO `exhibitiontrophyclass` (`id`, `TrophyID`, `ExhibitionClassID`) VALUES (414, 20, 229);
INSERT INTO `exhibitiontrophyclass` (`id`, `TrophyID`, `ExhibitionClassID`) VALUES (415, 20, 230);
INSERT INTO `exhibitiontrophyclass` (`id`, `TrophyID`, `ExhibitionClassID`) VALUES (416, 20, 231);
INSERT INTO `exhibitiontrophyclass` (`id`, `TrophyID`, `ExhibitionClassID`) VALUES (417, 20, 232);
INSERT INTO `exhibitiontrophyclass` (`id`, `TrophyID`, `ExhibitionClassID`) VALUES (418, 20, 233);
INSERT INTO `exhibitiontrophyclass` (`id`, `TrophyID`, `ExhibitionClassID`) VALUES (419, 20, 234);
INSERT INTO `exhibitiontrophyclass` (`id`, `TrophyID`, `ExhibitionClassID`) VALUES (420, 20, 235);
INSERT INTO `exhibitiontrophyclass` (`id`, `TrophyID`, `ExhibitionClassID`) VALUES (421, 20, 251);
INSERT INTO `exhibitiontrophyclass` (`id`, `TrophyID`, `ExhibitionClassID`) VALUES (422, 20, 252);
INSERT INTO `exhibitiontrophyclass` (`id`, `TrophyID`, `ExhibitionClassID`) VALUES (423, 20, 253);
INSERT INTO `exhibitiontrophyclass` (`id`, `TrophyID`, `ExhibitionClassID`) VALUES (424, 20, 254);
INSERT INTO `exhibitiontrophyclass` (`id`, `TrophyID`, `ExhibitionClassID`) VALUES (425, 20, 255);
INSERT INTO `exhibitiontrophyclass` (`id`, `TrophyID`, `ExhibitionClassID`) VALUES (426, 20, 256);
INSERT INTO `exhibitiontrophyclass` (`id`, `TrophyID`, `ExhibitionClassID`) VALUES (427, 20, 257);
INSERT INTO `exhibitiontrophyclass` (`id`, `TrophyID`, `ExhibitionClassID`) VALUES (428, 20, 258);
INSERT INTO `exhibitiontrophyclass` (`id`, `TrophyID`, `ExhibitionClassID`) VALUES (429, 20, 259);
INSERT INTO `exhibitiontrophyclass` (`id`, `TrophyID`, `ExhibitionClassID`) VALUES (430, 20, 260);
INSERT INTO `exhibitiontrophyclass` (`id`, `TrophyID`, `ExhibitionClassID`) VALUES (431, 20, 261);
INSERT INTO `exhibitiontrophyclass` (`id`, `TrophyID`, `ExhibitionClassID`) VALUES (432, 20, 262);
INSERT INTO `exhibitiontrophyclass` (`id`, `TrophyID`, `ExhibitionClassID`) VALUES (433, 20, 263);
INSERT INTO `exhibitiontrophyclass` (`id`, `TrophyID`, `ExhibitionClassID`) VALUES (434, 20, 264);
INSERT INTO `exhibitiontrophyclass` (`id`, `TrophyID`, `ExhibitionClassID`) VALUES (435, 20, 265);
INSERT INTO `exhibitiontrophyclass` (`id`, `TrophyID`, `ExhibitionClassID`) VALUES (436, 20, 266);
INSERT INTO `exhibitiontrophyclass` (`id`, `TrophyID`, `ExhibitionClassID`) VALUES (437, 20, 267);
INSERT INTO `exhibitiontrophyclass` (`id`, `TrophyID`, `ExhibitionClassID`) VALUES (438, 20, 268);
INSERT INTO `exhibitiontrophyclass` (`id`, `TrophyID`, `ExhibitionClassID`) VALUES (439, 20, 269);
INSERT INTO `exhibitiontrophyclass` (`id`, `TrophyID`, `ExhibitionClassID`) VALUES (440, 20, 270);
INSERT INTO `exhibitiontrophyclass` (`id`, `TrophyID`, `ExhibitionClassID`) VALUES (441, 20, 271);
INSERT INTO `exhibitiontrophyclass` (`id`, `TrophyID`, `ExhibitionClassID`) VALUES (442, 20, 272);
INSERT INTO `exhibitiontrophyclass` (`id`, `TrophyID`, `ExhibitionClassID`) VALUES (443, 20, 281);
INSERT INTO `exhibitiontrophyclass` (`id`, `TrophyID`, `ExhibitionClassID`) VALUES (444, 20, 282);
INSERT INTO `exhibitiontrophyclass` (`id`, `TrophyID`, `ExhibitionClassID`) VALUES (445, 20, 283);
INSERT INTO `exhibitiontrophyclass` (`id`, `TrophyID`, `ExhibitionClassID`) VALUES (446, 20, 284);
INSERT INTO `exhibitiontrophyclass` (`id`, `TrophyID`, `ExhibitionClassID`) VALUES (447, 20, 286);
INSERT INTO `exhibitiontrophyclass` (`id`, `TrophyID`, `ExhibitionClassID`) VALUES (448, 20, 285);
INSERT INTO `exhibitiontrophyclass` (`id`, `TrophyID`, `ExhibitionClassID`) VALUES (449, 20, 288);
INSERT INTO `exhibitiontrophyclass` (`id`, `TrophyID`, `ExhibitionClassID`) VALUES (450, 20, 287);
INSERT INTO `exhibitiontrophyclass` (`id`, `TrophyID`, `ExhibitionClassID`) VALUES (451, 20, 289);
INSERT INTO `exhibitiontrophyclass` (`id`, `TrophyID`, `ExhibitionClassID`) VALUES (452, 20, 291);
INSERT INTO `exhibitiontrophyclass` (`id`, `TrophyID`, `ExhibitionClassID`) VALUES (453, 20, 293);
INSERT INTO `exhibitiontrophyclass` (`id`, `TrophyID`, `ExhibitionClassID`) VALUES (454, 20, 294);
INSERT INTO `exhibitiontrophyclass` (`id`, `TrophyID`, `ExhibitionClassID`) VALUES (455, 20, 290);
INSERT INTO `exhibitiontrophyclass` (`id`, `TrophyID`, `ExhibitionClassID`) VALUES (456, 20, 292);
INSERT INTO `exhibitiontrophyclass` (`id`, `TrophyID`, `ExhibitionClassID`) VALUES (457, 20, 295);
INSERT INTO `exhibitiontrophyclass` (`id`, `TrophyID`, `ExhibitionClassID`) VALUES (458, 20, 296);
INSERT INTO `exhibitiontrophyclass` (`id`, `TrophyID`, `ExhibitionClassID`) VALUES (459, 20, 297);
INSERT INTO `exhibitiontrophyclass` (`id`, `TrophyID`, `ExhibitionClassID`) VALUES (460, 20, 298);
INSERT INTO `exhibitiontrophyclass` (`id`, `TrophyID`, `ExhibitionClassID`) VALUES (461, 20, 299);
INSERT INTO `exhibitiontrophyclass` (`id`, `TrophyID`, `ExhibitionClassID`) VALUES (462, 20, 300);
INSERT INTO `exhibitiontrophyclass` (`id`, `TrophyID`, `ExhibitionClassID`) VALUES (463, 20, 301);
INSERT INTO `exhibitiontrophyclass` (`id`, `TrophyID`, `ExhibitionClassID`) VALUES (464, 20, 302);
INSERT INTO `exhibitiontrophyclass` (`id`, `TrophyID`, `ExhibitionClassID`) VALUES (465, 20, 303);
INSERT INTO `exhibitiontrophyclass` (`id`, `TrophyID`, `ExhibitionClassID`) VALUES (466, 20, 305);
INSERT INTO `exhibitiontrophyclass` (`id`, `TrophyID`, `ExhibitionClassID`) VALUES (467, 20, 304);
INSERT INTO `exhibitiontrophyclass` (`id`, `TrophyID`, `ExhibitionClassID`) VALUES (468, 20, 279);
INSERT INTO `exhibitiontrophyclass` (`id`, `TrophyID`, `ExhibitionClassID`) VALUES (469, 20, 280);
INSERT INTO `exhibitiontrophyclass` (`id`, `TrophyID`, `ExhibitionClassID`) VALUES (470, 20, 275);
INSERT INTO `exhibitiontrophyclass` (`id`, `TrophyID`, `ExhibitionClassID`) VALUES (471, 20, 274);
INSERT INTO `exhibitiontrophyclass` (`id`, `TrophyID`, `ExhibitionClassID`) VALUES (472, 20, 273);
INSERT INTO `exhibitiontrophyclass` (`id`, `TrophyID`, `ExhibitionClassID`) VALUES (473, 20, 276);
INSERT INTO `exhibitiontrophyclass` (`id`, `TrophyID`, `ExhibitionClassID`) VALUES (474, 20, 277);
INSERT INTO `exhibitiontrophyclass` (`id`, `TrophyID`, `ExhibitionClassID`) VALUES (475, 20, 278);
INSERT INTO `exhibitiontrophyclass` (`id`, `TrophyID`, `ExhibitionClassID`) VALUES (476, 21, 245);
INSERT INTO `exhibitiontrophyclass` (`id`, `TrophyID`, `ExhibitionClassID`) VALUES (477, 21, 248);
INSERT INTO `exhibitiontrophyclass` (`id`, `TrophyID`, `ExhibitionClassID`) VALUES (478, 21, 247);
INSERT INTO `exhibitiontrophyclass` (`id`, `TrophyID`, `ExhibitionClassID`) VALUES (479, 21, 250);
INSERT INTO `exhibitiontrophyclass` (`id`, `TrophyID`, `ExhibitionClassID`) VALUES (480, 21, 249);
INSERT INTO `exhibitiontrophyclass` (`id`, `TrophyID`, `ExhibitionClassID`) VALUES (481, 21, 240);
INSERT INTO `exhibitiontrophyclass` (`id`, `TrophyID`, `ExhibitionClassID`) VALUES (482, 21, 241);
INSERT INTO `exhibitiontrophyclass` (`id`, `TrophyID`, `ExhibitionClassID`) VALUES (483, 21, 242);
INSERT INTO `exhibitiontrophyclass` (`id`, `TrophyID`, `ExhibitionClassID`) VALUES (484, 21, 243);
INSERT INTO `exhibitiontrophyclass` (`id`, `TrophyID`, `ExhibitionClassID`) VALUES (485, 21, 244);
INSERT INTO `exhibitiontrophyclass` (`id`, `TrophyID`, `ExhibitionClassID`) VALUES (486, 21, 246);
INSERT INTO `exhibitiontrophyclass` (`id`, `TrophyID`, `ExhibitionClassID`) VALUES (487, 22, 239);
INSERT INTO `exhibitiontrophyclass` (`id`, `TrophyID`, `ExhibitionClassID`) VALUES (488, 22, 236);
INSERT INTO `exhibitiontrophyclass` (`id`, `TrophyID`, `ExhibitionClassID`) VALUES (489, 22, 238);
INSERT INTO `exhibitiontrophyclass` (`id`, `TrophyID`, `ExhibitionClassID`) VALUES (490, 22, 237);
INSERT INTO `exhibitiontrophyclass` (`id`, `TrophyID`, `ExhibitionClassID`) VALUES (491, 23, 279);
INSERT INTO `exhibitiontrophyclass` (`id`, `TrophyID`, `ExhibitionClassID`) VALUES (492, 23, 280);
INSERT INTO `exhibitiontrophyclass` (`id`, `TrophyID`, `ExhibitionClassID`) VALUES (493, 23, 275);
INSERT INTO `exhibitiontrophyclass` (`id`, `TrophyID`, `ExhibitionClassID`) VALUES (494, 23, 274);
INSERT INTO `exhibitiontrophyclass` (`id`, `TrophyID`, `ExhibitionClassID`) VALUES (495, 23, 273);
INSERT INTO `exhibitiontrophyclass` (`id`, `TrophyID`, `ExhibitionClassID`) VALUES (496, 23, 276);
INSERT INTO `exhibitiontrophyclass` (`id`, `TrophyID`, `ExhibitionClassID`) VALUES (497, 23, 277);
INSERT INTO `exhibitiontrophyclass` (`id`, `TrophyID`, `ExhibitionClassID`) VALUES (498, 23, 278);
INSERT INTO `exhibitiontrophyclass` (`id`, `TrophyID`, `ExhibitionClassID`) VALUES (499, 24, 175);
INSERT INTO `exhibitiontrophyclass` (`id`, `TrophyID`, `ExhibitionClassID`) VALUES (500, 24, 176);
COMMIT;
INSERT INTO `exhibitiontrophyclass` (`id`, `TrophyID`, `ExhibitionClassID`) VALUES (501, 24, 177);
INSERT INTO `exhibitiontrophyclass` (`id`, `TrophyID`, `ExhibitionClassID`) VALUES (502, 24, 178);
INSERT INTO `exhibitiontrophyclass` (`id`, `TrophyID`, `ExhibitionClassID`) VALUES (503, 24, 179);
INSERT INTO `exhibitiontrophyclass` (`id`, `TrophyID`, `ExhibitionClassID`) VALUES (504, 24, 180);
INSERT INTO `exhibitiontrophyclass` (`id`, `TrophyID`, `ExhibitionClassID`) VALUES (505, 24, 181);
INSERT INTO `exhibitiontrophyclass` (`id`, `TrophyID`, `ExhibitionClassID`) VALUES (506, 24, 182);
INSERT INTO `exhibitiontrophyclass` (`id`, `TrophyID`, `ExhibitionClassID`) VALUES (507, 24, 183);
INSERT INTO `exhibitiontrophyclass` (`id`, `TrophyID`, `ExhibitionClassID`) VALUES (508, 24, 184);
INSERT INTO `exhibitiontrophyclass` (`id`, `TrophyID`, `ExhibitionClassID`) VALUES (509, 24, 185);
INSERT INTO `exhibitiontrophyclass` (`id`, `TrophyID`, `ExhibitionClassID`) VALUES (510, 24, 186);
INSERT INTO `exhibitiontrophyclass` (`id`, `TrophyID`, `ExhibitionClassID`) VALUES (511, 24, 187);
INSERT INTO `exhibitiontrophyclass` (`id`, `TrophyID`, `ExhibitionClassID`) VALUES (512, 24, 188);
INSERT INTO `exhibitiontrophyclass` (`id`, `TrophyID`, `ExhibitionClassID`) VALUES (513, 24, 189);
INSERT INTO `exhibitiontrophyclass` (`id`, `TrophyID`, `ExhibitionClassID`) VALUES (514, 24, 190);
INSERT INTO `exhibitiontrophyclass` (`id`, `TrophyID`, `ExhibitionClassID`) VALUES (515, 24, 191);
INSERT INTO `exhibitiontrophyclass` (`id`, `TrophyID`, `ExhibitionClassID`) VALUES (516, 24, 192);
INSERT INTO `exhibitiontrophyclass` (`id`, `TrophyID`, `ExhibitionClassID`) VALUES (517, 24, 193);
INSERT INTO `exhibitiontrophyclass` (`id`, `TrophyID`, `ExhibitionClassID`) VALUES (518, 24, 194);
INSERT INTO `exhibitiontrophyclass` (`id`, `TrophyID`, `ExhibitionClassID`) VALUES (519, 24, 195);
INSERT INTO `exhibitiontrophyclass` (`id`, `TrophyID`, `ExhibitionClassID`) VALUES (520, 24, 196);
INSERT INTO `exhibitiontrophyclass` (`id`, `TrophyID`, `ExhibitionClassID`) VALUES (521, 24, 197);
INSERT INTO `exhibitiontrophyclass` (`id`, `TrophyID`, `ExhibitionClassID`) VALUES (522, 24, 198);
INSERT INTO `exhibitiontrophyclass` (`id`, `TrophyID`, `ExhibitionClassID`) VALUES (523, 24, 199);
INSERT INTO `exhibitiontrophyclass` (`id`, `TrophyID`, `ExhibitionClassID`) VALUES (524, 24, 200);
INSERT INTO `exhibitiontrophyclass` (`id`, `TrophyID`, `ExhibitionClassID`) VALUES (525, 24, 201);
INSERT INTO `exhibitiontrophyclass` (`id`, `TrophyID`, `ExhibitionClassID`) VALUES (526, 24, 202);
INSERT INTO `exhibitiontrophyclass` (`id`, `TrophyID`, `ExhibitionClassID`) VALUES (527, 24, 203);
INSERT INTO `exhibitiontrophyclass` (`id`, `TrophyID`, `ExhibitionClassID`) VALUES (528, 24, 204);
INSERT INTO `exhibitiontrophyclass` (`id`, `TrophyID`, `ExhibitionClassID`) VALUES (529, 24, 205);
INSERT INTO `exhibitiontrophyclass` (`id`, `TrophyID`, `ExhibitionClassID`) VALUES (530, 24, 206);
INSERT INTO `exhibitiontrophyclass` (`id`, `TrophyID`, `ExhibitionClassID`) VALUES (531, 24, 207);
INSERT INTO `exhibitiontrophyclass` (`id`, `TrophyID`, `ExhibitionClassID`) VALUES (532, 25, 306);
INSERT INTO `exhibitiontrophyclass` (`id`, `TrophyID`, `ExhibitionClassID`) VALUES (533, 25, 307);
INSERT INTO `exhibitiontrophyclass` (`id`, `TrophyID`, `ExhibitionClassID`) VALUES (534, 25, 308);
INSERT INTO `exhibitiontrophyclass` (`id`, `TrophyID`, `ExhibitionClassID`) VALUES (535, 25, 309);
INSERT INTO `exhibitiontrophyclass` (`id`, `TrophyID`, `ExhibitionClassID`) VALUES (536, 25, 310);
INSERT INTO `exhibitiontrophyclass` (`id`, `TrophyID`, `ExhibitionClassID`) VALUES (537, 25, 311);
INSERT INTO `exhibitiontrophyclass` (`id`, `TrophyID`, `ExhibitionClassID`) VALUES (538, 25, 312);
INSERT INTO `exhibitiontrophyclass` (`id`, `TrophyID`, `ExhibitionClassID`) VALUES (539, 25, 313);
INSERT INTO `exhibitiontrophyclass` (`id`, `TrophyID`, `ExhibitionClassID`) VALUES (540, 25, 314);
INSERT INTO `exhibitiontrophyclass` (`id`, `TrophyID`, `ExhibitionClassID`) VALUES (541, 25, 315);
INSERT INTO `exhibitiontrophyclass` (`id`, `TrophyID`, `ExhibitionClassID`) VALUES (542, 25, 316);
INSERT INTO `exhibitiontrophyclass` (`id`, `TrophyID`, `ExhibitionClassID`) VALUES (543, 25, 317);
INSERT INTO `exhibitiontrophyclass` (`id`, `TrophyID`, `ExhibitionClassID`) VALUES (544, 25, 318);
INSERT INTO `exhibitiontrophyclass` (`id`, `TrophyID`, `ExhibitionClassID`) VALUES (545, 25, 319);
INSERT INTO `exhibitiontrophyclass` (`id`, `TrophyID`, `ExhibitionClassID`) VALUES (546, 25, 320);
INSERT INTO `exhibitiontrophyclass` (`id`, `TrophyID`, `ExhibitionClassID`) VALUES (547, 25, 321);
INSERT INTO `exhibitiontrophyclass` (`id`, `TrophyID`, `ExhibitionClassID`) VALUES (548, 25, 322);
INSERT INTO `exhibitiontrophyclass` (`id`, `TrophyID`, `ExhibitionClassID`) VALUES (549, 25, 323);
INSERT INTO `exhibitiontrophyclass` (`id`, `TrophyID`, `ExhibitionClassID`) VALUES (550, 25, 324);
INSERT INTO `exhibitiontrophyclass` (`id`, `TrophyID`, `ExhibitionClassID`) VALUES (551, 25, 325);
INSERT INTO `exhibitiontrophyclass` (`id`, `TrophyID`, `ExhibitionClassID`) VALUES (552, 25, 328);
INSERT INTO `exhibitiontrophyclass` (`id`, `TrophyID`, `ExhibitionClassID`) VALUES (553, 25, 329);
INSERT INTO `exhibitiontrophyclass` (`id`, `TrophyID`, `ExhibitionClassID`) VALUES (554, 25, 330);
INSERT INTO `exhibitiontrophyclass` (`id`, `TrophyID`, `ExhibitionClassID`) VALUES (555, 25, 331);
INSERT INTO `exhibitiontrophyclass` (`id`, `TrophyID`, `ExhibitionClassID`) VALUES (556, 25, 332);
INSERT INTO `exhibitiontrophyclass` (`id`, `TrophyID`, `ExhibitionClassID`) VALUES (557, 25, 335);
INSERT INTO `exhibitiontrophyclass` (`id`, `TrophyID`, `ExhibitionClassID`) VALUES (558, 25, 336);
INSERT INTO `exhibitiontrophyclass` (`id`, `TrophyID`, `ExhibitionClassID`) VALUES (559, 25, 337);
INSERT INTO `exhibitiontrophyclass` (`id`, `TrophyID`, `ExhibitionClassID`) VALUES (560, 25, 338);
INSERT INTO `exhibitiontrophyclass` (`id`, `TrophyID`, `ExhibitionClassID`) VALUES (561, 25, 339);
INSERT INTO `exhibitiontrophyclass` (`id`, `TrophyID`, `ExhibitionClassID`) VALUES (562, 25, 340);
INSERT INTO `exhibitiontrophyclass` (`id`, `TrophyID`, `ExhibitionClassID`) VALUES (563, 25, 341);
INSERT INTO `exhibitiontrophyclass` (`id`, `TrophyID`, `ExhibitionClassID`) VALUES (564, 25, 326);
INSERT INTO `exhibitiontrophyclass` (`id`, `TrophyID`, `ExhibitionClassID`) VALUES (565, 25, 327);
INSERT INTO `exhibitiontrophyclass` (`id`, `TrophyID`, `ExhibitionClassID`) VALUES (566, 25, 333);
INSERT INTO `exhibitiontrophyclass` (`id`, `TrophyID`, `ExhibitionClassID`) VALUES (567, 25, 334);
INSERT INTO `exhibitiontrophyclass` (`id`, `TrophyID`, `ExhibitionClassID`) VALUES (568, 25, 342);
INSERT INTO `exhibitiontrophyclass` (`id`, `TrophyID`, `ExhibitionClassID`) VALUES (569, 25, 343);
INSERT INTO `exhibitiontrophyclass` (`id`, `TrophyID`, `ExhibitionClassID`) VALUES (570, 26, 351);
INSERT INTO `exhibitiontrophyclass` (`id`, `TrophyID`, `ExhibitionClassID`) VALUES (571, 26, 352);
INSERT INTO `exhibitiontrophyclass` (`id`, `TrophyID`, `ExhibitionClassID`) VALUES (572, 26, 353);
INSERT INTO `exhibitiontrophyclass` (`id`, `TrophyID`, `ExhibitionClassID`) VALUES (573, 26, 354);
INSERT INTO `exhibitiontrophyclass` (`id`, `TrophyID`, `ExhibitionClassID`) VALUES (574, 27, 344);
INSERT INTO `exhibitiontrophyclass` (`id`, `TrophyID`, `ExhibitionClassID`) VALUES (575, 27, 345);
COMMIT;


/* Data for table "exhibitor" */
INSERT INTO `exhibitor` (ID, `Surname`, `Member`, `Title`, `Initials`) VALUES (1, 'George', 0, 'Mr', 'P');
INSERT INTO `exhibitor` (ID, `Surname`, `Member`, `Title`, `Initials`) VALUES (2, 'Payne', 0, 'Mrs', 'S M');
INSERT INTO `exhibitor` (ID, `Surname`, `Member`, `Title`, `Initials`) VALUES (3, 'Clarke', 0, 'Mrs', NULL);
INSERT INTO `exhibitor` (ID, `Surname`, `Member`, `Title`, `Initials`) VALUES (4, 'Lee', 0, 'Mrs', NULL);
INSERT INTO `exhibitor` (ID, `Surname`, `Member`, `Title`, `Initials`) VALUES (5, 'Davey', 0, 'Mrs', NULL);
INSERT INTO `exhibitor` (ID, `Surname`, `Member`, `Title`, `Initials`) VALUES (6, 'Metcalfe', 1, 'Mrs', 'E');
INSERT INTO `exhibitor` (ID, `Surname`, `Member`, `Title`, `Initials`) VALUES (7, 'Metcalfe', 0, 'Mr', 'A J');
INSERT INTO `exhibitor` (ID, `Surname`, `Member`, `Title`, `Initials`) VALUES (8, 'Bird', 0, 'Mr', 'J');
INSERT INTO `exhibitor` (ID, `Surname`, `Member`, `Title`, `Initials`) VALUES (9, 'Wagstaff', 0, 'Mrs', NULL);
INSERT INTO `exhibitor` (ID, `Surname`, `Member`, `Title`, `Initials`) VALUES (10, 'Ginn', 0, 'Mr', NULL);
INSERT INTO `exhibitor` (ID, `Surname`, `Member`, `Title`, `Initials`) VALUES (11, 'West', 0, 'Mrs', NULL);
INSERT INTO `exhibitor` (ID, `Surname`, `Member`, `Title`, `Initials`) VALUES (12, 'Fairey', 0, 'Mr', 'B');
INSERT INTO `exhibitor` (ID, `Surname`, `Member`, `Title`, `Initials`) VALUES (13, 'Fairey', 0, 'Mrs', 'E R');
INSERT INTO `exhibitor` (ID, `Surname`, `Member`, `Title`, `Initials`) VALUES (14, 'Davidson', 0, 'Mrs', 'J');
INSERT INTO `exhibitor` (ID, `Surname`, `Member`, `Title`, `Initials`) VALUES (15, 'Dashwood', 0, 'Mrs', 'B');
INSERT INTO `exhibitor` (ID, `Surname`, `Member`, `Title`, `Initials`) VALUES (16, 'Mynott', 0, 'Mr', NULL);
INSERT INTO `exhibitor` (ID, `Surname`, `Member`, `Title`, `Initials`) VALUES (17, 'Davidson', 0, 'Mr', 'H');
INSERT INTO `exhibitor` (ID, `Surname`, `Member`, `Title`, `Initials`) VALUES (18, 'Harris', 1, 'Mrs', 'P');
INSERT INTO `exhibitor` (ID, `Surname`, `Member`, `Title`, `Initials`) VALUES (19, 'Harris', 1, 'Mr', 'D');
INSERT INTO `exhibitor` (ID, `Surname`, `Member`, `Title`, `Initials`) VALUES (20, 'Gray', 1, 'Mrs', 'P');
INSERT INTO `exhibitor` (ID, `Surname`, `Member`, `Title`, `Initials`) VALUES (21, 'Kuzminski', 1, 'Mrs', 'E');
INSERT INTO `exhibitor` (ID, `Surname`, `Member`, `Title`, `Initials`) VALUES (22, 'Clark', 1, 'Mrs', 'S');
INSERT INTO `exhibitor` (ID, `Surname`, `Member`, `Title`, `Initials`) VALUES (23, 'Kuzminski', 1, 'Mr', 'A');
INSERT INTO `exhibitor` (ID, `Surname`, `Member`, `Title`, `Initials`) VALUES (24, 'Livermore', 0, 'Mrs', 'E');
INSERT INTO `exhibitor` (ID, `Surname`, `Member`, `Title`, `Initials`) VALUES (25, 'Char', 0, NULL, NULL);
INSERT INTO `exhibitor` (ID, `Surname`, `Member`, `Title`, `Initials`) VALUES (26, 'Livermore', 0, 'Mr', 'D');
INSERT INTO `exhibitor` (ID, `Surname`, `Member`, `Title`, `Initials`) VALUES (27, 'Char', 0, NULL, NULL);
INSERT INTO `exhibitor` (ID, `Surname`, `Member`, `Title`, `Initials`) VALUES (28, 'Hurren', 0, 'Mr', 'P');
INSERT INTO `exhibitor` (ID, `Surname`, `Member`, `Title`, `Initials`) VALUES (29, 'Livermore', 0, 'Mrs', NULL);
INSERT INTO `exhibitor` (ID, `Surname`, `Member`, `Title`, `Initials`) VALUES (30, 'Thomas', 0, 'Mrs', 'J');
INSERT INTO `exhibitor` (ID, `Surname`, `Member`, `Title`, `Initials`) VALUES (31, 'Campbell', 1, 'Mrs', 'J');
INSERT INTO `exhibitor` (ID, `Surname`, `Member`, `Title`, `Initials`) VALUES (32, 'Driver', 0, 'Mrs', 'V');
INSERT INTO `exhibitor` (ID, `Surname`, `Member`, `Title`, `Initials`) VALUES (33, 'Watson', 0, 'Mrs', 'J');
INSERT INTO `exhibitor` (ID, `Surname`, `Member`, `Title`, `Initials`) VALUES (34, 'Gray', 1, 'Mr', 'J');
INSERT INTO `exhibitor` (ID, `Surname`, `Member`, `Title`, `Initials`) VALUES (35, 'Potts', 0, 'Mrs', 'F');
INSERT INTO `exhibitor` (ID, `Surname`, `Member`, `Title`, `Initials`) VALUES (36, 'Scott', 0, 'Mrs', 'J E');
INSERT INTO `exhibitor` (ID, `Surname`, `Member`, `Title`, `Initials`) VALUES (37, 'Scott', 0, 'Mr', NULL);
INSERT INTO `exhibitor` (ID, `Surname`, `Member`, `Title`, `Initials`) VALUES (38, 'Chalkley', 0, 'Mrs', 'P');
INSERT INTO `exhibitor` (ID, `Surname`, `Member`, `Title`, `Initials`) VALUES (39, 'Brierley', 0, 'Mr', NULL);
INSERT INTO `exhibitor` (ID, `Surname`, `Member`, `Title`, `Initials`) VALUES (40, 'Cannon', 0, 'Mrs', NULL);
INSERT INTO `exhibitor` (ID, `Surname`, `Member`, `Title`, `Initials`) VALUES (41, 'Beatie', 0, NULL, 'J');
INSERT INTO `exhibitor` (ID, `Surname`, `Member`, `Title`, `Initials`) VALUES (42, 'Southwood', 0, NULL, 'J');
INSERT INTO `exhibitor` (ID, `Surname`, `Member`, `Title`, `Initials`) VALUES (43, 'Ball', 1, 'Mrs', NULL);
INSERT INTO `exhibitor` (ID, `Surname`, `Member`, `Title`, `Initials`) VALUES (44, 'Filby', 1, 'Mrs', 'A');
INSERT INTO `exhibitor` (ID, `Surname`, `Member`, `Title`, `Initials`) VALUES (45, 'Filby', 1, 'Mr', NULL);
INSERT INTO `exhibitor` (ID, `Surname`, `Member`, `Title`, `Initials`) VALUES (46, 'Camp', 0, NULL, 'M');
INSERT INTO `exhibitor` (ID, `Surname`, `Member`, `Title`, `Initials`) VALUES (47, 'Palfreyman', 0, 'Mrs', 'J');
INSERT INTO `exhibitor` (ID, `Surname`, `Member`, `Title`, `Initials`) VALUES (48, 'Camp', 0, 'Mrs', 'A');
INSERT INTO `exhibitor` (ID, `Surname`, `Member`, `Title`, `Initials`) VALUES (49, 'Hailey', 0, 'Mrs', NULL);
INSERT INTO `exhibitor` (ID, `Surname`, `Member`, `Title`, `Initials`) VALUES (50, 'Palfreyman', 0, 'Mrs', NULL);
INSERT INTO `exhibitor` (ID, `Surname`, `Member`, `Title`, `Initials`) VALUES (51, 'Gammon', 0, 'Mrs', 'C R');
INSERT INTO `exhibitor` (ID, `Surname`, `Member`, `Title`, `Initials`) VALUES (52, 'Rusted', 0, 'Mrs', 'S');
INSERT INTO `exhibitor` (ID, `Surname`, `Member`, `Title`, `Initials`) VALUES (53, 'Palfreyman', 0, 'Mr', NULL);
INSERT INTO `exhibitor` (ID, `Surname`, `Member`, `Title`, `Initials`) VALUES (54, 'Campbell', 0, NULL, 'Annabelle');
INSERT INTO `exhibitor` (ID, `Surname`, `Member`, `Title`, `Initials`) VALUES (55, 'Goddard', 0, NULL, 'Lotte');
INSERT INTO `exhibitor` (ID, `Surname`, `Member`, `Title`, `Initials`) VALUES (56, 'Groves', 0, NULL, 'Maddy');
INSERT INTO `exhibitor` (ID, `Surname`, `Member`, `Title`, `Initials`) VALUES (57, 'Hughes', 0, NULL, 'Emily');
INSERT INTO `exhibitor` (ID, `Surname`, `Member`, `Title`, `Initials`) VALUES (58, 'Knight', 0, NULL, 'Amber');
INSERT INTO `exhibitor` (ID, `Surname`, `Member`, `Title`, `Initials`) VALUES (59, 'Knight', 0, NULL, 'Jasmine');
INSERT INTO `exhibitor` (ID, `Surname`, `Member`, `Title`, `Initials`) VALUES (60, 'Mills', 0, NULL, 'Eleanor');
INSERT INTO `exhibitor` (ID, `Surname`, `Member`, `Title`, `Initials`) VALUES (61, 'Lucas', 0, NULL, 'Zoe');
INSERT INTO `exhibitor` (ID, `Surname`, `Member`, `Title`, `Initials`) VALUES (62, 'Pearce', 0, NULL, 'Lucy');
INSERT INTO `exhibitor` (ID, `Surname`, `Member`, `Title`, `Initials`) VALUES (63, 'Prior', 0, NULL, 'Sophie');
INSERT INTO `exhibitor` (ID, `Surname`, `Member`, `Title`, `Initials`) VALUES (64, 'Sell', 0, NULL, 'Bethany');
INSERT INTO `exhibitor` (ID, `Surname`, `Member`, `Title`, `Initials`) VALUES (65, 'Whinray-Edwards', 0, NULL, 'Robyn');
INSERT INTO `exhibitor` (ID, `Surname`, `Member`, `Title`, `Initials`) VALUES (66, 'Wilcox', 0, NULL, 'Ellie');
INSERT INTO `exhibitor` (ID, `Surname`, `Member`, `Title`, `Initials`) VALUES (67, 'Wilcox', 0, NULL, 'Neave');
INSERT INTO `exhibitor` (ID, `Surname`, `Member`, `Title`, `Initials`) VALUES (68, 'Stokes', 0, NULL, 'Jade');
INSERT INTO `exhibitor` (ID, `Surname`, `Member`, `Title`, `Initials`) VALUES (69, 'Isabelle', 0, NULL, NULL);
INSERT INTO `exhibitor` (ID, `Surname`, `Member`, `Title`, `Initials`) VALUES (70, 'Bailey', 0, NULL, NULL);
INSERT INTO `exhibitor` (ID, `Surname`, `Member`, `Title`, `Initials`) VALUES (71, 'Darragh', 0, NULL, NULL);
INSERT INTO `exhibitor` (ID, `Surname`, `Member`, `Title`, `Initials`) VALUES (72, 'Elle-May', 0, NULL, NULL);
INSERT INTO `exhibitor` (ID, `Surname`, `Member`, `Title`, `Initials`) VALUES (73, 'Amy', 0, NULL, NULL);
INSERT INTO `exhibitor` (ID, `Surname`, `Member`, `Title`, `Initials`) VALUES (74, 'Beth', 0, NULL, NULL);
INSERT INTO `exhibitor` (ID, `Surname`, `Member`, `Title`, `Initials`) VALUES (75, 'Amelia', 0, NULL, NULL);
INSERT INTO `exhibitor` (ID, `Surname`, `Member`, `Title`, `Initials`) VALUES (76, 'Matilda', 0, NULL, NULL);
INSERT INTO `exhibitor` (ID, `Surname`, `Member`, `Title`, `Initials`) VALUES (77, 'Rio', 0, NULL, NULL);
INSERT INTO `exhibitor` (ID, `Surname`, `Member`, `Title`, `Initials`) VALUES (78, 'Ella', 0, NULL, NULL);
INSERT INTO `exhibitor` (ID, `Surname`, `Member`, `Title`, `Initials`) VALUES (79, 'Jake', 0, NULL, NULL);
INSERT INTO `exhibitor` (ID, `Surname`, `Member`, `Title`, `Initials`) VALUES (80, 'Jack', 0, NULL, NULL);
INSERT INTO `exhibitor` (ID, `Surname`, `Member`, `Title`, `Initials`) VALUES (81, 'Gabriella', 0, NULL, NULL);
INSERT INTO `exhibitor` (ID, `Surname`, `Member`, `Title`, `Initials`) VALUES (82, 'Raphael', 0, NULL, NULL);
INSERT INTO `exhibitor` (ID, `Surname`, `Member`, `Title`, `Initials`) VALUES (83, 'Owen', 0, NULL, NULL);
INSERT INTO `exhibitor` (ID, `Surname`, `Member`, `Title`, `Initials`) VALUES (84, 'Raphael', 0, NULL, NULL);
INSERT INTO `exhibitor` (ID, `Surname`, `Member`, `Title`, `Initials`) VALUES (85, 'Rhys', 0, NULL, NULL);
INSERT INTO `exhibitor` (ID, `Surname`, `Member`, `Title`, `Initials`) VALUES (86, 'Summer', 0, NULL, NULL);
INSERT INTO `exhibitor` (ID, `Surname`, `Member`, `Title`, `Initials`) VALUES (87, 'Jarral', 0, NULL, 'Z');
INSERT INTO `exhibitor` (ID, `Surname`, `Member`, `Title`, `Initials`) VALUES (88, 'Charsley', 0, NULL, 'R');
INSERT INTO `exhibitor` (ID, `Surname`, `Member`, `Title`, `Initials`) VALUES (89, 'Charsley', 0, NULL, 'R');
INSERT INTO `exhibitor` (ID, `Surname`, `Member`, `Title`, `Initials`) VALUES (90, 'Charsley', 0, NULL, 'N');
INSERT INTO `exhibitor` (ID, `Surname`, `Member`, `Title`, `Initials`) VALUES (91, 'Gray', 0, NULL, 'Pat');
INSERT INTO `exhibitor` (ID, `Surname`, `Member`, `Title`, `Initials`) VALUES (92, 'Harris', 0, NULL, 'Pam');
INSERT INTO `exhibitor` (ID, `Surname`, `Member`, `Title`, `Initials`) VALUES (93, 'Charsley', 0, NULL, 'Rosemary');
INSERT INTO `exhibitor` (ID, `Surname`, `Member`, `Title`, `Initials`) VALUES (94, 'Metcalfe', 0, NULL, 'Eunice');
INSERT INTO `exhibitor` (ID, `Surname`, `Member`, `Title`, `Initials`) VALUES (95, 'Harris', 0, NULL, 'Don');
INSERT INTO `exhibitor` (ID, `Surname`, `Member`, `Title`, `Initials`) VALUES (96, 'Smith', 0, NULL, 'Iris');
INSERT INTO `exhibitor` (ID, `Surname`, `Member`, `Title`, `Initials`) VALUES (97, 'Turner', 0, NULL, 'Chris');
INSERT INTO `exhibitor` (ID, `Surname`, `Member`, `Title`, `Initials`) VALUES (98, 'Kuzminski', 0, NULL, 'Adam');
INSERT INTO `exhibitor` (ID, `Surname`, `Member`, `Title`, `Initials`) VALUES (99, 'UNKNOWN', 0, NULL, NULL);
INSERT INTO `exhibitor` (ID, `Surname`, `Member`, `Title`, `Initials`) VALUES (100, 'Camp', 1, NULL, 'Mick');
INSERT INTO `exhibitor` (ID, `Surname`, `Member`, `Title`, `Initials`) VALUES (101, 'Willans', 0, NULL, 'Thelma');
INSERT INTO `exhibitor` (ID, `Surname`, `Member`, `Title`, `Initials`) VALUES (102, 'Kuzminski', 0, NULL, 'Liz');
INSERT INTO `exhibitor` (ID, `Surname`, `Member`, `Title`, `Initials`) VALUES (103, 'Page', 0, NULL, 'Mary');
INSERT INTO `exhibitor` (ID, `Surname`, `Member`, `Title`, `Initials`) VALUES (104, 'Camp', 0, NULL, 'Angela');
INSERT INTO `exhibitor` (ID, `Surname`, `Member`, `Title`, `Initials`) VALUES (105, 'Wagstaff', 1, NULL, 'Vera');
INSERT INTO `exhibitor` (ID, `Surname`, `Member`, `Title`, `Initials`) VALUES (106, 'Ephgrave', 1, NULL, 'Barbara');
INSERT INTO `exhibitor` (ID, `Surname`, `Member`, `Title`, `Initials`) VALUES (107, 'Ephgrave', 0, NULL, 'Martin');
INSERT INTO `exhibitor` (ID, `Surname`, `Member`, `Title`, `Initials`) VALUES (108, 'Collins', 0, NULL, 'Bobbie');
INSERT INTO `exhibitor` (ID, `Surname`, `Member`, `Title`, `Initials`) VALUES (109, 'Luker', 0, NULL, 'Martin');
INSERT INTO `exhibitor` (ID, `Surname`, `Member`, `Title`, `Initials`) VALUES (110, 'Luker', 0, NULL, 'Angela');
INSERT INTO `exhibitor` (ID, `Surname`, `Member`, `Title`, `Initials`) VALUES (111, 'Barker', 0, NULL, 'Carol');
INSERT INTO `exhibitor` (ID, `Surname`, `Member`, `Title`, `Initials`) VALUES (112, 'Robinson', 0, NULL, 'Pat');
INSERT INTO `exhibitor` (ID, `Surname`, `Member`, `Title`, `Initials`) VALUES (113, 'Furze', 0, NULL, 'Helen');
INSERT INTO `exhibitor` (ID, `Surname`, `Member`, `Title`, `Initials`) VALUES (114, 'Gates', 0, NULL, 'Shirley');
INSERT INTO `exhibitor` (ID, `Surname`, `Member`, `Title`, `Initials`) VALUES (115, 'Harnden', 0, NULL, 'Monica');
INSERT INTO `exhibitor` (ID, `Surname`, `Member`, `Title`, `Initials`) VALUES (116, 'Hamblin', 0, NULL, 'Shirley');
INSERT INTO `exhibitor` (ID, `Surname`, `Member`, `Title`, `Initials`) VALUES (117, 'Watson', 0, NULL, 'Jean');
INSERT INTO `exhibitor` (ID, `Surname`, `Member`, `Title`, `Initials`) VALUES (118, 'Kirke', 0, NULL, 'Maired');
INSERT INTO `exhibitor` (ID, `Surname`, `Member`, `Title`, `Initials`) VALUES (119, 'Scott', 0, NULL, 'Karen');
INSERT INTO `exhibitor` (ID, `Surname`, `Member`, `Title`, `Initials`) VALUES (120, 'Scott', 1, NULL, 'Arthur');
INSERT INTO `exhibitor` (ID, `Surname`, `Member`, `Title`, `Initials`) VALUES (121, 'Hayward', 0, NULL, 'Janet');
INSERT INTO `exhibitor` (ID, `Surname`, `Member`, `Title`, `Initials`) VALUES (122, 'Mills', 0, 'Mr', 'P M');
INSERT INTO `exhibitor` (ID, `Surname`, `Member`, `Title`, `Initials`) VALUES (123, 'Eley', 0, 'Mrs', 'D');
INSERT INTO `exhibitor` (ID, `Surname`, `Member`, `Title`, `Initials`) VALUES (124, 'Hoskins', 1, 'Mrs', 'J F E');
INSERT INTO `exhibitor` (ID, `Surname`, `Member`, `Title`, `Initials`) VALUES (125, 'Horley', 1, 'Mrs', 'S');
INSERT INTO `exhibitor` (ID, `Surname`, `Member`, `Title`, `Initials`) VALUES (126, 'Smart', 0, 'Mr', 'R T');
INSERT INTO `exhibitor` (ID, `Surname`, `Member`, `Title`, `Initials`) VALUES (127, 'Ginn', 0, 'Mrs', 'A');
INSERT INTO `exhibitor` (ID, `Surname`, `Member`, `Title`, `Initials`) VALUES (128, 'Saville', 0, 'Mr', 'D');
INSERT INTO `exhibitor` (ID, `Surname`, `Member`, `Title`, `Initials`) VALUES (129, 'Paxton', 0, 'Mr', 'Chris');
INSERT INTO `exhibitor` (ID, `Surname`, `Member`, `Title`, `Initials`) VALUES (130, 'Metcalfe', 0, 'Mrs', 'Ann');
INSERT INTO `exhibitor` (ID, `Surname`, `Member`, `Title`, `Initials`) VALUES (131, 'Clark', 0, 'Mr', 'P');
INSERT INTO `exhibitor` (ID, `Surname`, `Member`, `Title`, `Initials`) VALUES (132, 'Stokes', 0, NULL, 'Jade');
INSERT INTO `exhibitor` (ID, `Surname`, `Member`, `Title`, `Initials`) VALUES (133, 'Thomas', 0, NULL, 'Mary');
INSERT INTO `exhibitor` (ID, `Surname`, `Member`, `Title`, `Initials`) VALUES (134, 'Over', 0, NULL, 'Francesca');
INSERT INTO `exhibitor` (ID, `Surname`, `Member`, `Title`, `Initials`) VALUES (135, 'Lewis', 0, NULL, 'Abi');
INSERT INTO `exhibitor` (ID, `Surname`, `Member`, `Title`, `Initials`) VALUES (136, 'Rashid', 0, NULL, 'Shakirah');
INSERT INTO `exhibitor` (ID, `Surname`, `Member`, `Title`, `Initials`) VALUES (137, 'Parkin', 0, NULL, 'Lola');
INSERT INTO `exhibitor` (ID, `Surname`, `Member`, `Title`, `Initials`) VALUES (138, 'Lalli', 0, NULL, 'Gursimran');
INSERT INTO `exhibitor` (ID, `Surname`, `Member`, `Title`, `Initials`) VALUES (139, 'Lalli', 0, NULL, 'Sukhmani');
INSERT INTO `exhibitor` (ID, `Surname`, `Member`, `Title`, `Initials`) VALUES (140, 'O''Connor', 0, NULL, 'Caitlin');
INSERT INTO `exhibitor` (ID, `Surname`, `Member`, `Title`, `Initials`) VALUES (141, 'Lucas', 0, NULL, 'Amy');
INSERT INTO `exhibitor` (ID, `Surname`, `Member`, `Title`, `Initials`) VALUES (142, 'Williams', 0, NULL, 'Joshua');
INSERT INTO `exhibitor` (ID, `Surname`, `Member`, `Title`, `Initials`) VALUES (143, 'Baxter', 0, NULL, 'Eden');
INSERT INTO `exhibitor` (ID, `Surname`, `Member`, `Title`, `Initials`) VALUES (144, 'Hand', 0, NULL, 'Rosie');
INSERT INTO `exhibitor` (ID, `Surname`, `Member`, `Title`, `Initials`) VALUES (145, 'Jones', 0, NULL, 'Bettsie');
INSERT INTO `exhibitor` (ID, `Surname`, `Member`, `Title`, `Initials`) VALUES (146, 'Wright', 0, NULL, 'Charlotte');
INSERT INTO `exhibitor` (ID, `Surname`, `Member`, `Title`, `Initials`) VALUES (147, 'MacDonald', 0, NULL, 'Samuel');
INSERT INTO `exhibitor` (ID, `Surname`, `Member`, `Title`, `Initials`) VALUES (148, 'Cotterell', 0, NULL, 'Millie');
INSERT INTO `exhibitor` (ID, `Surname`, `Member`, `Title`, `Initials`) VALUES (149, 'Bennet', 0, NULL, 'Xander');
INSERT INTO `exhibitor` (ID, `Surname`, `Member`, `Title`, `Initials`) VALUES (150, 'Gillham', 0, NULL, 'Anna');
INSERT INTO `exhibitor` (ID, `Surname`, `Member`, `Title`, `Initials`) VALUES (151, 'Rees', 0, NULL, 'Charlotte');
INSERT INTO `exhibitor` (ID, `Surname`, `Member`, `Title`, `Initials`) VALUES (152, 'Macheod', 0, NULL, 'Isla');
INSERT INTO `exhibitor` (ID, `Surname`, `Member`, `Title`, `Initials`) VALUES (153, 'Briffitt', 0, NULL, 'Sophie');
INSERT INTO `exhibitor` (ID, `Surname`, `Member`, `Title`, `Initials`) VALUES (154, 'Medland', 0, NULL, 'Casey');
INSERT INTO `exhibitor` (ID, `Surname`, `Member`, `Title`, `Initials`) VALUES (155, 'Catlin', 0, NULL, 'Harry');
INSERT INTO `exhibitor` (ID, `Surname`, `Member`, `Title`, `Initials`) VALUES (156, 'St Mary''s', 0, NULL, 'Year 5');
INSERT INTO `exhibitor` (ID, `Surname`, `Member`, `Title`, `Initials`) VALUES (157, 'St Mary''s', 0, NULL, 'Year 3');
INSERT INTO `exhibitor` (ID, `Surname`, `Member`, `Title`, `Initials`) VALUES (158, 'St Mary''s', 0, NULL, 'Year 4');
INSERT INTO `exhibitor` (ID, `Surname`, `Member`, `Title`, `Initials`) VALUES (159, 'St Mary''s', 0, NULL, 'Garden Club');
INSERT INTO `exhibitor` (ID, `Surname`, `Member`, `Title`, `Initials`) VALUES (160, 'Mills', 0, NULL, 'Luke');
INSERT INTO `exhibitor` (ID, `Surname`, `Member`, `Title`, `Initials`) VALUES (161, 'Collison', 0, NULL, 'Rebecca');
INSERT INTO `exhibitor` (ID, `Surname`, `Member`, `Title`, `Initials`) VALUES (162, 'Charsley', 0, 'Mr', 'N.A.');
INSERT INTO `exhibitor` (ID, `Surname`, `Member`, `Title`, `Initials`) VALUES (163, 'Hiorns', 1, 'Mrs', 'G');
INSERT INTO `exhibitor` (ID, `Surname`, `Member`, `Title`, `Initials`) VALUES (164, 'Keech', 1, 'Mrs', 'G');
COMMIT;


/* Data for table "prize" */
INSERT INTO `prize` (ID, `Name`, `Prize`, `Points`) VALUES (1, 'First', 1, 3);
INSERT INTO `prize` (ID, `Name`, `Prize`, `Points`) VALUES (2, 'Second', 0.8, 2);
INSERT INTO `prize` (ID, `Name`, `Prize`, `Points`) VALUES (3, 'Third', 0.5, 1);
COMMIT;


/* Data for table "section" */
INSERT INTO `section` (ID, `Name`, `Description`) VALUES (1, 'Flowers', NULL);
INSERT INTO `section` (ID, `Name`, `Description`) VALUES (2, 'Pot Plants', NULL);
INSERT INTO `section` (ID, `Name`, `Description`) VALUES (3, 'Vegetables', NULL);
INSERT INTO `section` (ID, `Name`, `Description`) VALUES (4, 'Fruit', NULL);
INSERT INTO `section` (ID, `Name`, `Description`) VALUES (5, 'Homecraft', NULL);
INSERT INTO `section` (ID, `Name`, `Description`) VALUES (6, 'Floral Art', NULL);
INSERT INTO `section` (ID, `Name`, `Description`) VALUES (7, 'Photography', NULL);
INSERT INTO `section` (ID, `Name`, `Description`) VALUES (8, 'Art', NULL);
INSERT INTO `section` (ID, `Name`, `Description`) VALUES (9, 'Needlecraft/Hobbies', NULL);
INSERT INTO `section` (ID, `Name`, `Description`) VALUES (10, 'Children', NULL);
INSERT INTO `section` (ID, `Name`, `Description`) VALUES (11, '2009 Section 1', NULL);
INSERT INTO `section` (ID, `Name`, `Description`) VALUES (12, 'Spring Show', 'All Classes');
INSERT INTO `section` (ID, `Name`, `Description`) VALUES (13, '2012 Spring Show', NULL);
COMMIT;


/* Data for table "sponsorship" */
INSERT INTO `sponsorship` (ID, `Name`, `ExhibitionClassPrizeID`, `Prize`) VALUES (1, 'Sweet Pea 1', 164, 'Unwin Voucher');
INSERT INTO `sponsorship` (ID, `Name`, `ExhibitionClassPrizeID`, `Prize`) VALUES (2, 'Sweet Pea 2', 165, 'Unwin Voucher');
INSERT INTO `sponsorship` (ID, `Name`, `ExhibitionClassPrizeID`, `Prize`) VALUES (3, 'Vase of Flowers 1', 184, '£5 Mrs Gray');
INSERT INTO `sponsorship` (ID, `Name`, `ExhibitionClassPrizeID`, `Prize`) VALUES (4, 'Vase of Flowers 2', 159, '£3 Mrs Gray');
INSERT INTO `sponsorship` (ID, `Name`, `ExhibitionClassPrizeID`, `Prize`) VALUES (5, 'Vase of Flowers 3', 159, '£2 Mrs Gray');
INSERT INTO `sponsorship` (ID, `Name`, `ExhibitionClassPrizeID`, `Prize`) VALUES (6, 'Patio Pot 1', 159, '£7 Hardware Voucher');
INSERT INTO `sponsorship` (ID, `Name`, `ExhibitionClassPrizeID`, `Prize`) VALUES (7, 'Patio Pot 2', 159, '£3 Hardware Voucher');
INSERT INTO `sponsorship` (ID, `Name`, `ExhibitionClassPrizeID`, `Prize`) VALUES (8, 'Begonias', 159, 'Unwin Voucher');
INSERT INTO `sponsorship` (ID, `Name`, `ExhibitionClassPrizeID`, `Prize`) VALUES (9, 'Flowering Plant 1', 159, '£10 Bickerdike Vouch');
INSERT INTO `sponsorship` (ID, `Name`, `ExhibitionClassPrizeID`, `Prize`) VALUES (10, 'Flowering Plant 2', 159, '£5 Bickerdike Vouche');
INSERT INTO `sponsorship` (ID, `Name`, `ExhibitionClassPrizeID`, `Prize`) VALUES (11, 'Foliage Plant 1', 159, '£10 Bickerdike Vouch');
INSERT INTO `sponsorship` (ID, `Name`, `ExhibitionClassPrizeID`, `Prize`) VALUES (12, 'Foliage Plant 2', 159, '£5 Bickerdike Vouche');
INSERT INTO `sponsorship` (ID, `Name`, `ExhibitionClassPrizeID`, `Prize`) VALUES (13, 'Hanging Basket 1', 159, '£8 Keeble Voucher');
INSERT INTO `sponsorship` (ID, `Name`, `ExhibitionClassPrizeID`, `Prize`) VALUES (14, 'Hanging Basket 2', 159, '£6 Keeble Voucher');
INSERT INTO `sponsorship` (ID, `Name`, `ExhibitionClassPrizeID`, `Prize`) VALUES (15, 'Hanging Basket 3', 159, '£4 Keeble Voucher');
INSERT INTO `sponsorship` (ID, `Name`, `ExhibitionClassPrizeID`, `Prize`) VALUES (16, 'Potatoes 1', 159, 'Unwin Voucher');
INSERT INTO `sponsorship` (ID, `Name`, `ExhibitionClassPrizeID`, `Prize`) VALUES (17, 'Veg & Flower 1', 159, 'Unwin Voucher');
INSERT INTO `sponsorship` (ID, `Name`, `ExhibitionClassPrizeID`, `Prize`) VALUES (18, 'Football World Cup 1', 159, '£6 Baldock Flowers V');
INSERT INTO `sponsorship` (ID, `Name`, `ExhibitionClassPrizeID`, `Prize`) VALUES (19, 'Football World Cup 2', 159, '£4 Baldock Flower Vo');
INSERT INTO `sponsorship` (ID, `Name`, `ExhibitionClassPrizeID`, `Prize`) VALUES (20, 'Football World Cup 3', 159, '£3 Baldock Flower Vo');
COMMIT;


/* Data for table "trophy" */
INSERT INTO `trophy` (ID, `ExhibitionID`, `Name`, `Member`) VALUES (2, 3, 'Sweet Pea', 0);
INSERT INTO `trophy` (ID, `ExhibitionID`, `Name`, `Member`) VALUES (3, 3, 'Flowers', 0);
INSERT INTO `trophy` (ID, `ExhibitionID`, `Name`, `Member`) VALUES (4, 5, 'George Ashton Shield', 0);
INSERT INTO `trophy` (ID, `ExhibitionID`, `Name`, `Member`) VALUES (5, 5, 'Don Kenny Cup', 0);
INSERT INTO `trophy` (ID, `ExhibitionID`, `Name`, `Member`) VALUES (6, 5, 'Scott Shield', 0);
INSERT INTO `trophy` (ID, `ExhibitionID`, `Name`, `Member`) VALUES (7, 5, 'Sheild for most points in Show', 0);
INSERT INTO `trophy` (ID, `ExhibitionID`, `Name`, `Member`) VALUES (8, 5, 'Cup for most points in Vegetables', 0);
INSERT INTO `trophy` (ID, `ExhibitionID`, `Name`, `Member`) VALUES (9, 5, 'Cup for most points in Flowers & Pot Plants', 0);
INSERT INTO `trophy` (ID, `ExhibitionID`, `Name`, `Member`) VALUES (10, 6, 'Glass', 0);
INSERT INTO `trophy` (ID, `ExhibitionID`, `Name`, `Member`) VALUES (11, 7, 'Most Points Vegetables', 0);
INSERT INTO `trophy` (ID, `ExhibitionID`, `Name`, `Member`) VALUES (12, 7, 'Most Points Flowers & Pot Plants', 0);
INSERT INTO `trophy` (ID, `ExhibitionID`, `Name`, `Member`) VALUES (13, 2, 'Most Points Children 7/11', 0);
INSERT INTO `trophy` (ID, `ExhibitionID`, `Name`, `Member`) VALUES (14, 2, 'Most Points Needlecraft/Hobbies', 0);
INSERT INTO `trophy` (ID, `ExhibitionID`, `Name`, `Member`) VALUES (15, 7, 'Don Kenny Trophy', 0);
INSERT INTO `trophy` (ID, `ExhibitionID`, `Name`, `Member`) VALUES (16, 2, 'Most Points in Show', 0);
INSERT INTO `trophy` (ID, `ExhibitionID`, `Name`, `Member`) VALUES (17, 7, 'George Ashton Shield', 0);
INSERT INTO `trophy` (ID, `ExhibitionID`, `Name`, `Member`) VALUES (18, 7, 'Scott Shield', 0);
INSERT INTO `trophy` (ID, `ExhibitionID`, `Name`, `Member`) VALUES (19, 7, 'Baldock School', 0);
INSERT INTO `trophy` (ID, `ExhibitionID`, `Name`, `Member`) VALUES (20, 7, 'Most Points in Show', 0);
INSERT INTO `trophy` (ID, `ExhibitionID`, `Name`, `Member`) VALUES (21, 7, 'Most Points Children 7/11', 0);
INSERT INTO `trophy` (ID, `ExhibitionID`, `Name`, `Member`) VALUES (22, 7, 'Medal Children 3/6', 0);
INSERT INTO `trophy` (ID, `ExhibitionID`, `Name`, `Member`) VALUES (23, 7, 'Most Points Needlecraft/Hobbies', 0);
INSERT INTO `trophy` (ID, `ExhibitionID`, `Name`, `Member`) VALUES (24, 9, 'Most Points in Show', 0);
INSERT INTO `trophy` (ID, `ExhibitionID`, `Name`, `Member`) VALUES (25, 8, 'Most Points in Show', 0);
INSERT INTO `trophy` (ID, `ExhibitionID`, `Name`, `Member`) VALUES (26, 9, 'George Ashton Shield', 0);
INSERT INTO `trophy` (ID, `ExhibitionID`, `Name`, `Member`) VALUES (27, 9, 'Most Points Sweet Peas 1/2', 0);
COMMIT;
