-- phpMyAdmin SQL Dump
-- version 3.1.3.1
-- http://www.phpmyadmin.net
--
-- Host: localhost
-- Generation Time: Jun 23, 2012 at 05:45 PM
-- Server version: 5.1.33
-- PHP Version: 5.2.9

SET SQL_MODE="NO_AUTO_VALUE_ON_ZERO";


/*!40101 SET @OLD_CHARACTER_SET_CLIENT=@@CHARACTER_SET_CLIENT */;
/*!40101 SET @OLD_CHARACTER_SET_RESULTS=@@CHARACTER_SET_RESULTS */;
/*!40101 SET @OLD_COLLATION_CONNECTION=@@COLLATION_CONNECTION */;
/*!40101 SET NAMES utf8 */;

--
-- Database: `showmanager`
--

-- --------------------------------------------------------

--
-- Table structure for table `class`
--

CREATE TABLE IF NOT EXISTS `class` (
  `ID` int(11) NOT NULL AUTO_INCREMENT,
  `Name` varchar(255) NOT NULL,
  `Description` varchar(255) DEFAULT NULL,
  PRIMARY KEY (`ID`),
  UNIQUE KEY `Name` (`Name`,`Description`)
) ENGINE=MyISAM  DEFAULT CHARSET=latin1 AUTO_INCREMENT=165 ;

--
-- Dumping data for table `class`
--

INSERT INTO `class` (`ID`, `Name`, `Description`) VALUES
(1, 'Sweet Peas', '3 x one cultivars'),
(2, 'Sweet Peas', '6 x two or more cultivars'),
(3, 'Pansies', '4 blooms'),
(4, 'Pinks', '4 blooms'),
(5, 'Small Flowers', '6 blooms (not to sxceed size of £2 coin)'),
(6, 'Clematis', 'one bloom'),
(7, 'Clematis', '3 blooms'),
(8, 'Roses', '3 blooms H.T. of one cultivar'),
(9, 'Roses', '3 blooms H.T. of two or more cultivars'),
(10, 'Roses', '3 stems floribunda type'),
(11, 'Roses', 'one specimen type'),
(12, 'A vase of annuals', 'not to exceed 9 stems'),
(13, 'A vase of any other flowers', 'not to exceed 9 stems'),
(14, '3 stems Penstemons', 'any variety'),
(15, 'Flowering Shrub(s)', 'vase of 3 stems'),
(16, 'Dahlia', 'vase of 1 stem'),
(17, 'Fuchsias', '1 trailing any size pot'),
(18, 'Fuchsias', '1 double any size pot'),
(19, 'Fuchsias', '1 bush/shrub type pot max 8"/20cm'),
(20, 'Fuchsias', '1 bush/shrub type pot max 6"/15cm'),
(21, 'Patio Pot', '12"/30cm across; any type; any shape'),
(22, 'Begonias', '1 any size pot'),
(23, 'Regal Pelargonium', '1 any size pot'),
(24, 'Geranium', '1 any size pot'),
(25, 'Flowering Plant', '1 any size pot (not in own class)'),
(26, 'Foliage Plant', '1 any size pot'),
(27, 'Succulents or cacti', 'in any size pot'),
(28, 'Broad Beans', '6 pods'),
(29, 'Dwarf Beans', '6 pods'),
(30, 'Beetroot', '3'),
(31, 'Cabbages (pointed or round)', '2 x 2/4" stalk (5/10cm)'),
(32, 'Radishes', '5 untrimmed'),
(33, 'Carrots (stump rooted)', '5'),
(34, 'Carrots (long)', '5'),
(35, 'Courgette', '2'),
(36, 'Lettuce (cabbage)', '2'),
(37, 'Lettuce (other)', '2'),
(38, 'Spring Onions', '6 untrimmed'),
(39, 'Onions (grown from sets)', '6'),
(40, 'Peas', '6 pods'),
(41, 'Potatoes', '5 of any variety'),
(42, 'Shallots (under 30mm)', '9'),
(43, 'Shallots (over 30mm)', '9'),
(44, 'Any other vegetable', '2'),
(45, 'Rhubarb', '5 sticks minus leaves'),
(46, 'Tomatoes', '3 with calyx'),
(47, 'Any Herb', 'in pot max size 5"'),
(48, '1 Vegetable and 1 Flower', NULL),
(49, 'Two different fresh culinary herbs', '1 vase max 3"/7.5cm diam'),
(50, 'Black currants', '3 strings'),
(51, 'Redcurrants', '3 strings'),
(52, 'Raspberries', '6 with calyx'),
(53, 'Strawberries', '6 with calyx'),
(54, 'Any other fruit', '5'),
(55, '"Garden Party"', 'a floral exhibit'),
(56, 'A Walk by the River', 'an exhibit using flowers and/or foliage'),
(57, 'Display In A Watering Can', 'a floral/foliage exhibit'),
(58, '1 Jar Jam', '1lb/500g jar as specified'),
(59, 'Biscuits', '5'),
(60, 'Scones (plain)', '5'),
(61, 'Victoria Jam Sandwich', '7.5"/18cm diameter approx'),
(62, '1 Apple Plate Pie', 'not exceeding 9"/23cm'),
(63, '1 Fruit Cake (Any Shape)', 'not exceeding 9"/23cm'),
(64, '1 Savoury Quiche or Flan', 'up to 8"/20cm diameter'),
(65, 'Water', NULL),
(66, 'Flowers', NULL),
(67, 'Young Animals or Birds', 'eg. puppies, kittens'),
(68, 'Winter Scene', NULL),
(69, 'Cross stich/canvas work', 'framed or unframed'),
(70, 'Embroidery/lace', 'Max size overall 24"/60cm x18"/45cm'),
(71, 'Knitting/crochet', 'state if own design'),
(72, 'Still Life', 'Any Medium'),
(73, 'A Figure', 'Any Medium'),
(74, 'A Landscape', 'Any Medium'),
(75, 'Any Subject', 'Any Medium'),
(76, 'Hobby Exhibit', 'not included in any other class'),
(77, 'Greetings Card', 'Max Size A5'),
(78, 'A Collage', 'Age 3-6 Max Size A4'),
(79, 'A Garden in a Seed Tray', 'Age 7-11 Max size 38x23cm'),
(80, 'Greetings Card', 'Age 3-6 Max Size A5'),
(81, 'Greetings Card', 'Age 7-11 Max Size A5'),
(82, 'A Fruit and/or Vegetable Monster', 'Age 3-6'),
(83, 'A Fruit and/or Vegetable Monster', 'Age 7-11'),
(84, 'Painted Stone', 'Age 3-6'),
(85, 'A Small Vase of Flowers', 'Age 7-11'),
(86, 'Embroidery/Needlework/Textiles', 'Age 7-11'),
(87, 'Hanging basket', '(max size 12"/30cm wire or plastic)'),
(88, '"Football World Cup"', 'a floral exhibit'),
(89, 'Monochrome', 'exhibit using flowers of one colour'),
(90, 'Floating Heads', 'a floral exhibit'),
(91, 'Transport', NULL),
(92, 'Textures', NULL),
(93, 'Fun in the Snow', NULL),
(94, 'Trees/Shrubs in Flower', NULL),
(95, 'Finger Puppet', NULL),
(96, 'Finger Puppet', 'Age 3-6'),
(97, '3 Trumpet Daffs - Yellow', NULL),
(98, '3 Trumpet Daffs - White', NULL),
(99, '3 Large Cup Narc - Yellow', NULL),
(100, '3 Large Cup Narc - White', NULL),
(101, '3 Large Cup Narc - 2+ Variety', NULL),
(102, '3 Small Cup Narc', NULL),
(103, '3 Double Daffs', NULL),
(104, '3 Daffs - Single Head', NULL),
(105, '3 Daffs - Multi Head', NULL),
(106, '1 Trumpet Daff - Yellow', NULL),
(107, '1 Trumpet Daff - White', NULL),
(108, '1 Large Cup Narc - Yellow', NULL),
(109, '1 Large Cup Narc - White', NULL),
(110, '1 Small Cup Narc ', NULL),
(111, '1 Double Daff', NULL),
(112, '1 Triandrus', NULL),
(113, '1 Cyclamineous Narc', NULL),
(114, '1 Single Headed', NULL),
(115, '1 Multi Headed', NULL),
(116, 'Society Bulb', NULL),
(117, '3 Tulips', NULL),
(118, '3 Polyanthus', NULL),
(119, '6 Pansies/Violas', NULL),
(120, 'Spring Flowers', NULL),
(121, '3 Flowering Shrubs', NULL),
(122, 'Pot Daffs/Narc', NULL),
(123, 'Pot Any Bulb', NULL),
(124, 'Amaryllis', NULL),
(125, 'Pot Primula', NULL),
(126, 'Pot Foliage', NULL),
(127, 'Any Other Pot', NULL),
(128, 'Pot Succulents/Cacti', NULL),
(129, 'Arrangement', NULL),
(130, 'Vase of annuals', NULL),
(131, 'Vase of any other flowers', NULL),
(132, 'Floral Greeting Card 3/6', NULL),
(133, 'Decorated Plant Pot', NULL),
(134, 'Decorated Wooden Spoon', NULL),
(135, 'Decorated Plant Pot 3/6', NULL),
(136, 'Garden in a Seed Tray 7/11', NULL),
(137, 'Floral Greetings Card 7/11', NULL),
(138, 'Decorated Plant Pot 7/11', NULL),
(139, 'Small Vase of Flowers 7/11', NULL),
(140, 'Photo of my Pet', NULL),
(141, 'Carrots (stump rooted) 3', NULL),
(142, 'Canvas Work', NULL),
(143, 'Cross Stitch', NULL),
(144, 'Lace', NULL),
(145, 'Knitting', NULL),
(146, 'Crochet', NULL),
(147, 'Gooseberries', NULL),
(148, 'Somewhere over the rainbow', NULL),
(149, 'Miniature', NULL),
(150, 'Jar Jam', NULL),
(151, 'Cup Cakes', NULL),
(152, 'Apple Plate Pie', NULL),
(153, 'Fruit Cake', NULL),
(154, 'Savoury Quiche', NULL),
(155, 'Airborne', NULL),
(156, 'BHS Outings', NULL),
(157, 'Favourite Flower', NULL),
(158, 'Winter Colour in the Garden', NULL),
(159, '3 Red Tulips', NULL),
(160, '3 Yellow Tulips', NULL),
(161, 'Hyacinths', NULL),
(162, 'Irises', NULL),
(163, 'Pot Alpine', NULL),
(164, 'Garden Flower Arrangement', NULL);

-- --------------------------------------------------------

--
-- Stand-in structure for view `defaultexhibitionclassprize`
--
CREATE TABLE IF NOT EXISTS `defaultexhibitionclassprize` (
`ID` int(11)
,`ExhibitionClassID` int(11)
,`PrizeID` int(11)
,`Prize` decimal(10,2)
,`Points` int(11)
,`ExhibitionExhibitorID` int(11)
);
-- --------------------------------------------------------

--
-- Stand-in structure for view `defaultexhibitionexhibitor`
--
CREATE TABLE IF NOT EXISTS `defaultexhibitionexhibitor` (
`ID` int(11)
,`ExhibitionID` int(11)
,`ExhibitorNumber` int(11)
,`ExhibitorID` int(11)
);
-- --------------------------------------------------------

--
-- Stand-in structure for view `defaultexhibitionsection`
--
CREATE TABLE IF NOT EXISTS `defaultexhibitionsection` (
`ID` int(11)
,`SectionNumber` int(11)
,`Name` varchar(255)
);
-- --------------------------------------------------------

--
-- Stand-in structure for view `defaultprizefund`
--
CREATE TABLE IF NOT EXISTS `defaultprizefund` (
`ID` int(11)
,`Prize` decimal(32,2)
,`Points` decimal(32,0)
);
-- --------------------------------------------------------

--
-- Table structure for table `defaults`
--

CREATE TABLE IF NOT EXISTS `defaults` (
  `id` int(11) NOT NULL AUTO_INCREMENT,
  `ShowName` varchar(255) DEFAULT NULL,
  `ShowID` int(11) DEFAULT NULL,
  PRIMARY KEY (`id`)
) ENGINE=MyISAM  DEFAULT CHARSET=latin1 AUTO_INCREMENT=6 ;

--
-- Dumping data for table `defaults`
--

INSERT INTO `defaults` (`id`, `ShowName`, `ShowID`) VALUES
(5, 'bhs', 9);

-- --------------------------------------------------------

--
-- Table structure for table `exhibition`
--

CREATE TABLE IF NOT EXISTS `exhibition` (
  `ID` int(11) NOT NULL AUTO_INCREMENT,
  `Name` varchar(255) NOT NULL,
  PRIMARY KEY (`ID`),
  UNIQUE KEY `Name` (`Name`)
) ENGINE=MyISAM  DEFAULT CHARSET=latin1 AUTO_INCREMENT=10 ;

--
-- Dumping data for table `exhibition`
--

INSERT INTO `exhibition` (`ID`, `Name`) VALUES
(1, 'Summer Show 2008'),
(2, 'Spring Show 2009'),
(3, 'Summer Show 2009'),
(4, 'Spring show 2010'),
(5, 'Summer Show 2010'),
(6, 'Spring Show 2011'),
(7, 'Summer Show 2011'),
(8, 'Spring Show 2012'),
(9, 'Summer Show 2012');

-- --------------------------------------------------------

--
-- Table structure for table `exhibitionclass`
--

CREATE TABLE IF NOT EXISTS `exhibitionclass` (
  `ID` int(11) NOT NULL AUTO_INCREMENT,
  `ExhibitionID` int(11) NOT NULL,
  `ExhibitionSectionID` int(11) NOT NULL,
  `ClassNumber` int(11) NOT NULL,
  `ClassID` int(11) NOT NULL,
  PRIMARY KEY (`ID`),
  UNIQUE KEY `ExhibitionID` (`ExhibitionID`,`ExhibitionSectionID`,`ClassID`),
  UNIQUE KEY `ExhibitionID_2` (`ExhibitionID`,`ClassNumber`)
) ENGINE=MyISAM  DEFAULT CHARSET=latin1 AUTO_INCREMENT=360 ;

--
-- Dumping data for table `exhibitionclass`
--

INSERT INTO `exhibitionclass` (`ID`, `ExhibitionID`, `ExhibitionSectionID`, `ClassNumber`, `ClassID`) VALUES
(1, 3, 1, 1, 1),
(2, 3, 1, 2, 2),
(3, 3, 1, 3, 3),
(4, 3, 1, 4, 4),
(5, 3, 1, 5, 5),
(6, 3, 1, 6, 6),
(7, 3, 1, 7, 7),
(8, 3, 1, 8, 8),
(9, 3, 1, 9, 9),
(10, 3, 1, 10, 10),
(11, 3, 1, 11, 11),
(12, 3, 1, 12, 12),
(13, 3, 1, 13, 13),
(14, 3, 1, 14, 14),
(15, 3, 1, 15, 15),
(16, 3, 1, 16, 16),
(17, 3, 2, 17, 17),
(18, 3, 2, 18, 18),
(19, 3, 2, 19, 19),
(20, 3, 2, 20, 20),
(21, 3, 2, 21, 21),
(22, 3, 2, 22, 22),
(23, 3, 2, 23, 23),
(24, 3, 2, 24, 24),
(25, 3, 2, 25, 25),
(26, 3, 2, 26, 26),
(27, 3, 2, 27, 27),
(28, 3, 3, 29, 28),
(29, 3, 3, 30, 29),
(30, 3, 3, 31, 30),
(31, 3, 3, 32, 31),
(32, 3, 3, 33, 32),
(33, 3, 3, 34, 33),
(34, 3, 3, 35, 34),
(35, 3, 3, 36, 35),
(36, 3, 3, 37, 36),
(37, 3, 3, 38, 37),
(38, 3, 3, 39, 38),
(39, 3, 3, 40, 39),
(40, 3, 3, 41, 40),
(41, 3, 3, 42, 41),
(42, 3, 3, 43, 42),
(43, 3, 3, 44, 43),
(44, 3, 3, 45, 44),
(45, 3, 3, 46, 45),
(46, 3, 3, 47, 46),
(47, 3, 3, 48, 47),
(48, 3, 3, 49, 48),
(49, 3, 3, 50, 49),
(50, 3, 4, 51, 50),
(51, 3, 4, 52, 51),
(52, 3, 4, 53, 52),
(53, 3, 4, 54, 53),
(54, 3, 4, 55, 54),
(55, 3, 5, 56, 55),
(56, 3, 5, 57, 56),
(57, 3, 5, 58, 57),
(58, 3, 6, 59, 58),
(59, 3, 6, 60, 59),
(60, 3, 6, 61, 60),
(61, 3, 6, 62, 61),
(62, 3, 6, 63, 62),
(63, 3, 6, 64, 63),
(64, 3, 6, 65, 64),
(65, 3, 7, 66, 65),
(66, 3, 7, 67, 66),
(67, 3, 7, 68, 67),
(68, 3, 7, 69, 68),
(69, 3, 8, 70, 72),
(70, 3, 8, 71, 73),
(71, 3, 8, 72, 74),
(72, 3, 8, 73, 75),
(73, 3, 9, 74, 69),
(74, 3, 9, 75, 70),
(75, 3, 9, 76, 71),
(76, 3, 9, 77, 76),
(77, 3, 9, 78, 77),
(78, 3, 10, 79, 78),
(79, 3, 10, 80, 79),
(80, 3, 10, 81, 80),
(81, 3, 10, 82, 81),
(82, 3, 10, 83, 82),
(83, 3, 10, 84, 83),
(84, 3, 10, 85, 84),
(85, 3, 10, 86, 85),
(86, 3, 10, 87, 86),
(87, 5, 12, 1, 1),
(88, 5, 12, 2, 2),
(89, 5, 12, 3, 3),
(90, 5, 12, 4, 4),
(91, 5, 12, 5, 5),
(92, 5, 12, 6, 6),
(93, 5, 12, 7, 7),
(94, 5, 12, 8, 8),
(95, 5, 12, 9, 9),
(96, 5, 12, 10, 10),
(97, 2, 11, 1, 55),
(98, 5, 12, 11, 11),
(99, 5, 12, 12, 12),
(100, 5, 12, 13, 13),
(101, 5, 12, 14, 14),
(102, 5, 12, 15, 15),
(103, 5, 12, 16, 16),
(104, 5, 13, 17, 17),
(105, 5, 13, 18, 18),
(106, 5, 13, 19, 19),
(107, 5, 13, 20, 20),
(108, 5, 13, 21, 21),
(109, 5, 13, 22, 22),
(110, 5, 13, 23, 23),
(111, 5, 13, 24, 24),
(112, 5, 13, 25, 25),
(113, 5, 13, 26, 26),
(114, 5, 13, 27, 27),
(115, 5, 13, 28, 87),
(116, 5, 14, 29, 28),
(117, 5, 14, 30, 29),
(118, 5, 14, 31, 30),
(119, 5, 14, 32, 31),
(120, 5, 14, 33, 32),
(121, 5, 14, 34, 33),
(122, 5, 14, 35, 34),
(123, 5, 14, 36, 35),
(124, 5, 14, 37, 36),
(125, 5, 14, 38, 37),
(126, 5, 14, 39, 38),
(127, 5, 14, 40, 39),
(128, 5, 14, 41, 40),
(129, 5, 14, 42, 41),
(130, 5, 14, 43, 42),
(131, 5, 14, 44, 43),
(132, 5, 14, 45, 44),
(133, 5, 14, 46, 45),
(134, 5, 14, 47, 46),
(135, 5, 14, 48, 47),
(136, 5, 14, 49, 48),
(137, 5, 14, 50, 49),
(138, 5, 15, 51, 50),
(139, 5, 15, 52, 51),
(140, 5, 15, 53, 52),
(141, 5, 15, 54, 53),
(142, 5, 15, 55, 54),
(143, 5, 16, 56, 88),
(144, 5, 16, 57, 89),
(145, 5, 16, 58, 90),
(146, 5, 17, 59, 58),
(147, 5, 17, 60, 59),
(148, 5, 17, 61, 60),
(149, 5, 17, 62, 61),
(150, 5, 17, 63, 62),
(151, 5, 17, 64, 63),
(152, 5, 17, 65, 64),
(153, 5, 18, 66, 91),
(154, 5, 18, 67, 92),
(155, 5, 18, 68, 93),
(156, 5, 18, 69, 94),
(157, 5, 19, 70, 72),
(158, 5, 19, 71, 73),
(159, 5, 19, 72, 74),
(160, 5, 19, 73, 75),
(161, 5, 20, 74, 69),
(162, 5, 20, 75, 70),
(163, 5, 20, 76, 71),
(164, 5, 20, 77, 76),
(165, 5, 20, 78, 77),
(166, 5, 21, 79, 78),
(167, 5, 21, 80, 79),
(168, 5, 21, 81, 80),
(169, 5, 21, 82, 81),
(170, 5, 21, 83, 82),
(171, 5, 21, 84, 83),
(172, 5, 21, 85, 96),
(173, 5, 21, 86, 85),
(174, 5, 21, 87, 86),
(175, 6, 22, 1, 97),
(176, 6, 22, 2, 98),
(177, 6, 22, 3, 99),
(178, 6, 22, 4, 100),
(179, 6, 22, 5, 101),
(180, 6, 22, 6, 102),
(181, 6, 22, 7, 103),
(182, 6, 22, 8, 104),
(183, 6, 22, 9, 105),
(184, 6, 22, 10, 106),
(185, 6, 22, 11, 107),
(186, 6, 22, 12, 108),
(187, 6, 22, 13, 109),
(188, 6, 22, 14, 110),
(189, 6, 22, 15, 111),
(190, 6, 22, 16, 112),
(191, 6, 22, 17, 113),
(192, 6, 22, 18, 114),
(193, 6, 22, 19, 115),
(194, 6, 22, 20, 116),
(195, 6, 22, 21, 117),
(196, 6, 22, 22, 118),
(197, 6, 22, 23, 119),
(198, 6, 22, 24, 120),
(199, 6, 22, 25, 121),
(200, 6, 22, 26, 122),
(201, 6, 22, 27, 123),
(202, 6, 22, 28, 124),
(203, 6, 22, 29, 125),
(204, 6, 22, 30, 126),
(205, 6, 22, 31, 127),
(206, 6, 22, 32, 128),
(207, 6, 22, 33, 129),
(208, 7, 23, 1, 1),
(209, 7, 23, 2, 2),
(210, 7, 23, 3, 3),
(211, 7, 23, 4, 4),
(212, 7, 23, 5, 5),
(213, 7, 23, 6, 6),
(214, 7, 23, 7, 7),
(215, 7, 23, 8, 8),
(216, 7, 23, 9, 9),
(217, 7, 23, 10, 10),
(218, 7, 23, 11, 11),
(219, 7, 23, 12, 130),
(220, 7, 23, 13, 131),
(221, 7, 23, 14, 14),
(222, 7, 23, 15, 15),
(223, 7, 23, 16, 16),
(224, 7, 24, 17, 17),
(225, 7, 24, 18, 18),
(226, 7, 24, 19, 19),
(227, 7, 24, 20, 20),
(228, 7, 24, 21, 21),
(229, 7, 24, 22, 22),
(230, 7, 24, 23, 23),
(231, 7, 24, 24, 24),
(232, 7, 24, 25, 25),
(233, 7, 24, 26, 26),
(234, 7, 24, 27, 27),
(235, 7, 24, 28, 87),
(236, 7, 32, 84, 132),
(237, 7, 32, 85, 135),
(238, 7, 32, 86, 134),
(239, 7, 32, 87, 78),
(240, 7, 32, 88, 136),
(241, 7, 32, 89, 137),
(242, 7, 32, 90, 138),
(243, 7, 32, 91, 139),
(244, 7, 32, 92, 140),
(245, 7, 32, 93, 30),
(246, 7, 32, 94, 141),
(247, 7, 32, 95, 35),
(248, 7, 32, 96, 32),
(249, 7, 32, 97, 46),
(250, 7, 32, 98, 44),
(251, 7, 25, 29, 28),
(252, 7, 25, 30, 29),
(253, 7, 25, 31, 30),
(254, 7, 25, 32, 31),
(255, 7, 25, 33, 32),
(256, 7, 25, 34, 33),
(257, 7, 25, 35, 34),
(258, 7, 25, 36, 35),
(259, 7, 25, 37, 36),
(260, 7, 25, 38, 37),
(261, 7, 25, 39, 38),
(262, 7, 25, 40, 39),
(263, 7, 25, 41, 40),
(264, 7, 25, 42, 41),
(265, 7, 25, 43, 42),
(266, 7, 25, 44, 43),
(267, 7, 25, 45, 44),
(268, 7, 25, 46, 45),
(269, 7, 25, 47, 46),
(270, 7, 25, 48, 47),
(271, 7, 25, 49, 48),
(272, 7, 25, 50, 49),
(273, 7, 31, 76, 143),
(274, 7, 31, 77, 142),
(275, 7, 31, 78, 86),
(276, 7, 31, 79, 144),
(277, 7, 31, 80, 145),
(278, 7, 31, 81, 146),
(279, 7, 31, 82, 76),
(280, 7, 31, 83, 77),
(281, 7, 26, 51, 50),
(282, 7, 26, 52, 51),
(283, 7, 26, 53, 52),
(284, 7, 26, 54, 53),
(285, 7, 26, 55, 147),
(286, 7, 26, 56, 54),
(287, 7, 27, 57, 148),
(288, 7, 27, 58, 89),
(289, 7, 27, 59, 149),
(290, 7, 28, 60, 150),
(291, 7, 28, 61, 59),
(292, 7, 28, 62, 151),
(293, 7, 28, 63, 60),
(294, 7, 28, 64, 61),
(295, 7, 28, 65, 152),
(296, 7, 28, 66, 153),
(297, 7, 28, 67, 154),
(298, 7, 29, 68, 155),
(299, 7, 29, 69, 156),
(300, 7, 29, 70, 157),
(301, 7, 29, 71, 158),
(302, 7, 30, 72, 72),
(303, 7, 30, 73, 73),
(304, 7, 30, 75, 75),
(305, 7, 30, 74, 74),
(306, 8, 33, 1, 97),
(307, 8, 33, 2, 98),
(308, 8, 33, 3, 99),
(309, 8, 33, 4, 100),
(310, 8, 33, 5, 101),
(311, 8, 33, 6, 102),
(312, 8, 33, 7, 103),
(313, 8, 33, 8, 104),
(314, 8, 33, 9, 105),
(315, 8, 33, 10, 106),
(316, 8, 33, 11, 107),
(317, 8, 33, 12, 108),
(318, 8, 33, 13, 109),
(319, 8, 33, 14, 110),
(320, 8, 33, 15, 111),
(321, 8, 33, 16, 112),
(322, 8, 33, 17, 113),
(323, 8, 33, 18, 114),
(324, 8, 33, 19, 115),
(325, 8, 33, 20, 116),
(326, 8, 33, 21, 159),
(327, 8, 33, 22, 160),
(328, 8, 33, 23, 117),
(329, 8, 33, 24, 118),
(330, 8, 33, 25, 119),
(331, 8, 33, 26, 120),
(332, 8, 33, 27, 121),
(333, 8, 33, 28, 161),
(334, 8, 33, 29, 162),
(335, 8, 33, 30, 122),
(336, 8, 33, 31, 123),
(337, 8, 33, 32, 124),
(338, 8, 33, 33, 125),
(339, 8, 33, 34, 126),
(340, 8, 33, 35, 127),
(341, 8, 33, 36, 128),
(342, 8, 33, 37, 163),
(343, 8, 33, 38, 164),
(344, 9, 35, 1, 1),
(345, 9, 35, 2, 2),
(346, 9, 35, 3, 3),
(347, 9, 35, 4, 4),
(348, 9, 35, 5, 139),
(349, 9, 35, 6, 6),
(350, 9, 35, 7, 7),
(351, 9, 35, 8, 8),
(352, 9, 35, 9, 9),
(353, 9, 35, 10, 10),
(354, 9, 35, 11, 11),
(355, 9, 35, 12, 130),
(356, 9, 35, 13, 131),
(357, 9, 35, 14, 14),
(358, 9, 35, 15, 15),
(359, 9, 35, 16, 16);

-- --------------------------------------------------------

--
-- Table structure for table `exhibitionclassprize`
--

CREATE TABLE IF NOT EXISTS `exhibitionclassprize` (
  `ID` int(11) NOT NULL AUTO_INCREMENT,
  `ExhibitionClassID` int(11) NOT NULL,
  `PrizeID` int(11) NOT NULL,
  `Prize` decimal(10,2) DEFAULT NULL,
  `Points` int(11) DEFAULT NULL,
  `ExhibitionExhibitorID` int(11) DEFAULT NULL,
  PRIMARY KEY (`ID`)
) ENGINE=MyISAM  DEFAULT CHARSET=latin1 AUTO_INCREMENT=746 ;

--
-- Dumping data for table `exhibitionclassprize`
--

INSERT INTO `exhibitionclassprize` (`ID`, `ExhibitionClassID`, `PrizeID`, `Prize`, `Points`, `ExhibitionExhibitorID`) VALUES
(95, 97, 1, 1.50, 15, 33),
(96, 97, 2, 1.00, 10, 34),
(97, 1, 1, 1.50, 15, 1),
(98, 1, 2, 1.00, 10, 12),
(99, 1, 3, 0.50, 5, 15),
(100, 2, 1, 1.50, 15, 2),
(101, 2, 2, 1.00, 10, 14),
(102, 2, 3, 0.50, 5, 19),
(103, 3, 1, 1.50, 15, 3),
(104, 3, 2, 1.00, 10, 16),
(105, 4, 2, 1.00, 10, 11),
(106, 4, 3, 0.50, 5, 20),
(107, 5, 1, 1.50, 15, 4),
(354, 98, 1, 1.00, 3, 16),
(109, 5, 3, 0.50, 5, 21),
(110, 6, 1, 1.50, 15, 5),
(353, 96, 2, 0.80, 2, 28),
(112, 6, 3, 0.50, 5, 18),
(352, 96, 1, 1.00, 3, 16),
(114, 7, 3, 0.50, 5, 15),
(336, 88, 3, 0.50, 1, 32),
(335, 88, 1, 1.00, 3, 26),
(334, 87, 1, 1.00, 3, 26),
(339, 90, 3, 0.50, 1, 27),
(338, 90, 2, 0.80, 2, 17),
(337, 90, 1, 1.00, 3, 6),
(342, 91, 3, 0.50, 1, 27),
(345, 92, 3, 0.50, 1, 19),
(124, 5, 2, 1.00, 10, 17),
(344, 92, 2, 0.80, 2, 20),
(343, 92, 1, 1.00, 3, 18),
(348, 93, 3, 0.50, 1, 27),
(347, 93, 2, 0.80, 2, 39),
(346, 93, 1, 1.00, 3, 18),
(132, 7, 2, 1.00, 10, 14),
(350, 95, 1, 1.00, 3, 16),
(134, 8, 1, 1.50, 15, 6),
(135, 8, 2, 1.00, 10, 16),
(136, 8, 3, 0.50, 5, 19),
(349, 94, 1, 1.00, 3, 16),
(140, 6, 2, 1.00, 10, 13),
(341, 91, 2, 0.80, 2, 18),
(142, 9, 1, 1.50, 15, 7),
(143, 9, 2, 1.00, 10, 12),
(144, 10, 1, 1.50, 15, 8),
(145, 10, 2, 1.00, 10, 11),
(146, 10, 3, 0.50, 5, 20),
(147, 11, 1, 1.50, 15, 9),
(148, 11, 2, 1.00, 10, 16),
(149, 11, 3, 0.50, 5, 21),
(340, 91, 1, 1.00, 3, 20),
(151, 12, 3, 0.50, 5, 18),
(152, 13, 1, 1.50, 15, 10),
(153, 13, 2, 1.00, 10, 16),
(154, 13, 3, 0.50, 5, 15),
(351, 95, 2, 0.80, 2, 32),
(188, 153, 1, 1.00, 3, 7),
(189, 153, 2, 0.80, 2, 39),
(190, 153, 3, 0.50, 1, 45),
(191, 154, 1, 1.00, 3, 28),
(192, 154, 2, 0.80, 2, 7),
(193, 154, 3, 0.50, 1, 39),
(194, 155, 1, 1.00, 3, 37),
(195, 155, 2, 0.80, 2, 27),
(196, 156, 1, 1.00, 3, 6),
(197, 156, 2, 0.80, 2, 28),
(198, 156, 3, 0.50, 1, 27),
(199, 166, 1, 1.00, 3, 74),
(200, 166, 2, 0.80, 2, 73),
(201, 166, 3, 0.50, 1, 79),
(202, 167, 1, 1.00, 3, 82),
(203, 169, 1, 1.00, 3, 82),
(204, 171, 1, 1.00, 3, 82),
(205, 172, 1, 1.00, 3, 61),
(206, 172, 2, 0.80, 2, 54),
(207, 172, 3, 0.50, 1, 59),
(208, 173, 1, 1.00, 3, 82),
(209, 174, 1, 1.00, 3, 82),
(210, 161, 1, 1.00, 3, 30),
(211, 161, 2, 0.80, 2, 48),
(212, 161, 3, 0.50, 1, 37),
(213, 162, 1, 1.00, 3, 48),
(214, 162, 2, 0.80, 2, 46),
(215, 162, 3, 0.50, 1, 30),
(216, 163, 1, 1.00, 3, 11),
(217, 163, 2, 0.80, 2, 46),
(218, 163, 3, 0.50, 1, 9),
(219, 164, 1, 1.00, 3, 48),
(220, 164, 2, 0.80, 2, 38),
(221, 164, 3, 0.50, 1, 11),
(222, 165, 1, 1.00, 3, 5),
(223, 165, 2, 0.80, 2, 4),
(224, 165, 3, 0.50, 1, 22),
(225, 116, 1, 1.00, 3, 10),
(226, 116, 2, 0.80, 2, 12),
(227, 116, 3, 0.50, 1, 43),
(228, 117, 1, 1.00, 3, 10),
(229, 117, 2, 0.80, 2, 17),
(230, 117, 3, 0.50, 1, 26),
(231, 118, 1, 1.00, 3, 26),
(232, 118, 2, 0.80, 2, 17),
(233, 118, 3, 0.50, 1, 23),
(234, 119, 1, 1.00, 3, 10),
(235, 119, 2, 0.80, 2, 17),
(236, 121, 1, 1.00, 3, 10),
(237, 121, 2, 0.80, 2, 17),
(238, 123, 1, 1.00, 3, 12),
(239, 123, 2, 0.80, 2, 17),
(240, 123, 3, 0.50, 1, 22),
(241, 124, 1, 1.00, 3, 17),
(242, 125, 1, 1.00, 3, 47),
(243, 125, 2, 0.80, 2, 17),
(244, 126, 1, 1.00, 3, 17),
(245, 127, 1, 1.00, 3, 16),
(246, 127, 2, 0.80, 2, 17),
(247, 128, 1, 1.00, 3, 17),
(248, 129, 1, 1.00, 3, 16),
(249, 129, 2, 0.80, 2, 26),
(250, 129, 3, 0.50, 1, 41),
(251, 130, 1, 1.00, 3, 26),
(252, 130, 2, 0.80, 2, 16),
(253, 130, 3, 0.50, 1, 17),
(254, 131, 1, 1.00, 3, 26),
(255, 131, 2, 0.80, 2, 16),
(256, 131, 3, 0.50, 1, 17),
(257, 132, 1, 1.00, 3, 17),
(258, 132, 2, 0.80, 2, 19),
(259, 133, 1, 1.00, 3, 27),
(260, 133, 2, 0.80, 2, 16),
(261, 133, 3, 0.50, 1, 17),
(262, 134, 1, 1.00, 3, 24),
(263, 134, 2, 0.80, 2, 26),
(264, 135, 1, 1.00, 3, 18),
(265, 135, 2, 0.80, 2, 43),
(266, 136, 1, 1.00, 3, 16),
(267, 136, 2, 0.80, 2, 24),
(268, 136, 3, 0.50, 1, 12),
(269, 137, 1, 1.00, 3, 17),
(270, 137, 2, 0.80, 2, 43),
(271, 137, 3, 0.50, 1, 47),
(272, 138, 1, 1.00, 3, 27),
(273, 138, 2, 0.80, 2, 17),
(274, 139, 1, 1.00, 3, 43),
(275, 139, 2, 0.80, 2, 12),
(276, 141, 1, 1.00, 3, 16),
(277, 142, 1, 1.00, 3, 12),
(278, 142, 2, 0.80, 2, 36),
(279, 142, 3, 0.50, 1, 43),
(280, 143, 1, 1.00, 3, 32),
(281, 143, 2, 0.80, 2, 28),
(282, 143, 3, 0.50, 1, 27),
(283, 144, 1, 1.00, 3, 28),
(284, 144, 2, 0.80, 2, 49),
(285, 144, 3, 0.50, 1, 32),
(286, 145, 1, 1.00, 3, 27),
(287, 145, 2, 0.80, 2, 32),
(288, 145, 3, 0.50, 1, 37),
(289, 157, 1, 1.00, 3, 2),
(290, 157, 2, 0.80, 2, 40),
(291, 157, 3, 0.50, 1, 34),
(292, 158, 1, 1.00, 3, 2),
(293, 158, 2, 0.80, 2, 13),
(294, 159, 1, 1.00, 3, 40),
(295, 159, 2, 0.80, 2, 2),
(296, 160, 1, 1.00, 3, 33),
(297, 160, 2, 0.80, 2, 13),
(298, 160, 3, 0.50, 1, 40),
(299, 146, 1, 1.00, 3, 43),
(300, 146, 2, 0.80, 2, 14),
(301, 146, 3, 0.50, 1, 5),
(302, 147, 1, 1.00, 3, 35),
(303, 147, 2, 0.80, 2, 14),
(304, 147, 3, 0.50, 1, 32),
(305, 148, 1, 1.00, 3, 28),
(306, 148, 2, 0.80, 2, 22),
(307, 148, 3, 0.50, 1, 35),
(308, 149, 1, 1.00, 3, 35),
(309, 149, 2, 0.80, 2, 22),
(310, 149, 3, 0.50, 1, 49),
(311, 150, 1, 1.00, 3, 35),
(312, 150, 2, 0.80, 2, 13),
(313, 150, 3, 0.50, 1, 14),
(314, 151, 1, 1.00, 3, 18),
(315, 151, 2, 0.80, 2, 28),
(316, 151, 3, 0.50, 1, 32),
(317, 152, 1, 1.00, 3, 18),
(318, 152, 2, 0.80, 2, 27),
(319, 152, 3, 0.50, 1, 13),
(324, 89, 1, 1.00, 3, 27),
(355, 98, 2, 0.80, 2, 32),
(356, 98, 3, 0.50, 1, 24),
(357, 99, 1, 1.00, 3, 20),
(358, 99, 2, 0.80, 2, 31),
(359, 100, 1, 1.00, 3, 8),
(360, 100, 2, 0.80, 2, 41),
(361, 100, 3, 0.50, 1, 28),
(362, 101, 2, 0.80, 2, 27),
(363, 102, 1, 1.00, 3, 32),
(364, 102, 2, 0.80, 2, 41),
(365, 102, 3, 0.50, 1, 16),
(366, 103, 1, 1.00, 3, 8),
(367, 103, 2, 0.80, 2, 12),
(368, 104, 1, 1.00, 3, 19),
(369, 104, 2, 0.80, 2, 18),
(370, 104, 3, 0.50, 1, 37),
(371, 105, 1, 1.00, 3, 18),
(372, 105, 2, 0.80, 2, 26),
(373, 106, 1, 1.00, 3, 18),
(374, 106, 2, 0.80, 2, 1),
(375, 106, 3, 0.50, 1, 19),
(376, 107, 1, 1.00, 3, 1),
(377, 107, 2, 0.80, 2, 19),
(378, 107, 3, 0.50, 1, 18),
(379, 108, 1, 1.00, 3, 18),
(380, 108, 2, 0.80, 2, 19),
(381, 108, 3, 0.50, 1, 6),
(382, 109, 1, 1.00, 3, 18),
(383, 109, 2, 0.80, 2, 26),
(384, 109, 3, 0.50, 1, 42),
(385, 110, 1, 1.00, 3, 28),
(386, 110, 2, 0.80, 2, 16),
(387, 111, 1, 1.00, 3, 18),
(388, 112, 1, 1.00, 3, 1),
(389, 112, 2, 0.80, 2, 34),
(390, 112, 3, 0.50, 1, 18),
(391, 113, 1, 1.00, 3, 17),
(392, 113, 2, 0.80, 2, 26),
(393, 113, 3, 0.50, 1, 27),
(394, 114, 1, 1.00, 3, 21),
(395, 114, 2, 0.80, 2, 27),
(396, 114, 3, 0.50, 1, 20),
(397, 115, 1, 1.00, 3, 6),
(398, 115, 2, 0.80, 2, 27),
(399, 115, 3, 0.50, 1, 34),
(473, 276, 1, 1.00, 3, 157),
(472, 275, 1, 1.00, 3, 129),
(471, 273, 1, 1.00, 3, 139),
(403, 207, 1, 3.00, 3, 88),
(404, 207, 2, 2.00, 2, 105),
(405, 207, 3, 1.00, 1, 86),
(406, 206, 1, 3.00, 3, 101),
(407, 206, 2, 2.00, 2, 85),
(408, 206, 3, 1.00, 1, 107),
(409, 205, 1, 3.00, 3, 103),
(410, 205, 2, 2.00, 2, 88),
(411, 204, 1, 3.00, 3, 102),
(412, 204, 2, 2.00, 2, 97),
(413, 204, 3, 1.00, 1, 84),
(414, 203, 1, 3.00, 3, 110),
(415, 203, 2, 2.00, 2, 102),
(416, 202, 1, 3.00, 3, 103),
(417, 201, 1, 3.00, 3, 92),
(418, 201, 2, 2.00, 2, 112),
(419, 175, 1, 3.00, 3, 106),
(420, 175, 2, 2.00, 2, 113),
(421, 175, 3, 1.00, 1, 84),
(422, 177, 1, 3.00, 3, 92),
(423, 177, 2, 2.00, 2, 85),
(424, 177, 3, 1.00, 1, 84),
(425, 178, 1, 3.00, 3, 92),
(426, 178, 2, 2.00, 2, 84),
(427, 178, 3, 1.00, 1, 83),
(428, 179, 1, 3.00, 3, 83),
(429, 179, 2, 2.00, 2, 84),
(430, 180, 1, 3.00, 3, 84),
(431, 182, 1, 3.00, 3, 89),
(432, 182, 2, 2.00, 2, 93),
(433, 182, 3, 1.00, 1, 84),
(434, 184, 1, 3.00, 3, 84),
(435, 184, 2, 2.00, 2, 112),
(436, 184, 3, 1.00, 1, 83),
(437, 186, 1, 3.00, 3, 83),
(438, 186, 2, 2.00, 2, 86),
(439, 186, 3, 1.00, 1, 84),
(440, 187, 1, 3.00, 3, 83),
(441, 187, 2, 2.00, 2, 84),
(442, 187, 3, 1.00, 1, 112),
(443, 188, 1, 3.00, 3, 84),
(444, 191, 1, 3.00, 3, 84),
(445, 191, 2, 2.00, 2, 86),
(446, 191, 3, 1.00, 1, 93),
(447, 192, 1, 3.00, 3, 93),
(448, 192, 2, 2.00, 2, 92),
(449, 192, 3, 1.00, 1, 87),
(450, 193, 1, 3.00, 3, 96),
(451, 194, 1, 3.00, 3, 109),
(452, 194, 2, 2.00, 2, 104),
(453, 194, 3, 1.00, 1, 98),
(454, 195, 3, 1.00, 1, 88),
(455, 196, 1, 3.00, 3, 92),
(456, 196, 2, 2.00, 2, 83),
(457, 197, 1, 3.00, 3, 93),
(458, 197, 2, 2.00, 2, 88),
(459, 197, 3, 1.00, 1, 86),
(460, 198, 1, 3.00, 3, 88),
(461, 198, 2, 2.00, 2, 100),
(462, 198, 3, 1.00, 1, 86),
(463, 199, 1, 3.00, 3, 85),
(464, 199, 2, 2.00, 2, 84),
(465, 200, 1, 3.00, 3, 85),
(466, 200, 2, 2.00, 2, 103),
(467, 200, 3, 1.00, 1, 86),
(474, 277, 1, 1.00, 3, 117),
(475, 277, 2, 0.80, 2, 129),
(476, 277, 3, 0.50, 1, 123),
(477, 278, 1, 1.00, 3, 117),
(478, 279, 1, 1.00, 3, 121),
(479, 279, 2, 0.80, 2, 136),
(480, 280, 1, 1.00, 3, 157),
(481, 280, 2, 0.80, 2, 136),
(482, 280, 3, 0.50, 1, 118),
(483, 298, 1, 1.00, 3, 159),
(484, 298, 2, 0.80, 2, 117),
(485, 298, 3, 0.50, 1, 130),
(486, 299, 1, 1.00, 3, 132),
(487, 299, 2, 0.80, 2, 117),
(488, 299, 3, 0.50, 1, 128),
(489, 300, 1, 1.00, 3, 118),
(490, 300, 2, 0.80, 2, 140),
(491, 300, 3, 0.50, 1, 131),
(492, 301, 1, 1.00, 3, 128),
(493, 301, 2, 0.80, 2, 139),
(494, 301, 3, 0.50, 1, 123),
(495, 237, 1, 1.00, 3, 190),
(496, 238, 1, 1.00, 3, 169),
(497, 238, 2, 0.80, 2, 149),
(498, 238, 3, 0.50, 1, 167),
(499, 239, 1, 1.00, 3, 181),
(500, 239, 2, 0.80, 2, 175),
(501, 239, 3, 0.50, 1, 178),
(502, 208, 1, 1.00, 3, 133),
(503, 209, 1, 1.00, 3, 133),
(504, 210, 1, 1.00, 3, 133),
(505, 210, 2, 0.80, 2, 122),
(506, 210, 3, 0.50, 1, 130),
(507, 211, 1, 1.00, 3, 118),
(508, 211, 2, 0.80, 2, 133),
(509, 212, 1, 1.00, 3, 128),
(510, 212, 2, 0.80, 2, 155),
(688, 256, 3, 0.50, 1, 116),
(513, 212, 3, 0.50, 1, 138),
(514, 213, 1, 1.00, 3, 155),
(515, 213, 2, 0.80, 2, 140),
(516, 213, 3, 0.50, 1, 138),
(517, 214, 1, 1.00, 3, 138),
(518, 214, 2, 0.80, 2, 122),
(519, 214, 3, 0.50, 1, 130),
(520, 215, 1, 1.00, 3, 138),
(521, 215, 2, 0.80, 2, 126),
(522, 216, 1, 1.00, 3, 126),
(523, 217, 1, 1.00, 3, 128),
(524, 217, 3, 0.50, 1, 126),
(525, 218, 1, 1.00, 3, 138),
(526, 218, 2, 0.80, 2, 128),
(527, 218, 3, 0.50, 1, 155),
(528, 219, 1, 1.00, 3, 138),
(529, 219, 2, 0.80, 2, 137),
(530, 219, 3, 0.50, 1, 159),
(531, 220, 1, 1.00, 3, 140),
(532, 220, 2, 0.80, 2, 155),
(533, 220, 3, 0.50, 1, 126),
(534, 221, 2, 0.80, 2, 118),
(535, 222, 1, 1.00, 3, 123),
(536, 222, 2, 0.80, 2, 118),
(537, 222, 3, 0.50, 1, 124),
(538, 223, 1, 1.00, 3, 126),
(539, 223, 2, 0.80, 2, 122),
(540, 224, 1, 1.00, 3, 122),
(541, 224, 2, 0.80, 2, 114),
(542, 225, 1, 1.00, 3, 122),
(543, 225, 2, 0.80, 2, 130),
(544, 226, 1, 1.00, 3, 114),
(545, 226, 3, 0.50, 1, 122),
(546, 227, 1, 1.00, 3, 114),
(547, 227, 2, 0.80, 2, 122),
(548, 228, 1, 1.00, 3, 139),
(549, 228, 2, 0.80, 2, 143),
(550, 228, 3, 0.50, 1, 114),
(551, 229, 1, 1.00, 3, 133),
(552, 229, 2, 0.80, 2, 122),
(553, 229, 3, 0.50, 1, 130),
(554, 230, 1, 1.00, 3, 122),
(555, 230, 2, 0.80, 2, 140),
(556, 231, 1, 1.00, 3, 140),
(557, 231, 2, 0.80, 2, 141),
(558, 231, 3, 0.50, 1, 122),
(559, 232, 1, 1.00, 3, 135),
(560, 232, 2, 0.80, 2, 130),
(561, 232, 3, 0.50, 1, 142),
(562, 233, 1, 1.00, 3, 123),
(563, 233, 2, 0.80, 2, 144),
(564, 233, 3, 0.50, 1, 121),
(565, 234, 1, 1.00, 3, 131),
(566, 234, 2, 0.80, 2, 117),
(567, 234, 3, 0.50, 1, 130),
(568, 235, 1, 1.00, 3, 122),
(569, 235, 2, 0.80, 2, 143),
(570, 235, 3, 0.50, 1, 130),
(571, 287, 1, 1.00, 3, 140),
(572, 287, 2, 0.80, 2, 128),
(573, 287, 3, 0.50, 1, 120),
(574, 288, 1, 1.00, 3, 159),
(575, 288, 2, 0.80, 2, 140),
(576, 288, 3, 0.50, 1, 128),
(577, 289, 1, 1.00, 3, 127),
(578, 289, 2, 0.80, 2, 154),
(579, 289, 3, 0.50, 1, 130),
(580, 302, 1, 1.00, 3, 124),
(581, 302, 2, 0.80, 2, 161),
(582, 303, 1, 1.00, 3, 143),
(583, 305, 1, 1.00, 3, 142),
(584, 305, 2, 0.80, 2, 124),
(585, 304, 1, 1.00, 3, 154),
(586, 304, 2, 0.80, 2, 124),
(587, 304, 3, 0.50, 1, 143),
(588, 245, 1, 1.00, 3, 189),
(589, 245, 2, 0.80, 2, 185),
(590, 250, 1, 1.00, 3, 186),
(591, 250, 2, 0.80, 2, 187),
(592, 250, 3, 0.50, 1, 189),
(593, 290, 1, 1.00, 3, 146),
(594, 290, 2, 0.80, 2, 156),
(595, 290, 3, 0.50, 1, 136),
(596, 291, 1, 1.00, 3, 122),
(597, 291, 2, 0.80, 2, 120),
(598, 291, 3, 0.50, 1, 115),
(599, 292, 1, 1.00, 3, 139),
(600, 292, 2, 0.80, 2, 136),
(601, 292, 3, 0.50, 1, 120),
(602, 293, 1, 1.00, 3, 128),
(603, 293, 2, 0.80, 2, 136),
(604, 293, 3, 0.50, 1, 115),
(605, 294, 1, 1.00, 3, 115),
(606, 294, 2, 0.80, 2, 124),
(607, 294, 3, 0.50, 1, 122),
(608, 295, 1, 1.00, 3, 122),
(609, 295, 2, 0.80, 2, 120),
(610, 295, 3, 0.50, 1, 123),
(611, 296, 1, 1.00, 3, 127),
(612, 296, 2, 0.80, 2, 122),
(613, 296, 3, 0.50, 1, 118),
(614, 297, 1, 1.00, 3, 122),
(615, 297, 2, 0.80, 2, 128),
(616, 297, 3, 0.50, 1, 120),
(617, 251, 1, 1.00, 3, 121),
(618, 251, 2, 0.80, 2, 126),
(619, 251, 3, 0.50, 1, 156),
(620, 252, 1, 1.00, 3, 137),
(621, 252, 2, 0.80, 2, 133),
(622, 253, 1, 1.00, 3, 133),
(623, 253, 2, 0.80, 2, 135),
(624, 253, 3, 0.50, 1, 116),
(625, 254, 1, 1.00, 3, 146),
(626, 254, 2, 0.80, 2, 156),
(627, 254, 3, 0.50, 1, 135),
(628, 255, 1, 1.00, 3, 126),
(629, 255, 2, 0.80, 2, 116),
(686, 256, 1, 1.00, 3, 135),
(631, 256, 2, 0.80, 2, 189),
(633, 257, 1, 1.00, 3, 116),
(634, 257, 2, 0.80, 2, 135),
(635, 257, 3, 0.50, 1, 136),
(636, 258, 1, 1.00, 3, 121),
(637, 258, 2, 0.80, 2, 116),
(638, 258, 3, 0.50, 1, 133),
(639, 259, 1, 1.00, 3, 116),
(640, 260, 1, 1.00, 3, 136),
(641, 260, 2, 0.80, 2, 116),
(642, 261, 1, 1.00, 3, 116),
(643, 262, 1, 1.00, 3, 116),
(644, 262, 2, 0.80, 2, 156),
(645, 263, 1, 1.00, 3, 135),
(646, 263, 2, 0.80, 2, 116),
(647, 263, 3, 0.50, 1, 156),
(648, 264, 1, 1.00, 3, 126),
(649, 264, 2, 0.80, 2, 152),
(650, 264, 3, 0.50, 1, 133),
(651, 265, 1, 1.00, 3, 126),
(652, 265, 2, 0.80, 2, 133),
(653, 265, 3, 0.50, 1, 116),
(654, 266, 1, 1.00, 3, 116),
(655, 266, 2, 0.80, 2, 126),
(656, 266, 3, 0.50, 1, 133),
(657, 267, 1, 1.00, 3, 116),
(658, 267, 2, 0.80, 2, 140),
(659, 267, 3, 0.50, 1, 156),
(660, 268, 1, 1.00, 3, 130),
(661, 268, 2, 0.80, 2, 156),
(662, 268, 3, 0.50, 1, 134),
(663, 269, 1, 1.00, 3, 144),
(664, 269, 2, 0.80, 2, 145),
(665, 269, 3, 0.50, 1, 133),
(666, 271, 1, 1.00, 3, 133),
(667, 271, 2, 0.80, 2, 116),
(668, 271, 3, 0.50, 1, 126),
(669, 272, 1, 1.00, 3, 116),
(670, 272, 2, 0.80, 2, 128),
(671, 272, 3, 0.50, 1, 140),
(672, 281, 1, 1.00, 3, 130),
(673, 282, 1, 1.00, 3, 126),
(674, 283, 1, 1.00, 3, 126),
(675, 283, 2, 0.80, 2, 136),
(676, 284, 1, 1.00, 3, 116),
(677, 285, 1, 1.00, 3, 161),
(678, 285, 2, 0.80, 2, 126),
(679, 286, 1, 1.00, 3, 116),
(680, 286, 2, 0.80, 2, 121),
(681, 286, 3, 0.50, 1, 134),
(698, 344, 1, 1.00, 3, 212),
(699, 344, 2, 0.80, 2, 217),
(700, 344, 3, 0.50, 1, 221),
(701, 345, 1, 1.00, 3, 212),
(702, 345, 2, 0.80, 2, 214),
(703, 345, 3, 0.50, 1, 218),
(704, 346, 1, 1.00, 3, 214),
(705, 346, 2, 0.80, 2, 217),
(706, 346, 3, 0.50, 1, 220),
(707, 347, 1, 1.00, 3, 221),
(708, 347, 2, 0.80, 2, 217),
(709, 347, 3, 0.50, 1, 219),
(710, 348, 1, 1.00, 3, 215),
(711, 348, 2, 0.80, 2, 214),
(712, 348, 3, 0.50, 1, 220),
(713, 349, 1, 1.00, 3, 218),
(714, 349, 2, 0.80, 2, 216),
(715, 349, 3, 0.50, 1, 217),
(716, 350, 1, 1.00, 3, 213),
(717, 350, 2, 0.80, 2, 216),
(718, 350, 3, 0.50, 1, 219),
(719, 351, 1, 1.00, 3, 215),
(720, 351, 2, 0.80, 2, 216),
(721, 351, 3, 0.50, 1, 219),
(722, 352, 1, 1.00, 3, 216),
(723, 352, 2, 0.80, 2, 220),
(724, 352, 3, 0.50, 1, 217),
(725, 353, 1, 1.00, 3, 214),
(726, 353, 2, 0.80, 2, 215),
(727, 353, 3, 0.50, 1, 219),
(728, 354, 1, 1.00, 3, 216),
(729, 354, 2, 0.80, 2, 213),
(730, 354, 3, 0.50, 1, 214),
(731, 355, 1, 1.00, 3, 215),
(732, 355, 2, 0.80, 2, 217),
(733, 355, 3, 0.50, 1, 220),
(734, 356, 1, 1.00, 3, 214),
(735, 356, 2, 0.80, 2, 216),
(736, 356, 3, 0.50, 1, 219),
(737, 357, 1, 1.00, 3, 215),
(738, 357, 2, 0.80, 2, 214),
(739, 357, 3, 0.50, 1, 218),
(740, 358, 1, 1.00, 3, 217),
(741, 358, 2, 0.80, 2, 214),
(742, 358, 3, 0.50, 1, 216),
(743, 359, 1, 1.00, 3, 217),
(744, 359, 2, 0.80, 2, 214),
(745, 359, 3, 0.50, 1, 219);

-- --------------------------------------------------------

--
-- Table structure for table `exhibitionexhibitor`
--

CREATE TABLE IF NOT EXISTS `exhibitionexhibitor` (
  `ID` int(11) NOT NULL AUTO_INCREMENT,
  `ExhibitionID` int(11) NOT NULL DEFAULT '7',
  `ExhibitorNumber` int(11) NOT NULL,
  `ExhibitorID` int(11) NOT NULL,
  PRIMARY KEY (`ID`),
  UNIQUE KEY `ExhibitionID` (`ExhibitionID`,`ExhibitorNumber`),
  UNIQUE KEY `ExhibitionID_2` (`ExhibitionID`,`ExhibitorID`)
) ENGINE=MyISAM  DEFAULT CHARSET=latin1 AUTO_INCREMENT=222 ;

--
-- Dumping data for table `exhibitionexhibitor`
--

INSERT INTO `exhibitionexhibitor` (`ID`, `ExhibitionID`, `ExhibitorNumber`, `ExhibitorID`) VALUES
(1, 5, 1, 1),
(2, 5, 2, 2),
(3, 5, 3, 3),
(4, 5, 4, 4),
(5, 5, 5, 5),
(6, 5, 6, 6),
(7, 5, 7, 7),
(8, 5, 8, 8),
(9, 5, 9, 9),
(10, 5, 10, 10),
(11, 5, 11, 11),
(12, 5, 12, 12),
(13, 5, 13, 13),
(14, 5, 14, 14),
(15, 5, 15, 15),
(16, 5, 16, 16),
(17, 5, 17, 17),
(18, 5, 18, 18),
(19, 5, 19, 19),
(20, 5, 20, 20),
(21, 5, 21, 21),
(22, 5, 22, 22),
(23, 5, 23, 23),
(24, 5, 24, 26),
(25, 5, 25, 29),
(26, 5, 26, 28),
(27, 5, 27, 30),
(28, 5, 28, 31),
(29, 5, 29, 32),
(30, 5, 30, 33),
(31, 5, 31, 34),
(32, 5, 32, 35),
(33, 5, 33, 36),
(34, 5, 34, 37),
(35, 5, 35, 38),
(36, 5, 36, 39),
(37, 5, 37, 40),
(38, 5, 38, 41),
(39, 5, 39, 42),
(40, 5, 40, 43),
(41, 5, 41, 44),
(42, 5, 42, 45),
(43, 5, 43, 46),
(44, 5, 44, 47),
(45, 5, 45, 48),
(46, 5, 46, 49),
(47, 5, 47, 53),
(48, 5, 48, 51),
(49, 5, 49, 52),
(50, 5, 100, 54),
(51, 5, 101, 55),
(52, 5, 102, 56),
(53, 5, 103, 57),
(54, 5, 104, 58),
(55, 5, 105, 59),
(56, 5, 106, 60),
(57, 5, 107, 61),
(58, 5, 108, 62),
(59, 5, 109, 63),
(60, 5, 110, 64),
(61, 5, 111, 65),
(62, 5, 112, 66),
(63, 5, 113, 67),
(64, 5, 114, 68),
(65, 5, 116, 69),
(66, 5, 117, 70),
(67, 5, 118, 71),
(68, 5, 119, 72),
(69, 5, 120, 73),
(70, 5, 121, 74),
(71, 5, 122, 75),
(72, 5, 123, 76),
(73, 5, 124, 77),
(74, 5, 125, 78),
(75, 5, 126, 79),
(76, 5, 127, 80),
(77, 5, 128, 81),
(78, 5, 129, 83),
(79, 5, 130, 84),
(80, 5, 131, 85),
(81, 5, 132, 86),
(82, 5, 133, 87),
(83, 6, 2, 92),
(84, 6, 1, 91),
(85, 6, 3, 93),
(86, 6, 4, 94),
(87, 6, 5, 95),
(88, 6, 6, 96),
(89, 6, 7, 97),
(90, 6, 8, 98),
(91, 6, 9, 99),
(92, 6, 10, 100),
(93, 6, 11, 101),
(94, 6, 12, 102),
(95, 6, 13, 103),
(96, 6, 14, 104),
(97, 6, 15, 105),
(98, 6, 16, 106),
(99, 6, 17, 107),
(100, 6, 18, 108),
(101, 6, 19, 109),
(102, 6, 20, 110),
(103, 6, 21, 111),
(104, 6, 22, 112),
(105, 6, 23, 113),
(106, 6, 24, 114),
(107, 6, 25, 115),
(108, 6, 26, 116),
(109, 6, 27, 117),
(110, 6, 28, 118),
(111, 6, 29, 119),
(112, 6, 30, 120),
(113, 6, 31, 121),
(114, 7, 1, 1),
(115, 7, 2, 14),
(116, 7, 3, 17),
(117, 7, 4, 105),
(118, 7, 5, 6),
(119, 7, 6, 5),
(120, 7, 7, 13),
(121, 7, 8, 12),
(122, 7, 9, 18),
(123, 7, 10, 106),
(124, 7, 11, 43),
(125, 7, 14, 7),
(126, 7, 15, 16),
(127, 7, 17, 32),
(128, 7, 19, 31),
(129, 7, 20, 11),
(130, 7, 21, 30),
(131, 7, 22, 21),
(132, 7, 23, 23),
(133, 7, 25, 28),
(134, 7, 27, 39),
(135, 7, 28, 10),
(136, 7, 29, 22),
(137, 7, 30, 34),
(138, 7, 32, 20),
(139, 7, 33, 40),
(140, 7, 34, 47),
(141, 7, 35, 19),
(142, 7, 38, 120),
(143, 7, 39, 36),
(144, 7, 40, 45),
(145, 7, 41, 44),
(146, 7, 43, 100),
(147, 7, 100, 57),
(148, 7, 101, 66),
(149, 7, 102, 67),
(150, 7, 103, 68),
(151, 7, 122, 63),
(152, 7, 12, 122),
(153, 7, 13, 123),
(154, 7, 16, 124),
(155, 7, 18, 125),
(156, 7, 24, 126),
(157, 7, 26, 127),
(158, 7, 31, 128),
(159, 7, 36, 129),
(160, 7, 37, 130),
(161, 7, 42, 131),
(162, 7, 104, 133),
(163, 7, 105, 134),
(164, 7, 106, 135),
(165, 7, 108, 136),
(166, 7, 109, 137),
(167, 7, 110, 138),
(168, 7, 111, 139),
(169, 7, 112, 140),
(170, 7, 113, 141),
(171, 7, 114, 142),
(172, 7, 115, 143),
(173, 7, 116, 144),
(174, 7, 117, 145),
(175, 7, 118, 146),
(176, 7, 119, 147),
(177, 7, 120, 148),
(178, 7, 121, 149),
(179, 7, 123, 150),
(180, 7, 124, 151),
(181, 7, 125, 152),
(182, 7, 126, 153),
(183, 7, 127, 154),
(184, 7, 128, 155),
(185, 7, 129, 156),
(186, 7, 130, 157),
(187, 7, 132, 158),
(188, 7, 133, 159),
(189, 7, 134, 160),
(190, 7, 135, 161),
(191, 8, 1, 20),
(192, 8, 2, 44),
(193, 8, 3, 46),
(194, 8, 4, 96),
(195, 8, 5, 102),
(196, 8, 6, 101),
(197, 8, 7, 163),
(198, 8, 8, 18),
(199, 8, 9, 93),
(200, 8, 10, 6),
(201, 8, 11, 105),
(202, 8, 12, 43),
(203, 8, 13, 45),
(204, 8, 14, 108),
(205, 8, 15, 164),
(206, 8, 16, 103),
(207, 8, 17, 110),
(208, 8, 18, 109),
(209, 8, 19, 117),
(210, 8, 20, 31),
(211, 8, 21, 120),
(212, 9, 1, 100),
(213, 9, 2, 104),
(214, 9, 3, 8),
(215, 9, 4, 39),
(216, 9, 5, 162),
(217, 9, 6, 15),
(218, 9, 7, 114),
(219, 9, 8, 113),
(220, 9, 9, 93),
(221, 9, 10, 108);

-- --------------------------------------------------------

--
-- Table structure for table `exhibitionsection`
--

CREATE TABLE IF NOT EXISTS `exhibitionsection` (
  `ID` int(11) NOT NULL AUTO_INCREMENT,
  `ExhibitionID` int(11) NOT NULL,
  `SectionNumber` int(11) NOT NULL,
  `SectionID` int(11) NOT NULL,
  PRIMARY KEY (`ID`),
  UNIQUE KEY `ExhibitionID` (`ExhibitionID`,`SectionNumber`),
  UNIQUE KEY `ExhibitionID_2` (`ExhibitionID`,`SectionID`)
) ENGINE=MyISAM  DEFAULT CHARSET=latin1 AUTO_INCREMENT=36 ;

--
-- Dumping data for table `exhibitionsection`
--

INSERT INTO `exhibitionsection` (`ID`, `ExhibitionID`, `SectionNumber`, `SectionID`) VALUES
(1, 3, 1, 1),
(2, 3, 2, 2),
(3, 3, 3, 3),
(4, 3, 4, 4),
(5, 3, 5, 6),
(6, 3, 6, 5),
(7, 3, 7, 7),
(8, 3, 8, 8),
(9, 3, 9, 9),
(10, 3, 10, 10),
(11, 2, 1, 11),
(12, 5, 1, 1),
(13, 5, 2, 2),
(14, 5, 3, 3),
(15, 5, 4, 4),
(16, 5, 5, 6),
(17, 5, 6, 5),
(18, 5, 7, 7),
(19, 5, 8, 8),
(20, 5, 9, 9),
(21, 5, 10, 10),
(22, 6, 1, 12),
(23, 7, 1, 1),
(24, 7, 2, 2),
(25, 7, 3, 3),
(26, 7, 4, 4),
(27, 7, 5, 6),
(28, 7, 6, 5),
(29, 7, 7, 7),
(30, 7, 8, 8),
(31, 7, 9, 9),
(32, 7, 10, 10),
(33, 8, 2012, 12),
(34, 8, 1, 13),
(35, 9, 1, 1);

-- --------------------------------------------------------

--
-- Table structure for table `exhibitiontrophyclass`
--

CREATE TABLE IF NOT EXISTS `exhibitiontrophyclass` (
  `id` int(11) NOT NULL AUTO_INCREMENT,
  `TrophyID` int(11) DEFAULT NULL,
  `ExhibitionClassID` int(11) DEFAULT NULL,
  PRIMARY KEY (`id`)
) ENGINE=InnoDB  DEFAULT CHARSET=latin1 AUTO_INCREMENT=576 ;

--
-- Dumping data for table `exhibitiontrophyclass`
--

INSERT INTO `exhibitiontrophyclass` (`id`, `TrophyID`, `ExhibitionClassID`) VALUES
(1, 3, 1),
(2, 3, 2),
(3, 3, 3),
(4, 3, 4),
(5, 3, 5),
(6, 3, 6),
(7, 3, 7),
(8, 3, 8),
(9, 3, 9),
(10, 3, 10),
(11, 3, 11),
(12, 3, 12),
(13, 3, 13),
(14, 3, 14),
(15, 3, 15),
(16, 3, 16),
(17, 3, 17),
(18, 3, 18),
(19, 3, 19),
(20, 3, 20),
(21, 3, 21),
(22, 3, 22),
(23, 3, 23),
(24, 3, 24),
(25, 3, 25),
(26, 3, 26),
(27, 3, 27),
(28, 2, 1),
(29, 2, 2),
(30, 4, 94),
(31, 4, 95),
(32, 4, 96),
(33, 4, 98),
(34, 5, 104),
(35, 5, 105),
(36, 5, 106),
(37, 5, 107),
(38, 6, 146),
(39, 6, 147),
(40, 6, 148),
(41, 6, 149),
(42, 6, 150),
(43, 6, 151),
(44, 6, 152),
(45, 7, 87),
(46, 7, 88),
(47, 7, 89),
(48, 7, 90),
(49, 7, 91),
(50, 7, 92),
(51, 7, 93),
(52, 7, 94),
(53, 7, 95),
(54, 7, 96),
(55, 7, 98),
(56, 7, 99),
(57, 7, 100),
(58, 7, 101),
(59, 7, 102),
(60, 7, 103),
(61, 7, 104),
(62, 7, 105),
(63, 7, 106),
(64, 7, 107),
(65, 7, 108),
(66, 7, 109),
(67, 7, 110),
(68, 7, 111),
(69, 7, 112),
(70, 7, 113),
(71, 7, 114),
(72, 7, 115),
(73, 7, 116),
(74, 7, 117),
(75, 7, 118),
(76, 7, 119),
(77, 7, 120),
(78, 7, 121),
(79, 7, 122),
(80, 7, 123),
(81, 7, 124),
(82, 7, 125),
(83, 7, 126),
(84, 7, 127),
(85, 7, 128),
(86, 7, 129),
(87, 7, 130),
(88, 7, 131),
(89, 7, 132),
(90, 7, 133),
(91, 7, 134),
(92, 7, 135),
(93, 7, 136),
(94, 7, 137),
(95, 7, 138),
(96, 7, 139),
(97, 7, 140),
(98, 7, 141),
(99, 7, 142),
(100, 7, 143),
(101, 7, 144),
(102, 7, 145),
(103, 7, 146),
(104, 7, 147),
(105, 7, 148),
(106, 7, 149),
(107, 7, 150),
(108, 7, 151),
(109, 7, 152),
(110, 7, 153),
(111, 7, 154),
(112, 7, 155),
(113, 7, 156),
(114, 7, 157),
(115, 7, 158),
(116, 7, 159),
(117, 7, 160),
(118, 7, 161),
(119, 7, 162),
(120, 7, 163),
(121, 7, 164),
(122, 7, 165),
(123, 7, 166),
(124, 7, 167),
(125, 7, 168),
(126, 7, 169),
(127, 7, 170),
(128, 7, 171),
(129, 7, 173),
(130, 7, 174),
(131, 7, 172),
(132, 8, 116),
(133, 8, 117),
(134, 8, 118),
(135, 8, 119),
(136, 8, 120),
(137, 8, 121),
(138, 8, 122),
(139, 8, 123),
(140, 8, 124),
(141, 8, 125),
(142, 8, 126),
(143, 8, 127),
(144, 8, 128),
(145, 8, 129),
(146, 8, 130),
(147, 8, 131),
(148, 8, 132),
(149, 8, 133),
(150, 8, 134),
(151, 8, 135),
(152, 8, 136),
(153, 8, 137),
(154, 9, 87),
(155, 9, 88),
(156, 9, 89),
(157, 9, 90),
(158, 9, 91),
(159, 9, 92),
(160, 9, 93),
(161, 9, 94),
(162, 9, 95),
(163, 9, 96),
(164, 9, 98),
(165, 9, 99),
(166, 9, 100),
(167, 9, 101),
(168, 9, 102),
(169, 9, 103),
(170, 9, 104),
(171, 9, 105),
(172, 9, 106),
(173, 9, 107),
(174, 9, 108),
(175, 9, 109),
(176, 9, 110),
(177, 9, 111),
(178, 9, 112),
(179, 9, 113),
(180, 9, 114),
(181, 9, 115),
(182, 10, 175),
(183, 10, 176),
(184, 10, 177),
(185, 10, 178),
(186, 10, 179),
(187, 10, 180),
(188, 10, 181),
(189, 10, 182),
(190, 10, 183),
(191, 10, 184),
(192, 10, 185),
(193, 10, 186),
(194, 10, 187),
(195, 10, 188),
(196, 10, 189),
(197, 10, 190),
(198, 10, 191),
(199, 10, 192),
(200, 10, 193),
(201, 10, 194),
(202, 10, 195),
(203, 10, 196),
(204, 10, 197),
(205, 10, 198),
(206, 10, 199),
(207, 10, 200),
(208, 10, 201),
(209, 10, 202),
(210, 10, 203),
(211, 10, 204),
(212, 10, 205),
(213, 10, 206),
(214, 10, 207),
(215, 11, 251),
(216, 11, 252),
(217, 11, 253),
(218, 11, 254),
(219, 11, 255),
(220, 11, 256),
(221, 11, 257),
(222, 11, 258),
(223, 11, 259),
(224, 11, 260),
(225, 11, 261),
(226, 11, 262),
(227, 11, 263),
(228, 11, 264),
(229, 11, 265),
(230, 11, 266),
(231, 11, 267),
(232, 11, 268),
(233, 11, 269),
(234, 11, 270),
(235, 11, 271),
(236, 11, 272),
(237, 12, 208),
(238, 12, 209),
(239, 12, 210),
(240, 12, 211),
(241, 12, 212),
(242, 12, 213),
(243, 12, 214),
(244, 12, 215),
(245, 12, 216),
(246, 12, 217),
(247, 12, 218),
(248, 12, 221),
(249, 12, 222),
(250, 12, 223),
(251, 12, 219),
(252, 12, 220),
(253, 12, 224),
(254, 12, 225),
(255, 12, 226),
(256, 12, 227),
(257, 12, 228),
(258, 12, 229),
(259, 12, 230),
(260, 12, 231),
(261, 12, 232),
(262, 12, 233),
(263, 12, 234),
(264, 12, 235),
(265, 13, 245),
(266, 13, 248),
(267, 13, 247),
(268, 13, 250),
(269, 13, 249),
(270, 13, 239),
(271, 13, 236),
(272, 13, 238),
(273, 13, 237),
(274, 13, 240),
(275, 13, 241),
(276, 13, 242),
(277, 13, 243),
(278, 13, 244),
(279, 13, 246),
(280, 14, 279),
(281, 14, 280),
(282, 14, 275),
(283, 14, 274),
(284, 14, 273),
(285, 14, 276),
(286, 14, 277),
(287, 14, 278),
(288, 15, 224),
(289, 15, 225),
(290, 15, 226),
(291, 15, 227),
(292, 16, 208),
(293, 16, 209),
(294, 16, 210),
(295, 16, 211),
(296, 16, 212),
(297, 16, 213),
(298, 16, 214),
(299, 16, 215),
(300, 16, 216),
(301, 16, 217),
(302, 16, 218),
(303, 16, 221),
(304, 16, 222),
(305, 16, 223),
(306, 16, 219),
(307, 16, 220),
(308, 16, 224),
(309, 16, 225),
(310, 16, 226),
(311, 16, 227),
(312, 16, 228),
(313, 16, 229),
(314, 16, 230),
(315, 16, 231),
(316, 16, 232),
(317, 16, 233),
(318, 16, 234),
(319, 16, 235),
(320, 16, 251),
(321, 16, 252),
(322, 16, 253),
(323, 16, 254),
(324, 16, 255),
(325, 16, 256),
(326, 16, 257),
(327, 16, 258),
(328, 16, 259),
(329, 16, 260),
(330, 16, 261),
(331, 16, 262),
(332, 16, 263),
(333, 16, 264),
(334, 16, 265),
(335, 16, 266),
(336, 16, 267),
(337, 16, 268),
(338, 16, 269),
(339, 16, 270),
(340, 16, 271),
(341, 16, 272),
(342, 16, 281),
(343, 16, 282),
(344, 16, 283),
(345, 16, 284),
(346, 16, 286),
(347, 16, 285),
(348, 16, 288),
(349, 16, 287),
(350, 16, 289),
(351, 16, 291),
(352, 16, 293),
(353, 16, 294),
(354, 16, 290),
(355, 16, 292),
(356, 16, 295),
(357, 16, 296),
(358, 16, 297),
(359, 16, 298),
(360, 16, 299),
(361, 16, 300),
(362, 16, 301),
(363, 16, 302),
(364, 16, 303),
(365, 16, 305),
(366, 16, 304),
(367, 16, 279),
(368, 16, 280),
(369, 16, 275),
(370, 16, 274),
(371, 16, 273),
(372, 16, 276),
(373, 16, 277),
(374, 16, 278),
(375, 17, 8),
(376, 17, 9),
(377, 17, 10),
(378, 17, 11),
(379, 18, 291),
(380, 18, 293),
(381, 18, 294),
(382, 18, 290),
(383, 18, 292),
(384, 18, 295),
(385, 18, 296),
(386, 18, 297),
(387, 19, 245),
(388, 19, 248),
(389, 19, 247),
(390, 19, 250),
(391, 19, 249),
(392, 19, 246),
(393, 20, 208),
(394, 20, 209),
(395, 20, 210),
(396, 20, 211),
(397, 20, 212),
(398, 20, 213),
(399, 20, 214),
(400, 20, 215),
(401, 20, 216),
(402, 20, 217),
(403, 20, 218),
(404, 20, 221),
(405, 20, 222),
(406, 20, 223),
(407, 20, 219),
(408, 20, 220),
(409, 20, 224),
(410, 20, 225),
(411, 20, 226),
(412, 20, 227),
(413, 20, 228),
(414, 20, 229),
(415, 20, 230),
(416, 20, 231),
(417, 20, 232),
(418, 20, 233),
(419, 20, 234),
(420, 20, 235),
(421, 20, 251),
(422, 20, 252),
(423, 20, 253),
(424, 20, 254),
(425, 20, 255),
(426, 20, 256),
(427, 20, 257),
(428, 20, 258),
(429, 20, 259),
(430, 20, 260),
(431, 20, 261),
(432, 20, 262),
(433, 20, 263),
(434, 20, 264),
(435, 20, 265),
(436, 20, 266),
(437, 20, 267),
(438, 20, 268),
(439, 20, 269),
(440, 20, 270),
(441, 20, 271),
(442, 20, 272),
(443, 20, 281),
(444, 20, 282),
(445, 20, 283),
(446, 20, 284),
(447, 20, 286),
(448, 20, 285),
(449, 20, 288),
(450, 20, 287),
(451, 20, 289),
(452, 20, 291),
(453, 20, 293),
(454, 20, 294),
(455, 20, 290),
(456, 20, 292),
(457, 20, 295),
(458, 20, 296),
(459, 20, 297),
(460, 20, 298),
(461, 20, 299),
(462, 20, 300),
(463, 20, 301),
(464, 20, 302),
(465, 20, 303),
(466, 20, 305),
(467, 20, 304),
(468, 20, 279),
(469, 20, 280),
(470, 20, 275),
(471, 20, 274),
(472, 20, 273),
(473, 20, 276),
(474, 20, 277),
(475, 20, 278),
(476, 21, 245),
(477, 21, 248),
(478, 21, 247),
(479, 21, 250),
(480, 21, 249),
(481, 21, 240),
(482, 21, 241),
(483, 21, 242),
(484, 21, 243),
(485, 21, 244),
(486, 21, 246),
(487, 22, 239),
(488, 22, 236),
(489, 22, 238),
(490, 22, 237),
(491, 23, 279),
(492, 23, 280),
(493, 23, 275),
(494, 23, 274),
(495, 23, 273),
(496, 23, 276),
(497, 23, 277),
(498, 23, 278),
(499, 24, 175),
(500, 24, 176),
(501, 24, 177),
(502, 24, 178),
(503, 24, 179),
(504, 24, 180),
(505, 24, 181),
(506, 24, 182),
(507, 24, 183),
(508, 24, 184),
(509, 24, 185),
(510, 24, 186),
(511, 24, 187),
(512, 24, 188),
(513, 24, 189),
(514, 24, 190),
(515, 24, 191),
(516, 24, 192),
(517, 24, 193),
(518, 24, 194),
(519, 24, 195),
(520, 24, 196),
(521, 24, 197),
(522, 24, 198),
(523, 24, 199),
(524, 24, 200),
(525, 24, 201),
(526, 24, 202),
(527, 24, 203),
(528, 24, 204),
(529, 24, 205),
(530, 24, 206),
(531, 24, 207),
(532, 25, 306),
(533, 25, 307),
(534, 25, 308),
(535, 25, 309),
(536, 25, 310),
(537, 25, 311),
(538, 25, 312),
(539, 25, 313),
(540, 25, 314),
(541, 25, 315),
(542, 25, 316),
(543, 25, 317),
(544, 25, 318),
(545, 25, 319),
(546, 25, 320),
(547, 25, 321),
(548, 25, 322),
(549, 25, 323),
(550, 25, 324),
(551, 25, 325),
(552, 25, 328),
(553, 25, 329),
(554, 25, 330),
(555, 25, 331),
(556, 25, 332),
(557, 25, 335),
(558, 25, 336),
(559, 25, 337),
(560, 25, 338),
(561, 25, 339),
(562, 25, 340),
(563, 25, 341),
(564, 25, 326),
(565, 25, 327),
(566, 25, 333),
(567, 25, 334),
(568, 25, 342),
(569, 25, 343),
(570, 26, 351),
(571, 26, 352),
(572, 26, 353),
(573, 26, 354),
(574, 27, 344),
(575, 27, 345);

-- --------------------------------------------------------

--
-- Table structure for table `exhibitor`
--

CREATE TABLE IF NOT EXISTS `exhibitor` (
  `ID` int(11) NOT NULL AUTO_INCREMENT,
  `Surname` varchar(255) NOT NULL,
  `Member` tinyint(1) NOT NULL DEFAULT '0',
  `Title` varchar(20) DEFAULT NULL,
  `Initials` varchar(20) DEFAULT NULL,
  PRIMARY KEY (`ID`),
  UNIQUE KEY `name` (`Surname`,`Initials`,`Title`)
) ENGINE=MyISAM  DEFAULT CHARSET=latin1 AUTO_INCREMENT=165 ;

--
-- Dumping data for table `exhibitor`
--

INSERT INTO `exhibitor` (`ID`, `Surname`, `Member`, `Title`, `Initials`) VALUES
(1, 'George', 0, 'Mr', 'P'),
(2, 'Payne', 0, 'Mrs', 'S M'),
(3, 'Clarke', 0, 'Mrs', NULL),
(4, 'Lee', 0, 'Mrs', NULL),
(5, 'Davey', 0, 'Mrs', NULL),
(6, 'Metcalfe', 1, 'Mrs', 'E'),
(7, 'Metcalfe', 0, 'Mr', 'A J'),
(8, 'Bird', 0, 'Mr', 'J'),
(9, 'Wagstaff', 0, 'Mrs', NULL),
(10, 'Ginn', 0, 'Mr', NULL),
(11, 'West', 0, 'Mrs', NULL),
(12, 'Fairey', 0, 'Mr', 'B'),
(13, 'Fairey', 0, 'Mrs', 'E R'),
(14, 'Davidson', 0, 'Mrs', 'J'),
(15, 'Dashwood', 0, 'Mrs', 'B'),
(16, 'Mynott', 0, 'Mr', NULL),
(17, 'Davidson', 0, 'Mr', 'H'),
(18, 'Harris', 1, 'Mrs', 'P'),
(19, 'Harris', 1, 'Mr', 'D'),
(20, 'Gray', 1, 'Mrs', 'P'),
(21, 'Kuzminski', 1, 'Mrs', 'E'),
(22, 'Clark', 1, 'Mrs', 'S'),
(23, 'Kuzminski', 1, 'Mr', 'A'),
(24, 'Livermore', 0, 'Mrs', 'E'),
(25, 'Char', 0, NULL, NULL),
(26, 'Livermore', 0, 'Mr', 'D'),
(27, 'Char', 0, NULL, NULL),
(28, 'Hurren', 0, 'Mr', 'P'),
(29, 'Livermore', 0, 'Mrs', NULL),
(30, 'Thomas', 0, 'Mrs', 'J'),
(31, 'Campbell', 1, 'Mrs', 'J'),
(32, 'Driver', 0, 'Mrs', 'V'),
(33, 'Watson', 0, 'Mrs', 'J'),
(34, 'Gray', 1, 'Mr', 'J'),
(35, 'Potts', 0, 'Mrs', 'F'),
(36, 'Scott', 0, 'Mrs', 'J E'),
(37, 'Scott', 0, 'Mr', NULL),
(38, 'Chalkley', 0, 'Mrs', 'P'),
(39, 'Brierley', 0, 'Mr', NULL),
(40, 'Cannon', 0, 'Mrs', NULL),
(41, 'Beatie', 0, NULL, 'J'),
(42, 'Southwood', 0, NULL, 'J'),
(43, 'Ball', 1, 'Mrs', NULL),
(44, 'Filby', 1, 'Mrs', 'A'),
(45, 'Filby', 1, 'Mr', NULL),
(46, 'Camp', 0, NULL, 'M'),
(47, 'Palfreyman', 0, 'Mrs', 'J'),
(48, 'Camp', 0, 'Mrs', 'A'),
(49, 'Hailey', 0, 'Mrs', NULL),
(50, 'Palfreyman', 0, 'Mrs', NULL),
(51, 'Gammon', 0, 'Mrs', 'C R'),
(52, 'Rusted', 0, 'Mrs', 'S'),
(53, 'Palfreyman', 0, 'Mr', NULL),
(54, 'Campbell', 0, NULL, 'Annabelle'),
(55, 'Goddard', 0, NULL, 'Lotte'),
(56, 'Groves', 0, NULL, 'Maddy'),
(57, 'Hughes', 0, NULL, 'Emily'),
(58, 'Knight', 0, NULL, 'Amber'),
(59, 'Knight', 0, NULL, 'Jasmine'),
(60, 'Mills', 0, NULL, 'Eleanor'),
(61, 'Lucas', 0, NULL, 'Zoe'),
(62, 'Pearce', 0, NULL, 'Lucy'),
(63, 'Prior', 0, NULL, 'Sophie'),
(64, 'Sell', 0, NULL, 'Bethany'),
(65, 'Whinray-Edwards', 0, NULL, 'Robyn'),
(66, 'Wilcox', 0, NULL, 'Ellie'),
(67, 'Wilcox', 0, NULL, 'Neave'),
(68, 'Stokes', 0, NULL, 'Jade'),
(69, 'Isabelle', 0, NULL, NULL),
(70, 'Bailey', 0, NULL, NULL),
(71, 'Darragh', 0, NULL, NULL),
(72, 'Elle-May', 0, NULL, NULL),
(73, 'Amy', 0, NULL, NULL),
(74, 'Beth', 0, NULL, NULL),
(75, 'Amelia', 0, NULL, NULL),
(76, 'Matilda', 0, NULL, NULL),
(77, 'Rio', 0, NULL, NULL),
(78, 'Ella', 0, NULL, NULL),
(79, 'Jake', 0, NULL, NULL),
(80, 'Jack', 0, NULL, NULL),
(81, 'Gabriella', 0, NULL, NULL),
(82, 'Raphael', 0, NULL, NULL),
(83, 'Owen', 0, NULL, NULL),
(84, 'Raphael', 0, NULL, NULL),
(85, 'Rhys', 0, NULL, NULL),
(86, 'Summer', 0, NULL, NULL),
(87, 'Jarral', 0, NULL, 'Z'),
(88, 'Charsley', 0, NULL, 'R'),
(89, 'Charsley', 0, NULL, 'R'),
(90, 'Charsley', 0, NULL, 'N'),
(91, 'Gray', 0, NULL, 'Pat'),
(92, 'Harris', 0, NULL, 'Pam'),
(93, 'Charsley', 0, NULL, 'Rosemary'),
(94, 'Metcalfe', 0, NULL, 'Eunice'),
(95, 'Harris', 0, NULL, 'Don'),
(96, 'Smith', 0, NULL, 'Iris'),
(97, 'Turner', 0, NULL, 'Chris'),
(98, 'Kuzminski', 0, NULL, 'Adam'),
(99, 'UNKNOWN', 0, NULL, NULL),
(100, 'Camp', 1, NULL, 'Mick'),
(101, 'Willans', 0, NULL, 'Thelma'),
(102, 'Kuzminski', 0, NULL, 'Liz'),
(103, 'Page', 0, NULL, 'Mary'),
(104, 'Camp', 0, NULL, 'Angela'),
(105, 'Wagstaff', 1, NULL, 'Vera'),
(106, 'Ephgrave', 1, NULL, 'Barbara'),
(107, 'Ephgrave', 0, NULL, 'Martin'),
(108, 'Collins', 0, NULL, 'Bobbie'),
(109, 'Luker', 0, NULL, 'Martin'),
(110, 'Luker', 0, NULL, 'Angela'),
(111, 'Barker', 0, NULL, 'Carol'),
(112, 'Robinson', 0, NULL, 'Pat'),
(113, 'Furze', 0, NULL, 'Helen'),
(114, 'Gates', 0, NULL, 'Shirley'),
(115, 'Harnden', 0, NULL, 'Monica'),
(116, 'Hamblin', 0, NULL, 'Shirley'),
(117, 'Watson', 0, NULL, 'Jean'),
(118, 'Kirke', 0, NULL, 'Maired'),
(119, 'Scott', 0, NULL, 'Karen'),
(120, 'Scott', 1, NULL, 'Arthur'),
(121, 'Hayward', 0, NULL, 'Janet'),
(122, 'Mills', 0, 'Mr', 'P M'),
(123, 'Eley', 0, 'Mrs', 'D'),
(124, 'Hoskins', 1, 'Mrs', 'J F E'),
(125, 'Horley', 1, 'Mrs', 'S'),
(126, 'Smart', 0, 'Mr', 'R T'),
(127, 'Ginn', 0, 'Mrs', 'A'),
(128, 'Saville', 0, 'Mr', 'D'),
(129, 'Paxton', 0, 'Mr', 'Chris'),
(130, 'Metcalfe', 0, 'Mrs', 'Ann'),
(131, 'Clark', 0, 'Mr', 'P'),
(132, 'Stokes', 0, NULL, 'Jade'),
(133, 'Thomas', 0, NULL, 'Mary'),
(134, 'Over', 0, NULL, 'Francesca'),
(135, 'Lewis', 0, NULL, 'Abi'),
(136, 'Rashid', 0, NULL, 'Shakirah'),
(137, 'Parkin', 0, NULL, 'Lola'),
(138, 'Lalli', 0, NULL, 'Gursimran'),
(139, 'Lalli', 0, NULL, 'Sukhmani'),
(140, 'O''Connor', 0, NULL, 'Caitlin'),
(141, 'Lucas', 0, NULL, 'Amy'),
(142, 'Williams', 0, NULL, 'Joshua'),
(143, 'Baxter', 0, NULL, 'Eden'),
(144, 'Hand', 0, NULL, 'Rosie'),
(145, 'Jones', 0, NULL, 'Bettsie'),
(146, 'Wright', 0, NULL, 'Charlotte'),
(147, 'MacDonald', 0, NULL, 'Samuel'),
(148, 'Cotterell', 0, NULL, 'Millie'),
(149, 'Bennet', 0, NULL, 'Xander'),
(150, 'Gillham', 0, NULL, 'Anna'),
(151, 'Rees', 0, NULL, 'Charlotte'),
(152, 'Macheod', 0, NULL, 'Isla'),
(153, 'Briffitt', 0, NULL, 'Sophie'),
(154, 'Medland', 0, NULL, 'Casey'),
(155, 'Catlin', 0, NULL, 'Harry'),
(156, 'St Mary''s', 0, NULL, 'Year 5'),
(157, 'St Mary''s', 0, NULL, 'Year 3'),
(158, 'St Mary''s', 0, NULL, 'Year 4'),
(159, 'St Mary''s', 0, NULL, 'Garden Club'),
(160, 'Mills', 0, NULL, 'Luke'),
(161, 'Collison', 0, NULL, 'Rebecca'),
(162, 'Charsley', 0, 'Mr', 'N.A.'),
(163, 'Hiorns', 1, 'Mrs', 'G'),
(164, 'Keech', 1, 'Mrs', 'G');

-- --------------------------------------------------------

--
-- Table structure for table `prize`
--

CREATE TABLE IF NOT EXISTS `prize` (
  `ID` int(11) NOT NULL AUTO_INCREMENT,
  `Name` varchar(255) NOT NULL,
  `Prize` decimal(10,2) DEFAULT NULL,
  `Points` int(11) DEFAULT NULL,
  PRIMARY KEY (`ID`),
  UNIQUE KEY `Name` (`Name`)
) ENGINE=MyISAM  DEFAULT CHARSET=latin1 AUTO_INCREMENT=4 ;

--
-- Dumping data for table `prize`
--

INSERT INTO `prize` (`ID`, `Name`, `Prize`, `Points`) VALUES
(1, 'First', 1.00, 3),
(2, 'Second', 0.80, 2),
(3, 'Third', 0.50, 1);

-- --------------------------------------------------------

--
-- Table structure for table `section`
--

CREATE TABLE IF NOT EXISTS `section` (
  `ID` int(11) NOT NULL AUTO_INCREMENT,
  `Name` varchar(255) NOT NULL,
  `Description` varchar(255) DEFAULT NULL,
  PRIMARY KEY (`ID`),
  UNIQUE KEY `Name` (`Name`)
) ENGINE=MyISAM  DEFAULT CHARSET=latin1 AUTO_INCREMENT=14 ;

--
-- Dumping data for table `section`
--

INSERT INTO `section` (`ID`, `Name`, `Description`) VALUES
(1, 'Flowers', NULL),
(2, 'Pot Plants', NULL),
(3, 'Vegetables', NULL),
(4, 'Fruit', NULL),
(5, 'Homecraft', NULL),
(6, 'Floral Art', NULL),
(7, 'Photography', NULL),
(8, 'Art', NULL),
(9, 'Needlecraft/Hobbies', NULL),
(10, 'Children', NULL),
(11, '2009 Section 1', NULL),
(12, 'Spring Show', 'All Classes'),
(13, '2012 Spring Show', NULL);

-- --------------------------------------------------------

--
-- Table structure for table `sponsorship`
--

CREATE TABLE IF NOT EXISTS `sponsorship` (
  `ID` int(11) NOT NULL AUTO_INCREMENT,
  `Name` varchar(255) NOT NULL,
  `ExhibitionClassPrizeID` int(11) NOT NULL,
  `Prize` varchar(20) NOT NULL,
  PRIMARY KEY (`ID`),
  UNIQUE KEY `Name` (`Name`)
) ENGINE=MyISAM  DEFAULT CHARSET=latin1 AUTO_INCREMENT=21 ;

--
-- Dumping data for table `sponsorship`
--

INSERT INTO `sponsorship` (`ID`, `Name`, `ExhibitionClassPrizeID`, `Prize`) VALUES
(1, 'Sweet Pea 1', 164, 'Unwin Voucher'),
(2, 'Sweet Pea 2', 165, 'Unwin Voucher'),
(3, 'Vase of Flowers 1', 184, '£5 Mrs Gray'),
(4, 'Vase of Flowers 2', 159, '£3 Mrs Gray'),
(5, 'Vase of Flowers 3', 159, '£2 Mrs Gray'),
(6, 'Patio Pot 1', 159, '£7 Hardware Voucher'),
(7, 'Patio Pot 2', 159, '£3 Hardware Voucher'),
(8, 'Begonias', 159, 'Unwin Voucher'),
(9, 'Flowering Plant 1', 159, '£10 Bickerdike Vouch'),
(10, 'Flowering Plant 2', 159, '£5 Bickerdike Vouche'),
(11, 'Foliage Plant 1', 159, '£10 Bickerdike Vouch'),
(12, 'Foliage Plant 2', 159, '£5 Bickerdike Vouche'),
(13, 'Hanging Basket 1', 159, '£8 Keeble Voucher'),
(14, 'Hanging Basket 2', 159, '£6 Keeble Voucher'),
(15, 'Hanging Basket 3', 159, '£4 Keeble Voucher'),
(16, 'Potatoes 1', 159, 'Unwin Voucher'),
(17, 'Veg & Flower 1', 159, 'Unwin Voucher'),
(18, 'Football World Cup 1', 159, '£6 Baldock Flowers V'),
(19, 'Football World Cup 2', 159, '£4 Baldock Flower Vo'),
(20, 'Football World Cup 3', 159, '£3 Baldock Flower Vo');

-- --------------------------------------------------------

--
-- Table structure for table `trophy`
--

CREATE TABLE IF NOT EXISTS `trophy` (
  `ID` int(11) NOT NULL AUTO_INCREMENT,
  `ExhibitionID` int(11) NOT NULL,
  `Name` varchar(255) NOT NULL,
  `Member` binary(1) NOT NULL DEFAULT '0',
  PRIMARY KEY (`ID`),
  UNIQUE KEY `trophy_index01` (`ExhibitionID`,`Name`),
  KEY `Name` (`Name`)
) ENGINE=MyISAM  DEFAULT CHARSET=latin1 AUTO_INCREMENT=28 ;

--
-- Dumping data for table `trophy`
--

INSERT INTO `trophy` (`ID`, `ExhibitionID`, `Name`, `Member`) VALUES
(2, 3, 'Sweet Pea', '0'),
(3, 3, 'Flowers', '0'),
(4, 5, 'George Ashton Shield', '0'),
(5, 5, 'Don Kenny Cup', '0'),
(6, 5, 'Scott Shield', '0'),
(7, 5, 'Sheild for most points in Show', '0'),
(8, 5, 'Cup for most points in Vegetables', '0'),
(9, 5, 'Cup for most points in Flowers & Pot Plants', '0'),
(10, 6, 'Glass', '0'),
(11, 7, 'Most Points Vegetables', '0'),
(12, 7, 'Most Points Flowers & Pot Plants', '0'),
(13, 2, 'Most Points Children 7/11', '0'),
(14, 2, 'Most Points Needlecraft/Hobbies', '0'),
(15, 7, 'Don Kenny Trophy', '0'),
(16, 2, 'Most Points in Show', '0'),
(17, 7, 'George Ashton Shield', '0'),
(18, 7, 'Scott Shield', '0'),
(19, 7, 'Baldock School', '0'),
(20, 7, 'Most Points in Show', '0'),
(21, 7, 'Most Points Children 7/11', '0'),
(22, 7, 'Medal Children 3/6', '0'),
(23, 7, 'Most Points Needlecraft/Hobbies', '0'),
(24, 6, 'Most Points in Show', '0'),
(25, 8, 'Most Points in Show', '0'),
(26, 8, 'George Ashton Shield', '0'),
(27, 2, 'Most Points Sweet Peas 1/2', '0');

-- --------------------------------------------------------

--
-- Stand-in structure for view `trophyresults`
--
CREATE TABLE IF NOT EXISTS `trophyresults` (
`TrophyID` int(11)
,`ExhibitorID` int(11)
,`Points` decimal(32,0)
);
-- --------------------------------------------------------

--
-- Structure for view `defaultexhibitionclassprize`
--
DROP TABLE IF EXISTS `defaultexhibitionclassprize`;

CREATE ALGORITHM=UNDEFINED DEFINER=`ShowManager`@`localhost` SQL SECURITY DEFINER VIEW `defaultexhibitionclassprize` AS select `exhibitionclassprize`.`ID` AS `ID`,`exhibitionclassprize`.`ExhibitionClassID` AS `ExhibitionClassID`,`exhibitionclassprize`.`PrizeID` AS `PrizeID`,`exhibitionclassprize`.`Prize` AS `Prize`,`exhibitionclassprize`.`Points` AS `Points`,`exhibitionclassprize`.`ExhibitionExhibitorID` AS `ExhibitionExhibitorID` from `exhibitionclassprize` where `exhibitionclassprize`.`ExhibitionClassID` in (select `exhibitionclass`.`ID` AS `ID` from (`exhibitionclass` join `defaults` on((`defaults`.`ShowID` = `exhibitionclass`.`ExhibitionID`))));

-- --------------------------------------------------------

--
-- Structure for view `defaultexhibitionexhibitor`
--
DROP TABLE IF EXISTS `defaultexhibitionexhibitor`;

CREATE ALGORITHM=UNDEFINED DEFINER=`root`@`localhost` SQL SECURITY DEFINER VIEW `defaultexhibitionexhibitor` AS select `exhibitionexhibitor`.`ID` AS `ID`,`exhibitionexhibitor`.`ExhibitionID` AS `ExhibitionID`,`exhibitionexhibitor`.`ExhibitorNumber` AS `ExhibitorNumber`,`exhibitionexhibitor`.`ExhibitorID` AS `ExhibitorID` from (`exhibitionexhibitor` join `defaults` on((`defaults`.`ShowID` = `exhibitionexhibitor`.`ExhibitionID`)));

-- --------------------------------------------------------

--
-- Structure for view `defaultexhibitionsection`
--
DROP TABLE IF EXISTS `defaultexhibitionsection`;

CREATE ALGORITHM=UNDEFINED DEFINER=`root`@`localhost` SQL SECURITY DEFINER VIEW `defaultexhibitionsection` AS select `exhibitionsection`.`ID` AS `ID`,`exhibitionsection`.`SectionNumber` AS `SectionNumber`,`section`.`Name` AS `Name` from ((`exhibitionsection` join `defaults` on((`defaults`.`ShowID` = `exhibitionsection`.`ExhibitionID`))) join `section` on((`section`.`ID` = `exhibitionsection`.`SectionID`)));

-- --------------------------------------------------------

--
-- Structure for view `defaultprizefund`
--
DROP TABLE IF EXISTS `defaultprizefund`;

CREATE ALGORITHM=UNDEFINED DEFINER=`ShowManager`@`localhost` SQL SECURITY DEFINER VIEW `defaultprizefund` AS select `exhibitor`.`ID` AS `ID`,sum(`exhibitionclassprize`.`Prize`) AS `Prize`,sum(`exhibitionclassprize`.`Points`) AS `Points` from ((((`exhibitionclass` join `defaults` on((`exhibitionclass`.`ExhibitionID` = `defaults`.`ShowID`))) join `exhibitionclassprize` on((`exhibitionclass`.`ID` = `exhibitionclassprize`.`ExhibitionClassID`))) join `exhibitionexhibitor` on((`exhibitionclassprize`.`ExhibitionExhibitorID` = `exhibitionexhibitor`.`ID`))) join `exhibitor` on((`exhibitionexhibitor`.`ExhibitorID` = `exhibitor`.`ID`))) group by `exhibitor`.`ID`;

-- --------------------------------------------------------

--
-- Structure for view `trophyresults`
--
DROP TABLE IF EXISTS `trophyresults`;

CREATE ALGORITHM=UNDEFINED DEFINER=`ShowManager`@`localhost` SQL SECURITY DEFINER VIEW `trophyresults` AS select `trophy`.`ID` AS `TrophyID`,`exhibitionexhibitor`.`ExhibitorID` AS `ExhibitorID`,sum(`exhibitionclassprize`.`Points`) AS `Points` from (((`trophy` join `exhibitiontrophyclass` on((`trophy`.`ID` = `exhibitiontrophyclass`.`TrophyID`))) join `exhibitionclassprize` on((`exhibitiontrophyclass`.`ExhibitionClassID` = `exhibitionclassprize`.`ExhibitionClassID`))) join `exhibitionexhibitor` on((`exhibitionclassprize`.`ExhibitionExhibitorID` = `exhibitionexhibitor`.`ID`))) group by `trophy`.`ID`,`trophy`.`Name`,`exhibitionexhibitor`.`ExhibitorID` order by `trophy`.`ID`,sum(`exhibitionclassprize`.`Points`) desc;
