<?xml version="1.0" encoding="UTF-8"?>
<database>
 <table>
  <name>class</name>
  <declaration>
   <field>
    <name>ID</name>
    <type>integer</type>
    <length>11</length>
    <autoincrement>true</autoincrement>
    <notnull>true</notnull>
   </field>
   <field>
    <name>Name</name>
    <type>text</type>
    <length>255</length>
    <notnull>true</notnull>
   </field>
   <field>
    <name>Description</name>
    <type>text</type>
    <length>255</length>
   </field>
   <index>
    <name>primary</name>
    <primary>true</primary>
    <unique>true</unique>
    <field>
     <name>ID</name>
    </field>
   </index>
   <index>
    <name>Name</name>
    <unique>true</unique>
    <field>
     <name>Name</name>
    </field>
    <field>
     <name>Description</name>
    </field>
   </index>
  </declaration>
 </table>
 <table>
  <name>defaultexhibitionclass</name>
  <declaration>
   <field>
    <name>ID</name>
    <type>integer</type>
    <length>11</length>
    <notnull>true</notnull>
    <default>0</default>
   </field>
   <field>
    <name>ExhibitionID</name>
    <type>integer</type>
    <length>11</length>
    <notnull>true</notnull>
    <default>0</default>
   </field>
   <field>
    <name>ExhibitionSectionID</name>
    <type>integer</type>
    <length>11</length>
    <notnull>true</notnull>
    <default>0</default>
   </field>
   <field>
    <name>ClassNumber</name>
    <type>text</type>
    <length>10</length>
    <notnull>true</notnull>
   </field>
   <field>
    <name>ClassID</name>
    <type>integer</type>
    <length>11</length>
    <notnull>true</notnull>
    <default>0</default>
   </field>
  </declaration>
 </table>
 <table>
  <name>defaultexhibitionclassprize</name>
  <declaration>
   <field>
    <name>ID</name>
    <type>integer</type>
    <length>11</length>
    <notnull>true</notnull>
    <default>0</default>
   </field>
   <field>
    <name>ExhibitionClassID</name>
    <type>integer</type>
    <length>11</length>
    <notnull>true</notnull>
    <default>0</default>
   </field>
   <field>
    <name>PrizeID</name>
    <type>integer</type>
    <length>11</length>
    <notnull>true</notnull>
    <default>0</default>
   </field>
   <field>
    <name>Prize</name>
    <type>decimal</type>
    <length>10</length>
   </field>
   <field>
    <name>Points</name>
    <type>integer</type>
    <length>11</length>
   </field>
   <field>
    <name>ExhibitionExhibitorID</name>
    <type>integer</type>
    <length>11</length>
   </field>
  </declaration>
 </table>
 <table>
  <name>defaultexhibitionexhibitor</name>
  <declaration>
   <field>
    <name>ID</name>
    <type>integer</type>
    <length>11</length>
    <notnull>true</notnull>
    <default>0</default>
   </field>
   <field>
    <name>ExhibitionID</name>
    <type>integer</type>
    <length>11</length>
    <notnull>true</notnull>
    <default>7</default>
   </field>
   <field>
    <name>ExhibitorNumber</name>
    <type>integer</type>
    <length>11</length>
    <notnull>true</notnull>
    <default>0</default>
   </field>
   <field>
    <name>ExhibitorID</name>
    <type>integer</type>
    <length>11</length>
    <notnull>true</notnull>
    <default>0</default>
   </field>
  </declaration>
 </table>
 <table>
  <name>defaultexhibitionsection</name>
  <declaration>
   <field>
    <name>ID</name>
    <type>integer</type>
    <length>11</length>
    <notnull>true</notnull>
    <default>0</default>
   </field>
   <field>
    <name>SectionNumber</name>
    <type>text</type>
    <length>20</length>
    <notnull>true</notnull>
   </field>
   <field>
    <name>Name</name>
    <type>text</type>
    <length>255</length>
    <notnull>true</notnull>
   </field>
  </declaration>
 </table>
 <table>
  <name>defaultexhibitiontrophyclass</name>
  <declaration>
   <field>
    <name>id</name>
    <type>integer</type>
    <length>11</length>
    <notnull>true</notnull>
    <default>0</default>
   </field>
   <field>
    <name>trophyid</name>
    <type>integer</type>
    <length>11</length>
   </field>
   <field>
    <name>exhibitionclassid</name>
    <type>integer</type>
    <length>11</length>
   </field>
  </declaration>
 </table>
 <table>
  <name>defaultprizefund</name>
  <declaration>
   <field>
    <name>ID</name>
    <type>integer</type>
    <length>11</length>
    <notnull>true</notnull>
    <default>0</default>
   </field>
   <field>
    <name>Prize</name>
    <type>decimal</type>
    <length>32</length>
   </field>
   <field>
    <name>Points</name>
    <type>decimal</type>
    <length>32</length>
   </field>
  </declaration>
 </table>
 <table>
  <name>defaults</name>
  <declaration>
   <field>
    <name>ID</name>
    <type>integer</type>
    <length>11</length>
    <autoincrement>true</autoincrement>
    <notnull>true</notnull>
   </field>
   <field>
    <name>ShowName</name>
    <type>text</type>
    <length>255</length>
   </field>
   <field>
    <name>ShowID</name>
    <type>integer</type>
    <length>11</length>
   </field>
   <index>
    <name>primary</name>
    <primary>true</primary>
    <unique>true</unique>
    <field>
     <name>ID</name>
    </field>
   </index>
   <index>
    <name>fk_defaults_exhibition_idx</name>
    <field>
     <name>ShowID</name>
    </field>
   </index>
  </declaration>
 </table>
 <table>
  <name>exhibition</name>
  <declaration>
   <field>
    <name>ID</name>
    <type>integer</type>
    <length>11</length>
    <autoincrement>true</autoincrement>
    <notnull>true</notnull>
   </field>
   <field>
    <name>Name</name>
    <type>text</type>
    <length>255</length>
    <notnull>true</notnull>
   </field>
   <index>
    <name>primary</name>
    <primary>true</primary>
    <unique>true</unique>
    <field>
     <name>ID</name>
    </field>
   </index>
   <index>
    <name>Name</name>
    <unique>true</unique>
    <field>
     <name>Name</name>
    </field>
   </index>
  </declaration>
 </table>
 <table>
  <name>exhibitionclass</name>
  <declaration>
   <field>
    <name>ID</name>
    <type>integer</type>
    <length>11</length>
    <autoincrement>true</autoincrement>
    <notnull>true</notnull>
   </field>
   <field>
    <name>ExhibitionID</name>
    <type>integer</type>
    <length>11</length>
    <notnull>true</notnull>
    <default>0</default>
   </field>
   <field>
    <name>ExhibitionSectionID</name>
    <type>integer</type>
    <length>11</length>
    <notnull>true</notnull>
    <default>0</default>
   </field>
   <field>
    <name>ClassNumber</name>
    <type>text</type>
    <length>10</length>
    <notnull>true</notnull>
   </field>
   <field>
    <name>ClassID</name>
    <type>integer</type>
    <length>11</length>
    <notnull>true</notnull>
    <default>0</default>
   </field>
   <index>
    <name>primary</name>
    <primary>true</primary>
    <unique>true</unique>
    <field>
     <name>ID</name>
    </field>
   </index>
   <index>
    <name>ExhibitionID</name>
    <unique>true</unique>
    <field>
     <name>ExhibitionID</name>
    </field>
    <field>
     <name>ExhibitionSectionID</name>
    </field>
    <field>
     <name>ClassID</name>
    </field>
   </index>
   <index>
    <name>ExhibitionID_2</name>
    <unique>true</unique>
    <field>
     <name>ExhibitionID</name>
    </field>
    <field>
     <name>ClassNumber</name>
    </field>
   </index>
   <index>
    <name>fexhibitionk_exhibitionclass__idx</name>
    <field>
     <name>ExhibitionID</name>
    </field>
   </index>
   <index>
    <name>fk_exhibitionclass_ExhibitionSection_idx</name>
    <field>
     <name>ExhibitionSectionID</name>
    </field>
   </index>
   <index>
    <name>fk_exhibitionclass__idx</name>
    <field>
     <name>ClassID</name>
    </field>
   </index>
  </declaration>
 </table>
 <table>
  <name>exhibitionclassprize</name>
  <declaration>
   <field>
    <name>ID</name>
    <type>integer</type>
    <length>11</length>
    <autoincrement>true</autoincrement>
    <notnull>true</notnull>
   </field>
   <field>
    <name>ExhibitionClassID</name>
    <type>integer</type>
    <length>11</length>
    <notnull>true</notnull>
    <default>0</default>
   </field>
   <field>
    <name>PrizeID</name>
    <type>integer</type>
    <length>11</length>
    <notnull>true</notnull>
    <default>0</default>
   </field>
   <field>
    <name>Prize</name>
    <type>decimal</type>
    <length>10</length>
   </field>
   <field>
    <name>Points</name>
    <type>integer</type>
    <length>11</length>
   </field>
   <field>
    <name>ExhibitionExhibitorID</name>
    <type>integer</type>
    <length>11</length>
   </field>
   <index>
    <name>primary</name>
    <primary>true</primary>
    <unique>true</unique>
    <field>
     <name>ID</name>
    </field>
   </index>
   <index>
    <name>fk__idx</name>
    <field>
     <name>PrizeID</name>
    </field>
   </index>
   <index>
    <name>fk_exhibitionclassprize_exhibitionclass_idx</name>
    <field>
     <name>ExhibitionClassID</name>
    </field>
   </index>
   <index>
    <name>fk_exhibitionclassprize_exhibitionexhibitor_idx</name>
    <field>
     <name>ExhibitionExhibitorID</name>
    </field>
   </index>
  </declaration>
 </table>
 <table>
  <name>exhibitionexhibitor</name>
  <declaration>
   <field>
    <name>ID</name>
    <type>integer</type>
    <length>11</length>
    <autoincrement>true</autoincrement>
    <notnull>true</notnull>
   </field>
   <field>
    <name>ExhibitionID</name>
    <type>integer</type>
    <length>11</length>
    <notnull>true</notnull>
    <default>7</default>
   </field>
   <field>
    <name>ExhibitorNumber</name>
    <type>integer</type>
    <length>11</length>
    <notnull>true</notnull>
    <default>0</default>
   </field>
   <field>
    <name>ExhibitorID</name>
    <type>integer</type>
    <length>11</length>
    <notnull>true</notnull>
    <default>0</default>
   </field>
   <index>
    <name>primary</name>
    <primary>true</primary>
    <unique>true</unique>
    <field>
     <name>ID</name>
    </field>
   </index>
   <index>
    <name>ExhibitionID</name>
    <unique>true</unique>
    <field>
     <name>ExhibitionID</name>
    </field>
    <field>
     <name>ExhibitorNumber</name>
    </field>
   </index>
   <index>
    <name>ExhibitionID_2</name>
    <unique>true</unique>
    <field>
     <name>ExhibitionID</name>
    </field>
    <field>
     <name>ExhibitorID</name>
    </field>
   </index>
   <index>
    <name>fk_sponsorship__idx</name>
    <field>
     <name>ExhibitionID</name>
    </field>
   </index>
   <index>
    <name>fk_exhibitionexhibitor_exhibitor_idx</name>
    <field>
     <name>ExhibitorID</name>
    </field>
   </index>
  </declaration>
 </table>
 <table>
  <name>exhibitionsection</name>
  <declaration>
   <field>
    <name>ID</name>
    <type>integer</type>
    <length>11</length>
    <autoincrement>true</autoincrement>
    <notnull>true</notnull>
   </field>
   <field>
    <name>ExhibitionID</name>
    <type>integer</type>
    <length>11</length>
    <notnull>true</notnull>
    <default>0</default>
   </field>
   <field>
    <name>SectionNumber</name>
    <type>text</type>
    <length>20</length>
    <notnull>true</notnull>
   </field>
   <field>
    <name>SectionID</name>
    <type>integer</type>
    <length>11</length>
    <notnull>true</notnull>
    <default>0</default>
   </field>
   <index>
    <name>primary</name>
    <primary>true</primary>
    <unique>true</unique>
    <field>
     <name>ID</name>
    </field>
   </index>
   <index>
    <name>ExhibitionID</name>
    <unique>true</unique>
    <field>
     <name>ExhibitionID</name>
    </field>
    <field>
     <name>SectionNumber</name>
    </field>
   </index>
   <index>
    <name>ExhibitionID_2</name>
    <unique>true</unique>
    <field>
     <name>ExhibitionID</name>
    </field>
    <field>
     <name>SectionID</name>
    </field>
   </index>
   <index>
    <name>fk_exhibitionsection_exhibition_idx</name>
    <field>
     <name>ExhibitionID</name>
    </field>
   </index>
   <index>
    <name>fk_exhibitionsection_section_idx</name>
    <field>
     <name>SectionID</name>
    </field>
   </index>
  </declaration>
 </table>
 <table>
  <name>exhibitiontrophyclass</name>
  <declaration>
   <field>
    <name>ID</name>
    <type>integer</type>
    <length>11</length>
    <autoincrement>true</autoincrement>
    <notnull>true</notnull>
   </field>
   <field>
    <name>TrophyID</name>
    <type>integer</type>
    <length>11</length>
   </field>
   <field>
    <name>ExhibitionClassID</name>
    <type>integer</type>
    <length>11</length>
   </field>
   <index>
    <name>primary</name>
    <primary>true</primary>
    <unique>true</unique>
    <field>
     <name>ID</name>
    </field>
   </index>
   <index>
    <name>fk_exhibitiontrophyclass_trophy_idx</name>
    <field>
     <name>TrophyID</name>
    </field>
   </index>
   <index>
    <name>fk_exhibitiontrophyclass_exhibitionclass_idx</name>
    <field>
     <name>ExhibitionClassID</name>
    </field>
   </index>
  </declaration>
 </table>
 <table>
  <name>exhibitor</name>
  <declaration>
   <field>
    <name>ID</name>
    <type>integer</type>
    <length>11</length>
    <autoincrement>true</autoincrement>
    <notnull>true</notnull>
   </field>
   <field>
    <name>Surname</name>
    <type>text</type>
    <length>255</length>
    <notnull>true</notnull>
   </field>
   <field>
    <name>Member</name>
    <type>boolean</type>
    <notnull>true</notnull>
    <default>false</default>
   </field>
   <field>
    <name>Title</name>
    <type>text</type>
    <length>20</length>
   </field>
   <field>
    <name>Initials</name>
    <type>text</type>
    <length>20</length>
   </field>
   <index>
    <name>primary</name>
    <primary>true</primary>
    <unique>true</unique>
    <field>
     <name>ID</name>
    </field>
   </index>
   <index>
    <name>name</name>
    <unique>true</unique>
    <field>
     <name>Surname</name>
    </field>
    <field>
     <name>Initials</name>
    </field>
    <field>
     <name>Title</name>
    </field>
   </index>
  </declaration>
 </table>
 <table>
  <name>prize</name>
  <declaration>
   <field>
    <name>ID</name>
    <type>integer</type>
    <length>11</length>
    <autoincrement>true</autoincrement>
    <notnull>true</notnull>
   </field>
   <field>
    <name>Name</name>
    <type>text</type>
    <length>255</length>
    <notnull>true</notnull>
   </field>
   <field>
    <name>Prize</name>
    <type>decimal</type>
    <length>10</length>
   </field>
   <field>
    <name>Points</name>
    <type>integer</type>
    <length>11</length>
   </field>
   <index>
    <name>primary</name>
    <primary>true</primary>
    <unique>true</unique>
    <field>
     <name>ID</name>
    </field>
   </index>
   <index>
    <name>Name</name>
    <unique>true</unique>
    <field>
     <name>Name</name>
    </field>
   </index>
  </declaration>
 </table>
 <table>
  <name>section</name>
  <declaration>
   <field>
    <name>ID</name>
    <type>integer</type>
    <length>11</length>
    <autoincrement>true</autoincrement>
    <notnull>true</notnull>
   </field>
   <field>
    <name>Name</name>
    <type>text</type>
    <length>255</length>
    <notnull>true</notnull>
   </field>
   <field>
    <name>Description</name>
    <type>text</type>
    <length>255</length>
   </field>
   <index>
    <name>primary</name>
    <primary>true</primary>
    <unique>true</unique>
    <field>
     <name>ID</name>
    </field>
   </index>
   <index>
    <name>Name</name>
    <unique>true</unique>
    <field>
     <name>Name</name>
    </field>
   </index>
  </declaration>
 </table>
 <table>
  <name>sponsorship</name>
  <declaration>
   <field>
    <name>ID</name>
    <type>integer</type>
    <length>11</length>
    <autoincrement>true</autoincrement>
    <notnull>true</notnull>
   </field>
   <field>
    <name>Name</name>
    <type>text</type>
    <length>255</length>
    <notnull>true</notnull>
   </field>
   <field>
    <name>ExhibitionClassPrizeID</name>
    <type>integer</type>
    <length>11</length>
    <notnull>true</notnull>
    <default>0</default>
   </field>
   <field>
    <name>Prize</name>
    <type>text</type>
    <length>50</length>
    <notnull>true</notnull>
   </field>
   <index>
    <name>primary</name>
    <primary>true</primary>
    <unique>true</unique>
    <field>
     <name>ID</name>
    </field>
   </index>
   <index>
    <name>Name</name>
    <unique>true</unique>
    <field>
     <name>Name</name>
    </field>
   </index>
   <index>
    <name>fk_sponsorship_exhibitionclassprize_idx</name>
    <field>
     <name>ExhibitionClassPrizeID</name>
    </field>
   </index>
  </declaration>
 </table>
 <table>
  <name>trophy</name>
  <declaration>
   <field>
    <name>ID</name>
    <type>integer</type>
    <length>11</length>
    <autoincrement>true</autoincrement>
    <notnull>true</notnull>
   </field>
   <field>
    <name>ExhibitionID</name>
    <type>integer</type>
    <length>11</length>
    <notnull>true</notnull>
    <default>0</default>
   </field>
   <field>
    <name>Name</name>
    <type>text</type>
    <length>255</length>
    <notnull>true</notnull>
   </field>
   <field>
    <name>Member</name>
    <type>boolean</type>
    <notnull>true</notnull>
    <default>false</default>
   </field>
   <index>
    <name>primary</name>
    <primary>true</primary>
    <unique>true</unique>
    <field>
     <name>ID</name>
    </field>
   </index>
   <index>
    <name>trophy_index01</name>
    <unique>true</unique>
    <field>
     <name>ExhibitionID</name>
    </field>
    <field>
     <name>Name</name>
    </field>
   </index>
   <index>
    <name>Name</name>
    <field>
     <name>Name</name>
    </field>
   </index>
   <index>
    <name>fk_trophy_exhibition_idx</name>
    <field>
     <name>ExhibitionID</name>
    </field>
   </index>
  </declaration>
 </table>
 <table>
  <name>trophyresults</name>
  <declaration>
   <field>
    <name>TrophyID</name>
    <type>integer</type>
    <length>11</length>
    <notnull>true</notnull>
    <default>0</default>
   </field>
   <field>
    <name>ExhibitorID</name>
    <type>integer</type>
    <length>11</length>
    <notnull>true</notnull>
    <default>0</default>
   </field>
   <field>
    <name>Points</name>
    <type>decimal</type>
    <length>32</length>
   </field>
  </declaration>
 </table>
</database>
